case_id,file_name,ajcc_pathologic_stage,days_to_last_follow_up,tss,primary_site,vital_status,days_to_death,age_at_index,days_to_progression,days_to_recurrence,progression_or_recurrence,progression_flag,recurrence_flag,os_censorship,pfs_censorship,os_value,pfs_value,stage_value,dataset_name
TCGA-2F-A9KO,TCGA-2F-A9KO-01A-01-TSA.pkl,Stage IV,734.0,2F,Bladder,Dead,734.0,63,651.0,651.0,Yes,Yes,Yes,0.0,0.0,734.0,651.0,IV,blca
TCGA-2F-A9KP,TCGA-2F-A9KP-01A-01-TS1.pkl,Stage IV,364.0,2F,Bladder,Dead,364.0,66,343.0,,Yes,Yes,No,0.0,0.0,364.0,343.0,IV,blca
TCGA-2F-A9KQ,TCGA-2F-A9KQ-01A-01-TSA.pkl,Stage III,2886.0,2F,Bladder,Alive,,69,,,No,No,No,1.0,1.0,2886.0,2886.0,III,blca
TCGA-2F-A9KR,TCGA-2F-A9KR-01A-01-TSA.pkl,Stage III,3183.0,2F,Bladder,Dead,3183.0,59,3086.0,,Yes,Yes,No,0.0,0.0,3183.0,3086.0,III,blca
TCGA-2F-A9KT,TCGA-2F-A9KT-01A-01-TSA.pkl,Stage II,2352.0,2F,Bladder,Alive,,83,,,No,No,No,1.0,1.0,2352.0,2352.0,II,blca
TCGA-2F-A9KW,TCGA-2F-A9KW-01A-01-TS1.pkl,Stage III,254.0,2F,Bladder,Dead,254.0,67,85.0,,Yes,Yes,No,0.0,0.0,254.0,85.0,III,blca
TCGA-4Z-AA7M,TCGA-4Z-AA7M-01A-01-TS1.pkl,Stage III,495.0,4Z,Bladder,Alive,,65,,,No,No,No,1.0,1.0,495.0,495.0,III,blca
TCGA-4Z-AA7N,TCGA-4Z-AA7N-01A-01-TS1.pkl,Stage III,1367.0,4Z,Bladder,Dead,1367.0,65,,,No,No,No,0.0,1.0,1367.0,1367.0,III,blca
TCGA-4Z-AA7O,TCGA-4Z-AA7O-01A-03-TS3.pkl,Stage II,512.0,4Z,Bladder,Alive,,64,,,No,No,No,1.0,1.0,512.0,512.0,II,blca
TCGA-4Z-AA7Q,TCGA-4Z-AA7Q-01A-01-TS1.pkl,Stage III,510.0,4Z,Bladder,Dead,510.0,79,,,No,No,No,0.0,1.0,510.0,510.0,III,blca
TCGA-4Z-AA7R,TCGA-4Z-AA7R-01A-01-TS1.pkl,Stage IV,522.0,4Z,Bladder,Dead,522.0,73,,353.0,Yes,No,Yes,0.0,1.0,522.0,522.0,IV,blca
TCGA-4Z-AA7S,TCGA-4Z-AA7S-01A-01-TS1.pkl,Stage III,1064.0,4Z,Bladder,Dead,1064.0,66,,,No,No,No,0.0,1.0,1064.0,1064.0,III,blca
TCGA-4Z-AA7W,TCGA-4Z-AA7W-01A-01-TS1.pkl,Stage II,840.0,4Z,Bladder,Alive,,55,,760.0,Yes,No,Yes,1.0,1.0,840.0,840.0,II,blca
TCGA-4Z-AA7Y,TCGA-4Z-AA7Y-01A-01-TS1.pkl,Stage II,1522.0,4Z,Bladder,Alive,,60,,,No,No,No,1.0,1.0,1522.0,1522.0,II,blca
TCGA-4Z-AA80,TCGA-4Z-AA80-01A-01-TS1.pkl,Stage II,19.0,4Z,Bladder,Dead,19.0,73,,,No,No,No,0.0,1.0,19.0,19.0,II,blca
TCGA-4Z-AA81,TCGA-4Z-AA81-01A-01-TS1.pkl,Stage II,1270.0,4Z,Bladder,Dead,1270.0,80,,,No,No,No,0.0,1.0,1270.0,1270.0,II,blca
TCGA-4Z-AA82,TCGA-4Z-AA82-01A-01-TS1.pkl,Stage IV,1556.0,4Z,Bladder,Dead,1556.0,59,1150.0,,Yes,Yes,No,0.0,0.0,1556.0,1150.0,IV,blca
TCGA-4Z-AA83,TCGA-4Z-AA83-01A-01-TS1.pkl,Stage II,2024.0,4Z,Bladder,Alive,,52,,,No,No,No,1.0,1.0,2024.0,2024.0,II,blca
TCGA-4Z-AA84,TCGA-4Z-AA84-01A-01-TS1.pkl,Stage IV,460.0,4Z,Bladder,Alive,,61,,,No,No,No,1.0,1.0,460.0,460.0,IV,blca
TCGA-4Z-AA86,TCGA-4Z-AA86-01A-01-TS1.pkl,Stage IV,311.0,4Z,Bladder,Dead,311.0,66,,136.0,Yes,No,Yes,0.0,1.0,311.0,311.0,IV,blca
TCGA-4Z-AA87,TCGA-4Z-AA87-01A-01-TS1.pkl,Stage III,1454.0,4Z,Bladder,Alive,,72,221.0,,Yes,Yes,No,1.0,0.0,1454.0,221.0,III,blca
TCGA-4Z-AA89,TCGA-4Z-AA89-01A-01-TS1.pkl,Stage IV,1029.0,4Z,Bladder,Alive,,60,885.0,,Yes,Yes,No,1.0,0.0,1029.0,885.0,IV,blca
TCGA-5N-A9KI,TCGA-5N-A9KI-01A-03-TS3.pkl,Stage III,76.0,5N,Bladder,Dead,76.0,76,,,No,No,No,0.0,1.0,76.0,76.0,III,blca
TCGA-BL-A13I,TCGA-BL-A13I-01B-04-BS4.pkl,Stage III,223.0,BL,Bladder,Dead,223.0,57,216.0,,Yes,Yes,No,0.0,0.0,223.0,216.0,III,blca
TCGA-BL-A13J,TCGA-BL-A13J-01A-01-BS1.pkl,Stage IV,81.0,BL,Bladder,Dead,81.0,65,,,No,No,No,0.0,1.0,81.0,81.0,IV,blca
TCGA-BL-A3JM,TCGA-BL-A3JM-01A-01-TSA.pkl,Stage III,205.0,BL,Bladder,Dead,205.0,62,111.0,,Yes,Yes,No,0.0,0.0,205.0,111.0,III,blca
TCGA-BL-A5ZZ,TCGA-BL-A5ZZ-01A-03-TS3.pkl,Stage III,377.0,BL,Bladder,Alive,,80,242.0,,Yes,Yes,No,1.0,0.0,377.0,242.0,III,blca
TCGA-BT-A0S7,TCGA-BT-A0S7-01A-01-TSA.pkl,Stage III,200.0,BT,Bladder,Dead,200.0,75,,,No,No,No,0.0,1.0,200.0,200.0,III,blca
TCGA-BT-A0YX,TCGA-BT-A0YX-01A-01-TSA.pkl,Stage III,400.0,BT,Bladder,Dead,400.0,70,326.0,,Yes,Yes,No,0.0,0.0,400.0,326.0,III,blca
TCGA-BT-A20J,TCGA-BT-A20J-01A-01-TSA.pkl,Stage II,579.0,BT,Bladder,Dead,579.0,75,254.0,,Yes,Yes,No,0.0,0.0,579.0,254.0,II,blca
TCGA-BT-A20N,TCGA-BT-A20N-01A-01-TSA.pkl,Stage III,795.0,BT,Bladder,Dead,795.0,72,,,No,No,No,0.0,1.0,795.0,795.0,III,blca
TCGA-BT-A20O,TCGA-BT-A20O-01A-02-TSB.pkl,Stage III,370.0,BT,Bladder,Dead,370.0,75,,315.0,Yes,No,Yes,0.0,1.0,370.0,370.0,III,blca
TCGA-BT-A20P,TCGA-BT-A20P-01A-01-TSA.pkl,Stage III,544.0,BT,Bladder,Dead,544.0,81,,,No,No,No,0.0,1.0,544.0,544.0,III,blca
TCGA-BT-A20R,TCGA-BT-A20R-01A-01-TSA.pkl,Stage IV,154.0,BT,Bladder,Dead,154.0,79,,,No,No,No,0.0,1.0,154.0,154.0,IV,blca
TCGA-BT-A20T,TCGA-BT-A20T-01A-01-TSA.pkl,Stage IV,453.0,BT,Bladder,Dead,453.0,63,314.0,,Yes,Yes,No,0.0,0.0,453.0,314.0,IV,blca
TCGA-BT-A20U,TCGA-BT-A20U-01A-01-TSA.pkl,Stage III,455.0,BT,Bladder,Dead,455.0,70,,,No,No,No,0.0,1.0,455.0,455.0,III,blca
TCGA-BT-A20V,TCGA-BT-A20V-01A-01-TSA.pkl,Stage IV,154.0,BT,Bladder,Dead,154.0,59,,,No,No,No,0.0,1.0,154.0,154.0,IV,blca
TCGA-BT-A20W,TCGA-BT-A20W-01A-02-TSB.pkl,Stage II,254.0,BT,Bladder,Dead,254.0,71,,,No,No,No,0.0,1.0,254.0,254.0,II,blca
TCGA-BT-A20X,TCGA-BT-A20X-01A-01-TSA.pkl,Stage IV,251.0,BT,Bladder,Dead,251.0,56,,,No,No,No,0.0,1.0,251.0,251.0,IV,blca
TCGA-BT-A2LA,TCGA-BT-A2LA-01A-01-TSA.pkl,Stage III,522.0,BT,Bladder,Alive,,54,,,No,No,No,1.0,1.0,522.0,522.0,III,blca
TCGA-BT-A2LB,TCGA-BT-A2LB-01A-01-TSA.pkl,Stage III,492.0,BT,Bladder,Dead,492.0,73,,,No,No,No,0.0,1.0,492.0,492.0,III,blca
TCGA-BT-A2LD,TCGA-BT-A2LD-01A-01-TSA.pkl,Stage IV,623.0,BT,Bladder,Dead,623.0,78,555.0,,Yes,Yes,No,0.0,0.0,623.0,555.0,IV,blca
TCGA-BT-A3PH,TCGA-BT-A3PH-01A-01-TSA.pkl,Stage IV,142.0,BT,Bladder,Dead,142.0,76,,,No,No,No,0.0,1.0,142.0,142.0,IV,blca
TCGA-BT-A3PJ,TCGA-BT-A3PJ-01A-02-TSB.pkl,Stage III,789.0,BT,Bladder,Alive,,76,,,No,No,No,1.0,1.0,789.0,789.0,III,blca
TCGA-BT-A3PK,TCGA-BT-A3PK-01A-02-TSB.pkl,Stage II,303.0,BT,Bladder,Dead,303.0,80,,,No,No,No,0.0,1.0,303.0,303.0,II,blca
TCGA-BT-A42B,TCGA-BT-A42B-01A-03-TSC.pkl,Stage IV,534.0,BT,Bladder,Dead,534.0,59,,,No,No,No,0.0,1.0,534.0,534.0,IV,blca
TCGA-BT-A42C,TCGA-BT-A42C-01A-01-TSA.pkl,Stage II,873.0,BT,Bladder,Alive,,64,,,No,No,No,1.0,1.0,873.0,873.0,II,blca
TCGA-BT-A42E,TCGA-BT-A42E-01A-01-TSA.pkl,Stage III,1108.0,BT,Bladder,Alive,,74,,,No,No,No,1.0,1.0,1108.0,1108.0,III,blca
TCGA-BT-A42F,TCGA-BT-A42F-01A-01-TS1.pkl,Stage IV,864.0,BT,Bladder,Alive,,64,,,No,No,No,1.0,1.0,864.0,864.0,IV,blca
TCGA-C4-A0EZ,TCGA-C4-A0EZ-01A-02-BS2.pkl,Stage IV,273.0,C4,Bladder,Dead,273.0,68,,,No,No,No,0.0,1.0,273.0,273.0,IV,blca
TCGA-C4-A0F0,TCGA-C4-A0F0-01A-01-MS1.pkl,Stage II,59.0,C4,Bladder,Alive,,60,,,No,No,No,1.0,1.0,59.0,59.0,II,blca
TCGA-C4-A0F1,TCGA-C4-A0F1-01A-01-BS1.pkl,Stage III,89.0,C4,Bladder,Alive,,71,,,No,No,No,1.0,1.0,89.0,89.0,III,blca
TCGA-C4-A0F6,TCGA-C4-A0F6-01A-01-TS1.pkl,Stage III,700.0,C4,Bladder,Alive,,82,,,No,No,No,1.0,1.0,700.0,700.0,III,blca
TCGA-C4-A0F7,TCGA-C4-A0F7-01A-01-BS1.pkl,Stage IV,62.0,C4,Bladder,Dead,62.0,77,,,No,No,No,0.0,1.0,62.0,62.0,IV,blca
TCGA-CF-A1HR,TCGA-CF-A1HR-01A-01-TS1.pkl,Stage III,389.0,CF,Bladder,Alive,,62,294.0,,Yes,Yes,No,1.0,0.0,389.0,294.0,III,blca
TCGA-CF-A1HS,TCGA-CF-A1HS-01A-01-TSA.pkl,Stage III,382.0,CF,Bladder,Alive,,75,133.0,,Yes,Yes,No,1.0,0.0,382.0,133.0,III,blca
TCGA-CF-A27C,TCGA-CF-A27C-01A-01-TSA.pkl,Stage III,425.0,CF,Bladder,Alive,,52,,,No,No,No,1.0,1.0,425.0,425.0,III,blca
TCGA-CF-A3MF,TCGA-CF-A3MF-01A-01-TSA.pkl,Stage III,383.0,CF,Bladder,Alive,,34,,,No,No,No,1.0,1.0,383.0,383.0,III,blca
TCGA-CF-A3MG,TCGA-CF-A3MG-01A-01-TS1.pkl,Stage II,369.0,CF,Bladder,Alive,,48,,,No,No,No,1.0,1.0,369.0,369.0,II,blca
TCGA-CF-A3MH,TCGA-CF-A3MH-01A-01-TSA.pkl,Stage II,398.0,CF,Bladder,Alive,,75,,,No,No,No,1.0,1.0,398.0,398.0,II,blca
TCGA-CF-A3MI,TCGA-CF-A3MI-01A-01-TSA.pkl,Stage II,370.0,CF,Bladder,Alive,,62,,,No,No,No,1.0,1.0,370.0,370.0,II,blca
TCGA-CF-A47S,TCGA-CF-A47S-01A-01-TSA.pkl,Stage II,333.0,CF,Bladder,Alive,,41,,,No,No,No,1.0,1.0,333.0,333.0,II,blca
TCGA-CF-A47T,TCGA-CF-A47T-01A-01-TSA.pkl,Stage II,385.0,CF,Bladder,Dead,385.0,58,139.0,,Yes,Yes,No,0.0,0.0,385.0,139.0,II,blca
TCGA-CF-A47V,TCGA-CF-A47V-01A-01-TSA.pkl,Stage II,379.0,CF,Bladder,Alive,,52,,,No,No,No,1.0,1.0,379.0,379.0,II,blca
TCGA-CF-A47W,TCGA-CF-A47W-01A-01-TSA.pkl,Stage II,368.0,CF,Bladder,Alive,,42,,,No,No,No,1.0,1.0,368.0,368.0,II,blca
TCGA-CF-A47X,TCGA-CF-A47X-01A-03-TSC.pkl,Stage II,384.0,CF,Bladder,Alive,,60,,,No,No,No,1.0,1.0,384.0,384.0,II,blca
TCGA-CF-A47Y,TCGA-CF-A47Y-01A-01-TSA.pkl,Stage II,373.0,CF,Bladder,Alive,,55,,,No,No,No,1.0,1.0,373.0,373.0,II,blca
TCGA-CF-A5U8,TCGA-CF-A5U8-01A-01-TSA.pkl,Stage II,399.0,CF,Bladder,Alive,,59,,,No,No,No,1.0,1.0,399.0,399.0,II,blca
TCGA-CF-A5UA,TCGA-CF-A5UA-01A-01-TS1.pkl,Stage II,365.0,CF,Bladder,Alive,,67,,,No,No,No,1.0,1.0,365.0,365.0,II,blca
TCGA-CF-A7I0,TCGA-CF-A7I0-01A-02-TS2.pkl,Stage II,368.0,CF,Bladder,Alive,,54,,,No,No,No,1.0,1.0,368.0,368.0,II,blca
TCGA-CF-A8HX,TCGA-CF-A8HX-01A-01-TS1.pkl,Stage II,345.0,CF,Bladder,Alive,,55,,,No,No,No,1.0,1.0,345.0,345.0,II,blca
TCGA-CF-A8HY,TCGA-CF-A8HY-01A-01-TSA.pkl,Stage II,345.0,CF,Bladder,Alive,,59,,,No,No,No,1.0,1.0,345.0,345.0,II,blca
TCGA-CF-A9FF,TCGA-CF-A9FF-01A-01-TSA.pkl,Stage II,361.0,CF,Bladder,Alive,,52,,,No,No,No,1.0,1.0,361.0,361.0,II,blca
TCGA-CF-A9FL,TCGA-CF-A9FL-01A-01-TSA.pkl,Stage III,565.0,CF,Bladder,Dead,565.0,85,,322.0,Yes,No,Yes,0.0,1.0,565.0,565.0,III,blca
TCGA-CF-A9FM,TCGA-CF-A9FM-01A-01-TSA.pkl,Stage I,398.0,CF,Bladder,Alive,,50,,,No,No,No,1.0,1.0,398.0,398.0,I,blca
TCGA-CU-A0YN,TCGA-CU-A0YN-01A-02-TSB.pkl,Stage III,393.0,CU,Bladder,Dead,393.0,60,,,No,No,No,0.0,1.0,393.0,393.0,III,blca
TCGA-CU-A0YO,TCGA-CU-A0YO-01A-01-BS1.pkl,Stage IV,149.0,CU,Bladder,Dead,149.0,84,118.0,,Yes,Yes,No,0.0,0.0,149.0,118.0,IV,blca
TCGA-CU-A0YR,TCGA-CU-A0YR-01A-01-TS1.pkl,Stage IV,460.0,CU,Bladder,Dead,460.0,83,219.0,,Yes,Yes,No,0.0,0.0,460.0,219.0,IV,blca
TCGA-CU-A3KJ,TCGA-CU-A3KJ-01A-01-TSA.pkl,Stage III,562.0,CU,Bladder,Alive,,75,166.0,,Yes,Yes,No,1.0,0.0,562.0,166.0,III,blca
TCGA-CU-A3QU,TCGA-CU-A3QU-01A-01-TSA.pkl,Stage IV,158.0,CU,Bladder,Alive,,58,,,No,No,No,1.0,1.0,158.0,158.0,IV,blca
TCGA-CU-A3YL,TCGA-CU-A3YL-01A-01-TS1.pkl,Stage III,906.0,CU,Bladder,Alive,,67,370.0,,Yes,Yes,No,1.0,0.0,906.0,370.0,III,blca
TCGA-CU-A5W6,TCGA-CU-A5W6-01A-01-TS1.pkl,Stage III,56.0,CU,Bladder,Dead,56.0,70,,,No,No,No,0.0,1.0,56.0,56.0,III,blca
TCGA-CU-A72E,TCGA-CU-A72E-01A-01-TSA.pkl,Stage IV,413.0,CU,Bladder,Dead,413.0,76,,364.0,Yes,No,Yes,0.0,1.0,413.0,413.0,IV,blca
TCGA-DK-A1A3,TCGA-DK-A1A3-01A-01-TSA.pkl,Stage IV,665.0,DK,Bladder,Dead,665.0,60,,,No,No,No,0.0,1.0,665.0,665.0,IV,blca
TCGA-DK-A1A5,TCGA-DK-A1A5-01A-01-TSA.pkl,Stage II,65.0,DK,Bladder,Dead,65.0,79,,,No,No,No,0.0,1.0,65.0,65.0,II,blca
TCGA-DK-A1A6,TCGA-DK-A1A6-01A-01-TSA.pkl,Stage IV,2020.0,DK,Bladder,Alive,,53,,,No,No,No,1.0,1.0,2020.0,2020.0,IV,blca
TCGA-DK-A1A7,TCGA-DK-A1A7-01A-01-TS1.pkl,Stage IV,560.0,DK,Bladder,Alive,,67,112.0,,Yes,Yes,No,1.0,0.0,560.0,112.0,IV,blca
TCGA-DK-A1AA,TCGA-DK-A1AA-01A-01-TSA.pkl,Stage III,578.0,DK,Bladder,Alive,,57,,,No,No,No,1.0,1.0,578.0,578.0,III,blca
TCGA-DK-A1AB,TCGA-DK-A1AB-01A-01-TSA.pkl,Stage IV,508.0,DK,Bladder,Dead,508.0,74,364.0,,Yes,Yes,No,0.0,0.0,508.0,364.0,IV,blca
TCGA-DK-A1AC,TCGA-DK-A1AC-01A-01-TSA.pkl,Stage III,3981.0,DK,Bladder,Alive,,72,,,No,No,No,1.0,1.0,3981.0,3981.0,III,blca
TCGA-DK-A1AD,TCGA-DK-A1AD-01A-01-TSA.pkl,Stage IV,3420.0,DK,Bladder,Alive,,69,,,No,No,No,1.0,1.0,3420.0,3420.0,IV,blca
TCGA-DK-A1AE,TCGA-DK-A1AE-01A-01-TSA.pkl,Stage III,491.0,DK,Bladder,Alive,,84,211.0,,Yes,Yes,No,1.0,0.0,491.0,211.0,III,blca
TCGA-DK-A1AF,TCGA-DK-A1AF-01A-01-TSA.pkl,Stage IV,536.0,DK,Bladder,Alive,,84,283.0,,Yes,Yes,No,1.0,0.0,536.0,283.0,IV,blca
TCGA-DK-A1AG,TCGA-DK-A1AG-01A-01-TSA.pkl,Stage III,475.0,DK,Bladder,Alive,,65,,,No,No,No,1.0,1.0,475.0,475.0,III,blca
TCGA-DK-A2HX,TCGA-DK-A2HX-01A-01-TSA.pkl,Stage IV,1420.0,DK,Bladder,Dead,1420.0,80,,,No,No,No,0.0,1.0,1420.0,1420.0,IV,blca
TCGA-DK-A2I1,TCGA-DK-A2I1-01A-01-TSA.pkl,Stage II,546.0,DK,Bladder,Alive,,73,,,No,No,No,1.0,1.0,546.0,546.0,II,blca
TCGA-DK-A2I2,TCGA-DK-A2I2-01A-01-TS1.pkl,Stage IV,237.0,DK,Bladder,Dead,237.0,63,163.0,,Yes,Yes,No,0.0,0.0,237.0,163.0,IV,blca
TCGA-DK-A2I4,TCGA-DK-A2I4-01A-01-TSA.pkl,Stage III,3835.0,DK,Bladder,Alive,,79,,,No,No,No,1.0,1.0,3835.0,3835.0,III,blca
TCGA-DK-A2I6,TCGA-DK-A2I6-01A-01-TS1.pkl,Stage IV,2656.0,DK,Bladder,Alive,,81,,,No,No,No,1.0,1.0,2656.0,2656.0,IV,blca
TCGA-DK-A3IK,TCGA-DK-A3IK-01A-03-TSC.pkl,Stage IV,146.0,DK,Bladder,Dead,146.0,87,,,No,No,No,0.0,1.0,146.0,146.0,IV,blca
TCGA-DK-A3IL,TCGA-DK-A3IL-01A-01-TSA.pkl,Stage IV,413.0,DK,Bladder,Dead,413.0,79,,,No,No,No,0.0,1.0,413.0,413.0,IV,blca
TCGA-DK-A3IM,TCGA-DK-A3IM-01A-01-TSA.pkl,Stage III,248.0,DK,Bladder,Dead,248.0,76,201.0,,Yes,Yes,No,0.0,0.0,248.0,201.0,III,blca
TCGA-DK-A3IN,TCGA-DK-A3IN-01A-01-TSA.pkl,Stage III,250.0,DK,Bladder,Dead,250.0,72,,,No,No,No,0.0,1.0,250.0,250.0,III,blca
TCGA-DK-A3IQ,TCGA-DK-A3IQ-01A-03-TSC.pkl,Stage III,539.0,DK,Bladder,Dead,539.0,74,250.0,,Yes,Yes,No,0.0,0.0,539.0,250.0,III,blca
TCGA-DK-A3IS,TCGA-DK-A3IS-01A-02-TSB.pkl,Stage II,1529.0,DK,Bladder,Alive,,68,,,No,No,No,1.0,1.0,1529.0,1529.0,II,blca
TCGA-DK-A3IT,TCGA-DK-A3IT-01A-03-TSC.pkl,Stage III,648.0,DK,Bladder,Alive,,62,,,No,No,No,1.0,1.0,648.0,648.0,III,blca
TCGA-DK-A3IU,TCGA-DK-A3IU-01A-01-TSA.pkl,Stage II,706.0,DK,Bladder,Dead,706.0,58,462.0,,Yes,Yes,No,0.0,0.0,706.0,462.0,II,blca
TCGA-DK-A3IV,TCGA-DK-A3IV-01A-02-TSB.pkl,Stage II,294.0,DK,Bladder,Dead,294.0,60,,212.0,Yes,No,Yes,0.0,1.0,294.0,294.0,II,blca
TCGA-DK-A3WW,TCGA-DK-A3WW-01A-02-TSB.pkl,Stage III,633.0,DK,Bladder,Alive,,57,,,No,No,No,1.0,1.0,633.0,633.0,III,blca
TCGA-DK-A3WX,TCGA-DK-A3WX-01A-02-TSB.pkl,Stage III,321.0,DK,Bladder,Dead,321.0,67,244.0,,Yes,Yes,No,0.0,0.0,321.0,244.0,III,blca
TCGA-DK-A3WY,TCGA-DK-A3WY-01A-01-TSA.pkl,Stage III,4967.0,DK,Bladder,Alive,,67,,,No,No,No,1.0,1.0,4967.0,4967.0,III,blca
TCGA-DK-A3X1,TCGA-DK-A3X1-01A-01-TSA.pkl,Stage III,2009.0,DK,Bladder,Alive,,78,,,No,No,No,1.0,1.0,2009.0,2009.0,III,blca
TCGA-DK-A3X2,TCGA-DK-A3X2-01A-01-TSA.pkl,Stage IV,547.0,DK,Bladder,Dead,547.0,85,533.0,,Yes,Yes,No,0.0,0.0,547.0,533.0,IV,blca
TCGA-DK-A6AV,TCGA-DK-A6AV-01A-01-TS1.pkl,Stage II,1952.0,DK,Bladder,Alive,,82,,,No,No,No,1.0,1.0,1952.0,1952.0,II,blca
TCGA-DK-A6AW,TCGA-DK-A6AW-01A-01-TSA.pkl,Stage II,1621.0,DK,Bladder,Alive,,70,,,No,No,No,1.0,1.0,1621.0,1621.0,II,blca
TCGA-DK-A6B0,TCGA-DK-A6B0-01A-01-TSA.pkl,Stage II,2330.0,DK,Bladder,Alive,,61,,,No,No,No,1.0,1.0,2330.0,2330.0,II,blca
TCGA-DK-A6B1,TCGA-DK-A6B1-01A-01-TSA.pkl,Stage II,2049.0,DK,Bladder,Alive,,67,,,No,No,No,1.0,1.0,2049.0,2049.0,II,blca
TCGA-DK-A6B2,TCGA-DK-A6B2-01A-01-TSA.pkl,Stage IV,477.0,DK,Bladder,Alive,,70,268.0,,Yes,Yes,No,1.0,0.0,477.0,268.0,IV,blca
TCGA-DK-A6B5,TCGA-DK-A6B5-01A-01-TSA.pkl,Stage IV,1542.0,DK,Bladder,Alive,,45,,,No,No,No,1.0,1.0,1542.0,1542.0,IV,blca
TCGA-DK-A6B6,TCGA-DK-A6B6-01A-01-TSA.pkl,Stage II,1115.0,DK,Bladder,Alive,,57,,,No,No,No,1.0,1.0,1115.0,1115.0,II,blca
TCGA-DK-AA6L,TCGA-DK-AA6L-01A-01-TSA.pkl,Stage IV,1163.0,DK,Bladder,Dead,1163.0,48,920.0,,Yes,Yes,No,0.0,0.0,1163.0,920.0,IV,blca
TCGA-DK-AA6M,TCGA-DK-AA6M-01A-01-TSA.pkl,Stage II,1582.0,DK,Bladder,Alive,,64,,,No,No,No,1.0,1.0,1582.0,1582.0,II,blca
TCGA-DK-AA6P,TCGA-DK-AA6P-01A-01-TSA.pkl,Stage II,457.0,DK,Bladder,Alive,,72,16.0,,Yes,Yes,No,1.0,0.0,457.0,16.0,II,blca
TCGA-DK-AA6Q,TCGA-DK-AA6Q-01A-01-TS1.pkl,Stage IV,413.0,DK,Bladder,Dead,413.0,61,285.0,,Yes,Yes,No,0.0,0.0,413.0,285.0,IV,blca
TCGA-DK-AA6R,TCGA-DK-AA6R-01A-01-TSA.pkl,Stage IV,5041.0,DK,Bladder,Alive,,68,,,No,No,No,1.0,1.0,5041.0,5041.0,IV,blca
TCGA-DK-AA6S,TCGA-DK-AA6S-01A-02-TSB.pkl,Stage III,5050.0,DK,Bladder,Alive,,60,539.0,,Yes,Yes,No,1.0,0.0,5050.0,539.0,III,blca
TCGA-DK-AA6T,TCGA-DK-AA6T-01A-01-TS1.pkl,Stage II,572.0,DK,Bladder,Alive,,63,,,No,No,No,1.0,1.0,572.0,572.0,II,blca
TCGA-DK-AA6U,TCGA-DK-AA6U-01A-01-TS1.pkl,Stage II,578.0,DK,Bladder,Alive,,64,,,No,No,No,1.0,1.0,578.0,578.0,II,blca
TCGA-DK-AA6W,TCGA-DK-AA6W-01A-01-TS1.pkl,Stage II,415.0,DK,Bladder,Dead,415.0,78,379.0,,Yes,Yes,No,0.0,0.0,415.0,379.0,II,blca
TCGA-DK-AA6X,TCGA-DK-AA6X-01A-01-TS1.pkl,Stage II,467.0,DK,Bladder,Alive,,63,,,No,No,No,1.0,1.0,467.0,467.0,II,blca
TCGA-DK-AA71,TCGA-DK-AA71-01A-03-TSC.pkl,Stage II,415.0,DK,Bladder,Alive,,71,,,No,No,No,1.0,1.0,415.0,415.0,II,blca
TCGA-DK-AA74,TCGA-DK-AA74-01A-01-TSA.pkl,Stage III,1708.0,DK,Bladder,Alive,,75,,,No,No,No,1.0,1.0,1708.0,1708.0,III,blca
TCGA-DK-AA75,TCGA-DK-AA75-01A-01-TSA.pkl,Stage III,340.0,DK,Bladder,Dead,340.0,82,328.0,,Yes,Yes,No,0.0,0.0,340.0,328.0,III,blca
TCGA-DK-AA76,TCGA-DK-AA76-01A-01-TSA.pkl,Stage II,366.0,DK,Bladder,Alive,,64,,,No,No,No,1.0,1.0,366.0,366.0,II,blca
TCGA-DK-AA77,TCGA-DK-AA77-01A-01-TSA.pkl,Stage II,618.0,DK,Bladder,Alive,,61,467.0,,Yes,Yes,No,1.0,0.0,618.0,467.0,II,blca
TCGA-E5-A2PC,TCGA-E5-A2PC-01A-01-TSA.pkl,Stage IV,1326.0,E5,Bladder,Alive,,61,,,No,No,No,1.0,1.0,1326.0,1326.0,IV,blca
TCGA-E5-A4TZ,TCGA-E5-A4TZ-01A-01-TS1.pkl,Stage IV,467.0,E5,Bladder,Dead,467.0,64,,435.0,Yes,No,Yes,0.0,1.0,467.0,467.0,IV,blca
TCGA-E5-A4U1,TCGA-E5-A4U1-01A-01-TS1.pkl,Stage II,1181.0,E5,Bladder,Alive,,72,705.0,,Yes,Yes,No,1.0,0.0,1181.0,705.0,II,blca
TCGA-E7-A3X6,TCGA-E7-A3X6-01A-01-TSA.pkl,Stage II,904.0,E7,Bladder,Dead,904.0,70,369.0,,Yes,Yes,No,0.0,0.0,904.0,369.0,II,blca
TCGA-E7-A3Y1,TCGA-E7-A3Y1-01A-01-TSA.pkl,Stage II,163.0,E7,Bladder,Alive,,57,,,No,No,No,1.0,1.0,163.0,163.0,II,blca
TCGA-E7-A4IJ,TCGA-E7-A4IJ-01A-03-TSC.pkl,Stage II,674.0,E7,Bladder,Dead,674.0,56,620.0,,Yes,Yes,No,0.0,0.0,674.0,620.0,II,blca
TCGA-E7-A4XJ,TCGA-E7-A4XJ-01A-01-TSA.pkl,Stage II,68.0,E7,Bladder,Dead,68.0,66,,,No,No,No,0.0,1.0,68.0,68.0,II,blca
TCGA-E7-A519,TCGA-E7-A519-01A-01-TSA.pkl,Stage II,508.0,E7,Bladder,Alive,,72,,,No,No,No,1.0,1.0,508.0,508.0,II,blca
TCGA-E7-A541,TCGA-E7-A541-01A-01-TSA.pkl,Stage II,778.0,E7,Bladder,Dead,778.0,66,,,No,No,No,0.0,1.0,778.0,778.0,II,blca
TCGA-E7-A5KE,TCGA-E7-A5KE-01A-01-TSA.pkl,Stage II,17.0,E7,Bladder,Alive,,78,,,No,No,No,1.0,1.0,17.0,17.0,II,blca
TCGA-E7-A5KF,TCGA-E7-A5KF-01A-01-TSA.pkl,Stage II,20.0,E7,Bladder,Alive,,67,,,No,No,No,1.0,1.0,20.0,20.0,II,blca
TCGA-E7-A677,TCGA-E7-A677-01A-01-TSA.pkl,Stage II,820.0,E7,Bladder,Alive,,81,,,No,No,No,1.0,1.0,820.0,820.0,II,blca
TCGA-E7-A678,TCGA-E7-A678-01A-01-TSA.pkl,Stage III,798.0,E7,Bladder,Alive,,55,,,No,No,No,1.0,1.0,798.0,798.0,III,blca
TCGA-E7-A6MD,TCGA-E7-A6MD-01A-04-TSD.pkl,Stage IV,129.0,E7,Bladder,Alive,,66,,,No,No,No,1.0,1.0,129.0,129.0,IV,blca
TCGA-E7-A6ME,TCGA-E7-A6ME-01A-02-TSB.pkl,Stage II,731.0,E7,Bladder,Alive,,75,,,No,No,No,1.0,1.0,731.0,731.0,II,blca
TCGA-E7-A6MF,TCGA-E7-A6MF-01A-01-TSA.pkl,Stage II,750.0,E7,Bladder,Alive,,37,,,No,No,No,1.0,1.0,750.0,750.0,II,blca
TCGA-E7-A7DU,TCGA-E7-A7DU-01A-01-TSA.pkl,Stage III,28.0,E7,Bladder,Alive,,73,,,No,No,No,1.0,1.0,28.0,28.0,III,blca
TCGA-E7-A7DV,TCGA-E7-A7DV-01A-01-TSA.pkl,Stage IV,37.0,E7,Bladder,Alive,,44,,,No,No,No,1.0,1.0,37.0,37.0,IV,blca
TCGA-E7-A7PW,TCGA-E7-A7PW-01A-01-TSA.pkl,Stage III,416.0,E7,Bladder,Alive,,63,174.0,,Yes,Yes,No,1.0,0.0,416.0,174.0,III,blca
TCGA-E7-A7XN,TCGA-E7-A7XN-01A-01-TSA.pkl,Stage III,428.0,E7,Bladder,Alive,,66,,190.0,Yes,No,Yes,1.0,1.0,428.0,428.0,III,blca
TCGA-E7-A85H,TCGA-E7-A85H-01A-01-TSA.pkl,Stage III,394.0,E7,Bladder,Alive,,64,,,No,No,No,1.0,1.0,394.0,394.0,III,blca
TCGA-E7-A8O7,TCGA-E7-A8O7-01A-01-TSA.pkl,Stage II,466.0,E7,Bladder,Alive,,52,,,No,No,No,1.0,1.0,466.0,466.0,II,blca
TCGA-E7-A8O8,TCGA-E7-A8O8-01A-01-TSA.pkl,Stage II,13.0,E7,Bladder,Alive,,59,,,No,No,No,1.0,1.0,13.0,13.0,II,blca
TCGA-E7-A97P,TCGA-E7-A97P-01A-01-TSA.pkl,Stage II,437.0,E7,Bladder,Dead,437.0,73,,,No,No,No,0.0,1.0,437.0,437.0,II,blca
TCGA-E7-A97Q,TCGA-E7-A97Q-01A-01-TS1.pkl,Stage IV,246.0,E7,Bladder,Dead,246.0,60,,,No,No,No,0.0,1.0,246.0,246.0,IV,blca
TCGA-FD-A3B3,TCGA-FD-A3B3-01A-01-TSA.pkl,Stage III,974.0,FD,Bladder,Dead,974.0,74,,,No,No,No,0.0,1.0,974.0,974.0,III,blca
TCGA-FD-A3B4,TCGA-FD-A3B4-01A-01-TS1.pkl,Stage III,510.0,FD,Bladder,Dead,510.0,55,,359.0,Yes,No,Yes,0.0,1.0,510.0,510.0,III,blca
TCGA-FD-A3B5,TCGA-FD-A3B5-01A-01-TSA.pkl,Stage IV,272.0,FD,Bladder,Dead,272.0,86,,,No,No,No,0.0,1.0,272.0,272.0,IV,blca
TCGA-FD-A3B6,TCGA-FD-A3B6-01A-02-TSB.pkl,Stage II,1005.0,FD,Bladder,Dead,1005.0,75,,,No,No,No,0.0,1.0,1005.0,1005.0,II,blca
TCGA-FD-A3B7,TCGA-FD-A3B7-01A-03-TSC.pkl,Stage III,122.0,FD,Bladder,Dead,122.0,66,110.0,,Yes,Yes,No,0.0,0.0,122.0,110.0,III,blca
TCGA-FD-A3B8,TCGA-FD-A3B8-01A-03-TSC.pkl,Stage II,384.0,FD,Bladder,Alive,,56,,,No,No,No,1.0,1.0,384.0,384.0,II,blca
TCGA-FD-A3N5,TCGA-FD-A3N5-01A-01-TSA.pkl,Stage II,685.0,FD,Bladder,Dead,685.0,69,,346.0,Yes,No,Yes,0.0,1.0,685.0,685.0,II,blca
TCGA-FD-A3N6,TCGA-FD-A3N6-01A-01-TSA.pkl,Stage II,851.0,FD,Bladder,Alive,,43,,,No,No,No,1.0,1.0,851.0,851.0,II,blca
TCGA-FD-A3NA,TCGA-FD-A3NA-01A-01-TSA.pkl,Stage II,1845.0,FD,Bladder,Alive,,60,,,No,No,No,1.0,1.0,1845.0,1845.0,II,blca
TCGA-FD-A3SJ,TCGA-FD-A3SJ-01A-01-TSA.pkl,Stage IV,739.0,FD,Bladder,Dead,739.0,59,281.0,,Yes,Yes,No,0.0,0.0,739.0,281.0,IV,blca
TCGA-FD-A3SL,TCGA-FD-A3SL-01A-02-TSB.pkl,Stage IV,712.0,FD,Bladder,Dead,712.0,60,260.0,,Yes,Yes,No,0.0,0.0,712.0,260.0,IV,blca
TCGA-FD-A3SM,TCGA-FD-A3SM-01A-01-TSA.pkl,Stage IV,547.0,FD,Bladder,Dead,547.0,70,144.0,,Yes,Yes,No,0.0,0.0,547.0,144.0,IV,blca
TCGA-FD-A3SN,TCGA-FD-A3SN-01A-01-TSA.pkl,Stage III,887.0,FD,Bladder,Alive,,79,110.0,,Yes,Yes,No,1.0,0.0,887.0,110.0,III,blca
TCGA-FD-A3SO,TCGA-FD-A3SO-01A-01-TSA.pkl,Stage IV,168.0,FD,Bladder,Dead,168.0,68,143.0,143.0,Yes,Yes,Yes,0.0,0.0,168.0,143.0,IV,blca
TCGA-FD-A3SP,TCGA-FD-A3SP-01A-03-TSC.pkl,Stage III,783.0,FD,Bladder,Alive,,60,,,No,No,No,1.0,1.0,783.0,783.0,III,blca
TCGA-FD-A3SQ,TCGA-FD-A3SQ-01A-02-TSB.pkl,Stage IV,1423.0,FD,Bladder,Dead,1423.0,62,991.0,1122.0,Yes,Yes,Yes,0.0,0.0,1423.0,991.0,IV,blca
TCGA-FD-A3SR,TCGA-FD-A3SR-01A-01-TS1.pkl,Stage IV,602.0,FD,Bladder,Dead,602.0,68,,372.0,Yes,No,Yes,0.0,1.0,602.0,602.0,IV,blca
TCGA-FD-A3SS,TCGA-FD-A3SS-01A-01-TSA.pkl,Stage IV,391.0,FD,Bladder,Dead,391.0,66,,220.0,Yes,No,Yes,0.0,1.0,391.0,391.0,IV,blca
TCGA-FD-A43N,TCGA-FD-A43N-01A-01-TSA.pkl,Stage III,699.0,FD,Bladder,Alive,,76,,,No,No,No,1.0,1.0,699.0,699.0,III,blca
TCGA-FD-A43P,TCGA-FD-A43P-01A-03-TSC.pkl,Stage II,832.0,FD,Bladder,Alive,,74,,,No,No,No,1.0,1.0,832.0,832.0,II,blca
TCGA-FD-A43S,TCGA-FD-A43S-01A-02-TSB.pkl,Stage III,455.0,FD,Bladder,Alive,,71,,,No,No,No,1.0,1.0,455.0,455.0,III,blca
TCGA-FD-A43U,TCGA-FD-A43U-01A-01-TSA.pkl,Stage IV,636.0,FD,Bladder,Alive,,70,497.0,,Yes,Yes,No,1.0,0.0,636.0,497.0,IV,blca
TCGA-FD-A43X,TCGA-FD-A43X-01A-01-TSA.pkl,Stage II,110.0,FD,Bladder,Alive,,84,,,No,No,No,1.0,1.0,110.0,110.0,II,blca
TCGA-FD-A43Y,TCGA-FD-A43Y-01A-02-TSB.pkl,Stage III,474.0,FD,Bladder,Dead,474.0,65,,,No,No,No,0.0,1.0,474.0,474.0,III,blca
TCGA-FD-A5BR,TCGA-FD-A5BR-01A-01-TSA.pkl,Stage II,813.0,FD,Bladder,Alive,,57,,,No,No,No,1.0,1.0,813.0,813.0,II,blca
TCGA-FD-A5BS,TCGA-FD-A5BS-01A-02-TSB.pkl,Stage III,1639.0,FD,Bladder,Alive,,68,,,No,No,No,1.0,1.0,1639.0,1639.0,III,blca
TCGA-FD-A5BT,TCGA-FD-A5BT-01A-01-TSA.pkl,Stage III,328.0,FD,Bladder,Dead,328.0,84,,,No,No,No,0.0,1.0,328.0,328.0,III,blca
TCGA-FD-A5BU,TCGA-FD-A5BU-01A-03-TSC.pkl,Stage II,588.0,FD,Bladder,Alive,,76,,,No,No,No,1.0,1.0,588.0,588.0,II,blca
TCGA-FD-A5BV,TCGA-FD-A5BV-01A-01-TSA.pkl,Stage III,163.0,FD,Bladder,Dead,163.0,47,,134.0,Yes,No,Yes,0.0,1.0,163.0,163.0,III,blca
TCGA-FD-A5BX,TCGA-FD-A5BX-01A-01-TSA.pkl,Stage IV,173.0,FD,Bladder,Dead,173.0,82,,99.0,Yes,No,Yes,0.0,1.0,173.0,173.0,IV,blca
TCGA-FD-A5BY,TCGA-FD-A5BY-01A-03-TSC.pkl,Stage III,251.0,FD,Bladder,Alive,,63,,,No,No,No,1.0,1.0,251.0,251.0,III,blca
TCGA-FD-A5BZ,TCGA-FD-A5BZ-01A-01-TS1.pkl,Stage IV,835.0,FD,Bladder,Dead,835.0,77,533.0,533.0,Yes,Yes,Yes,0.0,0.0,835.0,533.0,IV,blca
TCGA-FD-A5C0,TCGA-FD-A5C0-01A-01-TSA.pkl,Stage IV,550.0,FD,Bladder,Dead,550.0,61,426.0,,Yes,Yes,No,0.0,0.0,550.0,426.0,IV,blca
TCGA-FD-A5C1,TCGA-FD-A5C1-01A-01-TSA.pkl,Stage III,1792.0,FD,Bladder,Alive,,61,,,No,No,No,1.0,1.0,1792.0,1792.0,III,blca
TCGA-FD-A62N,TCGA-FD-A62N-01A-01-TSA.pkl,Stage III,82.0,FD,Bladder,Alive,,69,,,No,No,No,1.0,1.0,82.0,82.0,III,blca
TCGA-FD-A62O,TCGA-FD-A62O-01A-01-TSA.pkl,Stage IV,216.0,FD,Bladder,Dead,216.0,74,,,No,No,No,0.0,1.0,216.0,216.0,IV,blca
TCGA-FD-A62P,TCGA-FD-A62P-01A-03-TSC.pkl,Stage II,191.0,FD,Bladder,Dead,191.0,76,,,No,No,No,0.0,1.0,191.0,191.0,II,blca
TCGA-FD-A62S,TCGA-FD-A62S-01A-01-TSA.pkl,Stage III,406.0,FD,Bladder,Dead,406.0,60,306.0,,Yes,Yes,No,0.0,0.0,406.0,306.0,III,blca
TCGA-FD-A6TA,TCGA-FD-A6TA-01A-01-TS1.pkl,Stage IV,1912.0,FD,Bladder,Alive,,58,,,No,No,No,1.0,1.0,1912.0,1912.0,IV,blca
TCGA-FD-A6TB,TCGA-FD-A6TB-01A-01-TSA.pkl,Stage III,572.0,FD,Bladder,Alive,,82,,,No,No,No,1.0,1.0,572.0,572.0,III,blca
TCGA-FD-A6TC,TCGA-FD-A6TC-01A-02-TSB.pkl,Stage III,187.0,FD,Bladder,Alive,,79,,,No,No,No,1.0,1.0,187.0,187.0,III,blca
TCGA-FD-A6TD,TCGA-FD-A6TD-01A-05-TSE.pkl,Stage III,386.0,FD,Bladder,Dead,386.0,77,,,No,No,No,0.0,1.0,386.0,386.0,III,blca
TCGA-FD-A6TE,TCGA-FD-A6TE-01A-01-TSA.pkl,Stage IV,376.0,FD,Bladder,Alive,,54,321.0,,Yes,Yes,No,1.0,0.0,376.0,321.0,IV,blca
TCGA-FD-A6TF,TCGA-FD-A6TF-01A-05-TSE.pkl,Stage IV,69.0,FD,Bladder,Dead,69.0,80,,,No,No,No,0.0,1.0,69.0,69.0,IV,blca
TCGA-FD-A6TG,TCGA-FD-A6TG-01A-01-TSA.pkl,Stage IV,93.0,FD,Bladder,Dead,93.0,73,,,No,No,No,0.0,1.0,93.0,93.0,IV,blca
TCGA-FD-A6TH,TCGA-FD-A6TH-01A-01-TSA.pkl,Stage IV,131.0,FD,Bladder,Dead,131.0,63,126.0,,Yes,Yes,No,0.0,0.0,131.0,126.0,IV,blca
TCGA-FD-A6TI,TCGA-FD-A6TI-01A-01-TSA.pkl,Stage IV,294.0,FD,Bladder,Dead,294.0,73,,,No,No,No,0.0,1.0,294.0,294.0,IV,blca
TCGA-FD-A6TK,TCGA-FD-A6TK-01A-04-TSD.pkl,Stage III,330.0,FD,Bladder,Alive,,60,,,No,No,No,1.0,1.0,330.0,330.0,III,blca
TCGA-FJ-A3Z7,TCGA-FJ-A3Z7-01A-01-TSA.pkl,Stage IV,945.0,FJ,Bladder,Alive,,76,,,No,No,No,1.0,1.0,945.0,945.0,IV,blca
TCGA-FJ-A3ZE,TCGA-FJ-A3ZE-01A-01-TSA.pkl,Stage IV,324.0,FJ,Bladder,Dead,324.0,65,152.0,,Yes,Yes,No,0.0,0.0,324.0,152.0,IV,blca
TCGA-FJ-A3ZF,TCGA-FJ-A3ZF-01A-01-TSA.pkl,Stage III,524.0,FJ,Bladder,Alive,,73,,,No,No,No,1.0,1.0,524.0,524.0,III,blca
TCGA-FJ-A871,TCGA-FJ-A871-01A-01-TS1.pkl,Stage III,272.0,FJ,Bladder,Dead,272.0,49,,106.0,Yes,No,Yes,0.0,1.0,272.0,272.0,III,blca
TCGA-FT-A3EE,TCGA-FT-A3EE-01A-01-TS1.pkl,Stage III,99.0,FT,Bladder,Dead,99.0,80,,,No,No,No,0.0,1.0,99.0,99.0,III,blca
TCGA-FT-A61P,TCGA-FT-A61P-01A-01-TSA.pkl,Stage IV,337.0,FT,Bladder,Alive,,76,,,No,No,No,1.0,1.0,337.0,337.0,IV,blca
TCGA-G2-A2EC,TCGA-G2-A2EC-01A-01-TSA.pkl,Stage II,696.0,G2,Bladder,Dead,696.0,58,679.0,,Yes,Yes,No,0.0,0.0,696.0,679.0,II,blca
TCGA-G2-A2EF,TCGA-G2-A2EF-01A-01-TSA.pkl,Stage II,1884.0,G2,Bladder,Alive,,50,,,No,No,No,1.0,1.0,1884.0,1884.0,II,blca
TCGA-G2-A2EJ,TCGA-G2-A2EJ-01A-01-TSA.pkl,Stage II,1460.0,G2,Bladder,Alive,,56,910.0,,Yes,Yes,No,1.0,0.0,1460.0,910.0,II,blca
TCGA-G2-A2EK,TCGA-G2-A2EK-01A-02-TSB.pkl,Stage II,485.0,G2,Bladder,Alive,,57,485.0,,Yes,Yes,No,1.0,0.0,485.0,485.0,II,blca
TCGA-G2-A2EL,TCGA-G2-A2EL-01A-01-TSA.pkl,Stage II,819.0,G2,Bladder,Dead,819.0,77,105.0,,Yes,Yes,No,0.0,0.0,819.0,105.0,II,blca
TCGA-G2-A2EO,TCGA-G2-A2EO-01A-01-TSA.pkl,Stage III,1804.0,G2,Bladder,Dead,1804.0,69,,,No,No,No,0.0,1.0,1804.0,1804.0,III,blca
TCGA-G2-A2ES,TCGA-G2-A2ES-01A-01-TSA.pkl,Stage II,1004.0,G2,Bladder,Dead,1004.0,85,,,No,No,No,0.0,1.0,1004.0,1004.0,II,blca
TCGA-G2-A3IB,TCGA-G2-A3IB-01A-01-TSA.pkl,Stage II,220.0,G2,Bladder,Dead,220.0,66,,,No,No,No,0.0,1.0,220.0,220.0,II,blca
TCGA-G2-A3IE,TCGA-G2-A3IE-01A-01-TSA.pkl,Stage II,612.0,G2,Bladder,Dead,612.0,51,,,No,No,No,0.0,1.0,612.0,612.0,II,blca
TCGA-G2-A3VY,TCGA-G2-A3VY-01A-01-TS1.pkl,Stage II,536.0,G2,Bladder,Alive,,66,,,No,No,No,1.0,1.0,536.0,536.0,II,blca
TCGA-G2-AA3B,TCGA-G2-AA3B-01A-01-TS1.pkl,Stage II,2008.0,G2,Bladder,Alive,,75,,,No,No,No,1.0,1.0,2008.0,2008.0,II,blca
TCGA-G2-AA3C,TCGA-G2-AA3C-01A-02-TSB.pkl,Stage IV,211.0,G2,Bladder,Dead,211.0,66,,,No,No,No,0.0,1.0,211.0,211.0,IV,blca
TCGA-G2-AA3D,TCGA-G2-AA3D-01A-01-TS1.pkl,Stage IV,2139.0,G2,Bladder,Alive,,60,,,No,No,No,1.0,1.0,2139.0,2139.0,IV,blca
TCGA-G2-AA3F,TCGA-G2-AA3F-01A-01-TS1.pkl,Stage IV,893.0,G2,Bladder,Alive,,77,,,No,No,No,1.0,1.0,893.0,893.0,IV,blca
TCGA-GC-A3I6,TCGA-GC-A3I6-01A-01-TSA.pkl,Stage III,630.0,GC,Bladder,Dead,630.0,45,,546.0,Yes,No,Yes,0.0,1.0,630.0,630.0,III,blca
TCGA-GC-A3OO,TCGA-GC-A3OO-01A-01-TS1.pkl,Stage II,481.0,GC,Bladder,Alive,,79,,,No,No,No,1.0,1.0,481.0,481.0,II,blca
TCGA-GC-A3RB,TCGA-GC-A3RB-01A-01-TS1.pkl,Stage III,582.0,GC,Bladder,Alive,,54,,,No,No,No,1.0,1.0,582.0,582.0,III,blca
TCGA-GC-A3RC,TCGA-GC-A3RC-01A-01-TS1.pkl,Stage II,484.0,GC,Bladder,Alive,,59,,,No,No,No,1.0,1.0,484.0,484.0,II,blca
TCGA-GC-A3RD,TCGA-GC-A3RD-01A-01-TS1.pkl,Stage III,428.0,GC,Bladder,Alive,,83,,,No,No,No,1.0,1.0,428.0,428.0,III,blca
TCGA-GC-A3WC,TCGA-GC-A3WC-01A-03-TSC.pkl,Stage III,540.0,GC,Bladder,Alive,,80,,,No,No,No,1.0,1.0,540.0,540.0,III,blca
TCGA-GC-A3YS,TCGA-GC-A3YS-01A-01-TSA.pkl,Stage IV,758.0,GC,Bladder,Alive,,61,,,No,No,No,1.0,1.0,758.0,758.0,IV,blca
TCGA-GC-A4ZW,TCGA-GC-A4ZW-01A-01-TS1.pkl,Stage III,15.0,GC,Bladder,Alive,,71,,,No,No,No,1.0,1.0,15.0,15.0,III,blca
TCGA-GC-A6I1,TCGA-GC-A6I1-01A-01-TS1.pkl,Stage II,0.0,GC,Bladder,Dead,0.0,89,,,No,No,No,0.0,1.0,0.0,0.0,II,blca
TCGA-GC-A6I3,TCGA-GC-A6I3-01A-01-TS1.pkl,Stage IV,0.0,GC,Bladder,Alive,,89,,,No,No,No,1.0,1.0,0.0,0.0,IV,blca
TCGA-GD-A2C5,TCGA-GD-A2C5-01A-01-TS1.pkl,Stage IV,812.0,GD,Bladder,Alive,,53,214.0,,Yes,Yes,No,1.0,0.0,812.0,214.0,IV,blca
TCGA-GD-A3OP,TCGA-GD-A3OP-01A-02-TS2.pkl,Stage IV,64.0,GD,Bladder,Alive,,84,,,No,No,No,1.0,1.0,64.0,64.0,IV,blca
TCGA-GD-A3OQ,TCGA-GD-A3OQ-01A-03-TS3.pkl,Stage IV,95.0,GD,Bladder,Alive,,48,,,No,No,No,1.0,1.0,95.0,95.0,IV,blca
TCGA-GD-A3OS,TCGA-GD-A3OS-01A-01-TS1.pkl,Stage II,638.0,GD,Bladder,Alive,,54,475.0,,Yes,Yes,No,1.0,0.0,638.0,475.0,II,blca
TCGA-GD-A6C6,TCGA-GD-A6C6-01A-02-TS2.pkl,Stage III,67.0,GD,Bladder,Alive,,64,,,No,No,No,1.0,1.0,67.0,67.0,III,blca
TCGA-GU-A42P,TCGA-GU-A42P-01A-01-TS1.pkl,Stage IV,332.0,GU,Bladder,Dead,332.0,72,,,No,No,No,0.0,1.0,332.0,332.0,IV,blca
TCGA-GU-A42R,TCGA-GU-A42R-01A-01-TSA.pkl,Stage IV,577.0,GU,Bladder,Dead,577.0,68,91.0,,Yes,Yes,No,0.0,0.0,577.0,91.0,IV,blca
TCGA-GU-A762,TCGA-GU-A762-01A-01-TSA.pkl,Stage IV,232.0,GU,Bladder,Dead,232.0,87,,,No,No,No,0.0,1.0,232.0,232.0,IV,blca
TCGA-GU-A763,TCGA-GU-A763-01A-01-TS1.pkl,Stage III,997.0,GU,Bladder,Alive,,72,303.0,,Yes,Yes,No,1.0,0.0,997.0,303.0,III,blca
TCGA-GU-A764,TCGA-GU-A764-01A-01-TSA.pkl,Stage II,610.0,GU,Bladder,Alive,,66,,,No,No,No,1.0,1.0,610.0,610.0,II,blca
TCGA-GU-A766,TCGA-GU-A766-01A-01-TSA.pkl,Stage II,480.0,GU,Bladder,Alive,,62,,,No,No,No,1.0,1.0,480.0,480.0,II,blca
TCGA-GU-A767,TCGA-GU-A767-01A-01-TS1.pkl,Stage IV,144.0,GU,Bladder,Dead,144.0,81,,,No,No,No,0.0,1.0,144.0,144.0,IV,blca
TCGA-GU-AATO,TCGA-GU-AATO-01A-01-TSA.pkl,Stage IV,324.0,GU,Bladder,Dead,324.0,75,,,No,No,No,0.0,1.0,324.0,324.0,IV,blca
TCGA-GU-AATP,TCGA-GU-AATP-01A-01-TS1.pkl,Stage IV,1003.0,GU,Bladder,Alive,,74,,861.0,Yes,No,Yes,1.0,1.0,1003.0,1003.0,IV,blca
TCGA-GU-AATQ,TCGA-GU-AATQ-01A-01-TSA.pkl,Stage III,213.0,GU,Bladder,Dead,213.0,68,,,No,No,No,0.0,1.0,213.0,213.0,III,blca
TCGA-GV-A3JV,TCGA-GV-A3JV-01A-01-TSA.pkl,Stage IV,434.0,GV,Bladder,Dead,434.0,66,,134.0,Yes,No,Yes,0.0,1.0,434.0,434.0,IV,blca
TCGA-GV-A3JW,TCGA-GV-A3JW-01A-01-TSA.pkl,Stage II,649.0,GV,Bladder,Alive,,74,271.0,,Yes,Yes,No,1.0,0.0,649.0,271.0,II,blca
TCGA-GV-A3JX,TCGA-GV-A3JX-01A-01-TS1.pkl,Stage III,581.0,GV,Bladder,Alive,,59,,,No,No,No,1.0,1.0,581.0,581.0,III,blca
TCGA-GV-A3JZ,TCGA-GV-A3JZ-01A-01-TSA.pkl,Stage IV,603.0,GV,Bladder,Alive,,55,,,No,No,No,1.0,1.0,603.0,603.0,IV,blca
TCGA-GV-A3QF,TCGA-GV-A3QF-01A-03-TS3.pkl,Stage IV,617.0,GV,Bladder,Dead,617.0,79,,,No,No,No,0.0,1.0,617.0,617.0,IV,blca
TCGA-GV-A3QH,TCGA-GV-A3QH-01A-01-TSA.pkl,Stage II,258.0,GV,Bladder,Dead,258.0,67,,125.0,Yes,No,Yes,0.0,1.0,258.0,258.0,II,blca
TCGA-GV-A3QI,TCGA-GV-A3QI-01A-01-TSA.pkl,Stage III,1110.0,GV,Bladder,Alive,,47,768.0,,Yes,Yes,No,1.0,0.0,1110.0,768.0,III,blca
TCGA-GV-A3QK,TCGA-GV-A3QK-01B-01-TS1.pkl,Stage IV,832.0,GV,Bladder,Alive,,56,,,No,No,No,1.0,1.0,832.0,832.0,IV,blca
TCGA-GV-A40E,TCGA-GV-A40E-01A-01-TS1.pkl,Stage II,261.0,GV,Bladder,Dead,261.0,75,219.0,,Yes,Yes,No,0.0,0.0,261.0,219.0,II,blca
TCGA-GV-A40G,TCGA-GV-A40G-01A-01-TS1.pkl,Stage II,580.0,GV,Bladder,Alive,,77,,,No,No,No,1.0,1.0,580.0,580.0,II,blca
TCGA-GV-A6ZA,TCGA-GV-A6ZA-01A-01-TS1.pkl,Stage II,691.0,GV,Bladder,Alive,,54,,,No,No,No,1.0,1.0,691.0,691.0,II,blca
TCGA-H4-A2HO,TCGA-H4-A2HO-01A-01-TSA.pkl,Stage III,46.0,H4,Bladder,Alive,,53,,,No,No,No,1.0,1.0,46.0,46.0,III,blca
TCGA-H4-A2HQ,TCGA-H4-A2HQ-01A-01-TSA.pkl,Stage IV,590.0,H4,Bladder,Alive,,64,318.0,,Yes,Yes,No,1.0,0.0,590.0,318.0,IV,blca
TCGA-HQ-A2OF,TCGA-HQ-A2OF-01A-01-TSA.pkl,Stage III,1947.0,HQ,Bladder,Alive,,52,,907.0,Yes,No,Yes,1.0,1.0,1947.0,1947.0,III,blca
TCGA-HQ-A5ND,TCGA-HQ-A5ND-01A-01-TS1.pkl,Stage IV,274.0,HQ,Bladder,Dead,274.0,78,84.0,,Yes,Yes,No,0.0,0.0,274.0,84.0,IV,blca
TCGA-HQ-A5NE,TCGA-HQ-A5NE-01A-01-TS1.pkl,Stage III,370.0,HQ,Bladder,Dead,370.0,56,211.0,211.0,Yes,Yes,Yes,0.0,0.0,370.0,211.0,III,blca
TCGA-K4-A3WS,TCGA-K4-A3WS-01A-01-TSA.pkl,Stage III,761.0,K4,Bladder,Alive,,66,,,No,No,No,1.0,1.0,761.0,761.0,III,blca
TCGA-K4-A3WU,TCGA-K4-A3WU-01B-01-TS1.pkl,Stage III,105.0,K4,Bladder,Alive,,87,,,No,No,No,1.0,1.0,105.0,105.0,III,blca
TCGA-K4-A3WV,TCGA-K4-A3WV-01A-01-TSA.pkl,Stage II,646.0,K4,Bladder,Alive,,77,,,No,No,No,1.0,1.0,646.0,646.0,II,blca
TCGA-K4-A4AB,TCGA-K4-A4AB-01B-01-TSA.pkl,Stage III,84.0,K4,Bladder,Alive,,76,,,No,No,No,1.0,1.0,84.0,84.0,III,blca
TCGA-K4-A4AC,TCGA-K4-A4AC-01A-02-TSB.pkl,Stage II,278.0,K4,Bladder,Dead,278.0,83,170.0,,Yes,Yes,No,0.0,0.0,278.0,170.0,II,blca
TCGA-K4-A54R,TCGA-K4-A54R-01A-01-TS1.pkl,Stage II,842.0,K4,Bladder,Alive,,59,,,No,No,No,1.0,1.0,842.0,842.0,II,blca
TCGA-K4-A5RH,TCGA-K4-A5RH-01A-01-TSA.pkl,Stage III,276.0,K4,Bladder,Alive,,69,196.0,,Yes,Yes,No,1.0,0.0,276.0,196.0,III,blca
TCGA-K4-A5RI,TCGA-K4-A5RI-01A-01-TSA.pkl,Stage III,356.0,K4,Bladder,Dead,356.0,67,,236.0,Yes,No,Yes,0.0,1.0,356.0,356.0,III,blca
TCGA-K4-A5RJ,TCGA-K4-A5RJ-01A-01-TSA.pkl,Stage II,539.0,K4,Bladder,Alive,,75,,,No,No,No,1.0,1.0,539.0,539.0,II,blca
TCGA-K4-A6FZ,TCGA-K4-A6FZ-01A-01-TS1.pkl,Stage III,55.0,K4,Bladder,Alive,,75,,,No,No,No,1.0,1.0,55.0,55.0,III,blca
TCGA-K4-A6MB,TCGA-K4-A6MB-01A-01-TS1.pkl,Stage IV,469.0,K4,Bladder,Alive,,64,,,No,No,No,1.0,1.0,469.0,469.0,IV,blca
TCGA-K4-A83P,TCGA-K4-A83P-01A-01-TSA.pkl,Stage IV,495.0,K4,Bladder,Alive,,77,70.0,,Yes,Yes,No,1.0,0.0,495.0,70.0,IV,blca
TCGA-K4-AAQO,TCGA-K4-AAQO-01A-01-TSA.pkl,Stage III,359.0,K4,Bladder,Alive,,56,,,No,No,No,1.0,1.0,359.0,359.0,III,blca
TCGA-KQ-A41N,TCGA-KQ-A41N-01A-01-TSA.pkl,Stage III,1604.0,KQ,Bladder,Alive,,73,,,No,No,No,1.0,1.0,1604.0,1604.0,III,blca
TCGA-KQ-A41O,TCGA-KQ-A41O-01A-01-TSA.pkl,Stage IV,1538.0,KQ,Bladder,Alive,,84,,,No,No,No,1.0,1.0,1538.0,1538.0,IV,blca
TCGA-KQ-A41P,TCGA-KQ-A41P-01A-01-TSA.pkl,Stage IV,1094.0,KQ,Bladder,Alive,,76,,178.0,Yes,No,Yes,1.0,1.0,1094.0,1094.0,IV,blca
TCGA-KQ-A41Q,TCGA-KQ-A41Q-01A-01-TSA.pkl,Stage III,361.0,KQ,Bladder,Alive,,89,,361.0,Yes,No,Yes,1.0,1.0,361.0,361.0,III,blca
TCGA-KQ-A41R,TCGA-KQ-A41R-01A-02-TSB.pkl,Stage II,1350.0,KQ,Bladder,Alive,,80,,,No,No,No,1.0,1.0,1350.0,1350.0,II,blca
TCGA-KQ-A41S,TCGA-KQ-A41S-01A-01-TSA.pkl,Stage III,35.0,KQ,Bladder,Alive,,87,,,No,No,No,1.0,1.0,35.0,35.0,III,blca
TCGA-LC-A66R,TCGA-LC-A66R-01A-04-TSD.pkl,Stage IV,466.0,LC,Bladder,Alive,,78,,,No,No,No,1.0,1.0,466.0,466.0,IV,blca
TCGA-LT-A5Z6,TCGA-LT-A5Z6-01A-01-TSA.pkl,Stage II,474.0,LT,Bladder,Alive,,56,,,No,No,No,1.0,1.0,474.0,474.0,II,blca
TCGA-LT-A8JT,TCGA-LT-A8JT-01A-01-TSA.pkl,Stage II,641.0,LT,Bladder,Alive,,69,,,No,No,No,1.0,1.0,641.0,641.0,II,blca
TCGA-MV-A51V,TCGA-MV-A51V-01A-01-TSA.pkl,Stage III,410.0,MV,Bladder,Alive,,75,,,No,No,No,1.0,1.0,410.0,410.0,III,blca
TCGA-PQ-A6FI,TCGA-PQ-A6FI-01A-01-TS1.pkl,Stage II,372.0,PQ,Bladder,Alive,,70,,,No,No,No,1.0,1.0,372.0,372.0,II,blca
TCGA-PQ-A6FN,TCGA-PQ-A6FN-01A-01-TS1.pkl,Stage III,507.0,PQ,Bladder,Alive,,78,,,No,No,No,1.0,1.0,507.0,507.0,III,blca
TCGA-R3-A69X,TCGA-R3-A69X-01A-02-TS2.pkl,Stage III,433.0,R3,Bladder,Alive,,70,,,No,No,No,1.0,1.0,433.0,433.0,III,blca
TCGA-S5-A6DX,TCGA-S5-A6DX-01A-01-TSA.pkl,Stage IV,56.0,S5,Bladder,Dead,56.0,83,,,No,No,No,0.0,1.0,56.0,56.0,IV,blca
TCGA-S5-AA26,TCGA-S5-AA26-01A-01-TSA.pkl,Stage III,503.0,S5,Bladder,Alive,,46,,,No,No,No,1.0,1.0,503.0,503.0,III,blca
TCGA-SY-A9G0,TCGA-SY-A9G0-01A-01-TS1.pkl,Stage IV,1008.0,SY,Bladder,Dead,1008.0,82,,,No,No,No,0.0,1.0,1008.0,1008.0,IV,blca
TCGA-SY-A9G5,TCGA-SY-A9G5-01A-01-TS1.pkl,Stage III,1186.0,SY,Bladder,Alive,,66,,,No,No,No,1.0,1.0,1186.0,1186.0,III,blca
TCGA-UY-A78K,TCGA-UY-A78K-01A-01-TSA.pkl,Stage IV,536.0,UY,Bladder,Dead,536.0,60,,,No,No,No,0.0,1.0,536.0,536.0,IV,blca
TCGA-UY-A78M,TCGA-UY-A78M-01A-02-TSB.pkl,Stage IV,690.0,UY,Bladder,Dead,690.0,81,,,No,No,No,0.0,1.0,690.0,690.0,IV,blca
TCGA-UY-A78N,TCGA-UY-A78N-01A-01-TSA.pkl,Stage IV,2641.0,UY,Bladder,Dead,2641.0,79,2472.0,,Yes,Yes,No,0.0,0.0,2641.0,2472.0,IV,blca
TCGA-UY-A78O,TCGA-UY-A78O-01A-01-TSA.pkl,Stage II,2312.0,UY,Bladder,Alive,,74,,,No,No,No,1.0,1.0,2312.0,2312.0,II,blca
TCGA-UY-A78P,TCGA-UY-A78P-01A-01-TS1.pkl,Stage II,2380.0,UY,Bladder,Alive,,78,,,No,No,No,1.0,1.0,2380.0,2380.0,II,blca
TCGA-UY-A8OB,TCGA-UY-A8OB-01A-01-TSA.pkl,Stage IV,2109.0,UY,Bladder,Alive,,63,,,No,No,No,1.0,1.0,2109.0,2109.0,IV,blca
TCGA-UY-A8OC,TCGA-UY-A8OC-01A-01-TS1.pkl,Stage IV,0.0,UY,Bladder,Dead,0.0,89,0.0,,Yes,Yes,No,0.0,0.0,0.0,0.0,IV,blca
TCGA-UY-A8OD,TCGA-UY-A8OD-01A-01-TS1.pkl,Stage II,3432.0,UY,Bladder,Alive,,67,,,No,No,No,1.0,1.0,3432.0,3432.0,II,blca
TCGA-UY-A9PA,TCGA-UY-A9PA-01A-01-TS1.pkl,Stage III,1072.0,UY,Bladder,Alive,,47,,,No,No,No,1.0,1.0,1072.0,1072.0,III,blca
TCGA-UY-A9PB,TCGA-UY-A9PB-01A-01-TS1.pkl,Stage III,899.0,UY,Bladder,Alive,,48,,,No,No,No,1.0,1.0,899.0,899.0,III,blca
TCGA-UY-A9PD,TCGA-UY-A9PD-01A-01-TS1.pkl,Stage III,542.0,UY,Bladder,Alive,,80,,,No,No,No,1.0,1.0,542.0,542.0,III,blca
TCGA-UY-A9PE,TCGA-UY-A9PE-01A-01-TS1.pkl,Stage IV,473.0,UY,Bladder,Alive,,86,473.0,,Yes,Yes,No,1.0,0.0,473.0,473.0,IV,blca
TCGA-UY-A9PF,TCGA-UY-A9PF-01A-01-TS1.pkl,Stage IV,117.0,UY,Bladder,Alive,,77,,,No,No,No,1.0,1.0,117.0,117.0,IV,blca
TCGA-UY-A9PH,TCGA-UY-A9PH-01A-01-TS1.pkl,Stage II,1561.0,UY,Bladder,Alive,,72,,,No,No,No,1.0,1.0,1561.0,1561.0,II,blca
TCGA-XF-A8HB,TCGA-XF-A8HB-01A-01-TSA.pkl,Stage II,1370.0,XF,Bladder,Alive,,50,,,No,No,No,1.0,1.0,1370.0,1370.0,II,blca
TCGA-XF-A8HC,TCGA-XF-A8HC-01A-01-TSA.pkl,Stage IV,200.0,XF,Bladder,Dead,200.0,79,,,No,No,No,0.0,1.0,200.0,200.0,IV,blca
TCGA-XF-A8HD,TCGA-XF-A8HD-01A-01-TSA.pkl,Stage III,2964.0,XF,Bladder,Alive,,77,,,No,No,No,1.0,1.0,2964.0,2964.0,III,blca
TCGA-XF-A8HE,TCGA-XF-A8HE-01A-01-TS1.pkl,Stage III,3817.0,XF,Bladder,Alive,,47,,,No,No,No,1.0,1.0,3817.0,3817.0,III,blca
TCGA-XF-A8HF,TCGA-XF-A8HF-01A-01-TSA.pkl,Stage III,2954.0,XF,Bladder,Dead,2954.0,80,,,No,No,No,0.0,1.0,2954.0,2954.0,III,blca
TCGA-XF-A8HG,TCGA-XF-A8HG-01A-01-TSA.pkl,Stage III,467.0,XF,Bladder,Dead,467.0,69,398.0,,Yes,Yes,No,0.0,0.0,467.0,398.0,III,blca
TCGA-XF-A8HH,TCGA-XF-A8HH-01A-01-TSA.pkl,Stage IV,57.0,XF,Bladder,Dead,57.0,61,,,No,No,No,0.0,1.0,57.0,57.0,IV,blca
TCGA-XF-A8HI,TCGA-XF-A8HI-01A-01-TSA.pkl,Stage IV,544.0,XF,Bladder,Dead,544.0,57,468.0,,Yes,Yes,No,0.0,0.0,544.0,468.0,IV,blca
TCGA-XF-A9SG,TCGA-XF-A9SG-01A-01-TSA.pkl,Stage II,1479.0,XF,Bladder,Alive,,81,,,No,No,No,1.0,1.0,1479.0,1479.0,II,blca
TCGA-XF-A9SH,TCGA-XF-A9SH-01A-01-TSA.pkl,Stage II,1971.0,XF,Bladder,Dead,1971.0,65,,547.0,Yes,No,Yes,0.0,1.0,1971.0,1971.0,II,blca
TCGA-XF-A9SI,TCGA-XF-A9SI-01A-01-TSA.pkl,Stage II,2423.0,XF,Bladder,Alive,,73,,,No,No,No,1.0,1.0,2423.0,2423.0,II,blca
TCGA-XF-A9SJ,TCGA-XF-A9SJ-01A-01-TSA.pkl,Stage IV,98.0,XF,Bladder,Dead,98.0,83,,,No,No,No,0.0,1.0,98.0,98.0,IV,blca
TCGA-XF-A9SK,TCGA-XF-A9SK-01A-01-TS1.pkl,Stage IV,486.0,XF,Bladder,Dead,486.0,65,382.0,,Yes,Yes,No,0.0,0.0,486.0,382.0,IV,blca
TCGA-XF-A9SL,TCGA-XF-A9SL-01A-01-TSA.pkl,Stage IV,2020.0,XF,Bladder,Dead,2020.0,69,,,No,No,No,0.0,1.0,2020.0,2020.0,IV,blca
TCGA-XF-A9SM,TCGA-XF-A9SM-01A-01-TSA.pkl,Stage III,1048.0,XF,Bladder,Alive,,76,,,No,No,No,1.0,1.0,1048.0,1048.0,III,blca
TCGA-XF-A9SP,TCGA-XF-A9SP-01A-01-TSA.pkl,Stage III,454.0,XF,Bladder,Dead,454.0,59,,310.0,Yes,No,Yes,0.0,1.0,454.0,454.0,III,blca
TCGA-XF-A9ST,TCGA-XF-A9ST-01A-01-TSA.pkl,Stage III,128.0,XF,Bladder,Dead,128.0,68,,,No,No,No,0.0,1.0,128.0,128.0,III,blca
TCGA-XF-A9SU,TCGA-XF-A9SU-01A-03-TSC.pkl,Stage IV,182.0,XF,Bladder,Dead,182.0,74,103.0,,Yes,Yes,No,0.0,0.0,182.0,103.0,IV,blca
TCGA-XF-A9SV,TCGA-XF-A9SV-01A-02-TSB.pkl,Stage IV,388.0,XF,Bladder,Dead,388.0,82,237.0,,Yes,Yes,No,0.0,0.0,388.0,237.0,IV,blca
TCGA-XF-A9SW,TCGA-XF-A9SW-01A-01-TSA.pkl,Stage IV,362.0,XF,Bladder,Dead,362.0,85,,,No,No,No,0.0,1.0,362.0,362.0,IV,blca
TCGA-XF-A9SX,TCGA-XF-A9SX-01A-02-TSB.pkl,Stage IV,719.0,XF,Bladder,Dead,719.0,63,475.0,,Yes,Yes,No,0.0,0.0,719.0,475.0,IV,blca
TCGA-XF-A9SY,TCGA-XF-A9SY-01A-02-TSB.pkl,Stage IV,640.0,XF,Bladder,Alive,,60,168.0,,Yes,Yes,No,1.0,0.0,640.0,168.0,IV,blca
TCGA-XF-A9SZ,TCGA-XF-A9SZ-01A-01-TSA.pkl,Stage IV,859.0,XF,Bladder,Dead,859.0,79,854.0,,Yes,Yes,No,0.0,0.0,859.0,854.0,IV,blca
TCGA-XF-A9T0,TCGA-XF-A9T0-01A-01-TSA.pkl,Stage III,799.0,XF,Bladder,Alive,,68,,,No,No,No,1.0,1.0,799.0,799.0,III,blca
TCGA-XF-A9T2,TCGA-XF-A9T2-01A-01-TSA.pkl,Stage III,575.0,XF,Bladder,Dead,575.0,54,,,No,No,No,0.0,1.0,575.0,575.0,III,blca
TCGA-XF-A9T3,TCGA-XF-A9T3-01A-01-TSA.pkl,Stage IV,68.0,XF,Bladder,Alive,,69,,,No,No,No,1.0,1.0,68.0,68.0,IV,blca
TCGA-XF-A9T4,TCGA-XF-A9T4-01A-01-TSA.pkl,Stage IV,495.0,XF,Bladder,Dead,495.0,48,182.0,,Yes,Yes,No,0.0,0.0,495.0,182.0,IV,blca
TCGA-XF-A9T5,TCGA-XF-A9T5-01A-01-TSA.pkl,Stage IV,2027.0,XF,Bladder,Alive,,78,,664.0,Yes,No,Yes,1.0,1.0,2027.0,2027.0,IV,blca
TCGA-XF-A9T6,TCGA-XF-A9T6-01A-01-TSA.pkl,Stage III,64.0,XF,Bladder,Alive,,88,,,No,No,No,1.0,1.0,64.0,64.0,III,blca
TCGA-XF-A9T8,TCGA-XF-A9T8-01A-01-TSA.pkl,Stage III,418.0,XF,Bladder,Dead,418.0,64,,,No,No,No,0.0,1.0,418.0,418.0,III,blca
TCGA-XF-AAME,TCGA-XF-AAME-01A-01-TSA.pkl,Stage II,2828.0,XF,Bladder,Dead,2828.0,64,2663.0,1781.0,Yes,Yes,Yes,0.0,0.0,2828.0,2663.0,II,blca
TCGA-XF-AAMF,TCGA-XF-AAMF-01A-02-TSB.pkl,Stage IV,329.0,XF,Bladder,Dead,329.0,68,157.0,,Yes,Yes,No,0.0,0.0,329.0,157.0,IV,blca
TCGA-XF-AAMG,TCGA-XF-AAMG-01A-01-TSA.pkl,Stage III,3364.0,XF,Bladder,Alive,,49,,,No,No,No,1.0,1.0,3364.0,3364.0,III,blca
TCGA-XF-AAMH,TCGA-XF-AAMH-01A-01-TSA.pkl,Stage IV,344.0,XF,Bladder,Dead,344.0,80,313.0,,Yes,Yes,No,0.0,0.0,344.0,313.0,IV,blca
TCGA-XF-AAMJ,TCGA-XF-AAMJ-01A-01-TSA.pkl,Stage III,1670.0,XF,Bladder,Dead,1670.0,70,,,No,No,No,0.0,1.0,1670.0,1670.0,III,blca
TCGA-XF-AAML,TCGA-XF-AAML-01A-01-TSA.pkl,Stage II,232.0,XF,Bladder,Dead,232.0,75,,,No,No,No,0.0,1.0,232.0,232.0,II,blca
TCGA-XF-AAMQ,TCGA-XF-AAMQ-01A-01-TSA.pkl,Stage II,2177.0,XF,Bladder,Alive,,59,,,No,No,No,1.0,1.0,2177.0,2177.0,II,blca
TCGA-XF-AAMR,TCGA-XF-AAMR-01A-03-TSC.pkl,Stage III,2790.0,XF,Bladder,Alive,,48,,,No,No,No,1.0,1.0,2790.0,2790.0,III,blca
TCGA-XF-AAMT,TCGA-XF-AAMT-01A-01-TSA.pkl,Stage IV,90.0,XF,Bladder,Dead,90.0,75,,,No,No,No,0.0,1.0,90.0,90.0,IV,blca
TCGA-XF-AAMW,TCGA-XF-AAMW-01A-01-TSA.pkl,Stage IV,253.0,XF,Bladder,Dead,253.0,79,,,No,No,No,0.0,1.0,253.0,253.0,IV,blca
TCGA-XF-AAMX,TCGA-XF-AAMX-01A-01-TSA.pkl,Stage III,206.0,XF,Bladder,Dead,206.0,87,,,No,No,No,0.0,1.0,206.0,206.0,III,blca
TCGA-XF-AAMY,TCGA-XF-AAMY-01A-01-TSA.pkl,Stage III,3011.0,XF,Bladder,Alive,,78,637.0,637.0,Yes,Yes,Yes,1.0,0.0,3011.0,637.0,III,blca
TCGA-XF-AAMZ,TCGA-XF-AAMZ-01A-01-TSA.pkl,Stage IV,1348.0,XF,Bladder,Dead,1348.0,81,,1344.0,Yes,No,Yes,0.0,1.0,1348.0,1348.0,IV,blca
TCGA-XF-AAN0,TCGA-XF-AAN0-01A-01-TSA.pkl,Stage IV,1718.0,XF,Bladder,Dead,1718.0,68,,603.0,Yes,No,Yes,0.0,1.0,1718.0,1718.0,IV,blca
TCGA-XF-AAN1,TCGA-XF-AAN1-01A-03-TSC.pkl,Stage III,941.0,XF,Bladder,Dead,941.0,75,,650.0,Yes,No,Yes,0.0,1.0,941.0,941.0,III,blca
TCGA-XF-AAN2,TCGA-XF-AAN2-01A-01-TSA.pkl,Stage II,1869.0,XF,Bladder,Dead,1869.0,73,,,No,No,No,0.0,1.0,1869.0,1869.0,II,blca
TCGA-XF-AAN3,TCGA-XF-AAN3-01A-01-TSA.pkl,Stage IV,2625.0,XF,Bladder,Alive,,76,,,No,No,No,1.0,1.0,2625.0,2625.0,IV,blca
TCGA-XF-AAN4,TCGA-XF-AAN4-01A-01-TSA.pkl,Stage III,823.0,XF,Bladder,Dead,823.0,77,,,No,No,No,0.0,1.0,823.0,823.0,III,blca
TCGA-XF-AAN5,TCGA-XF-AAN5-01A-01-TSA.pkl,Stage III,2293.0,XF,Bladder,Alive,,61,,,No,No,No,1.0,1.0,2293.0,2293.0,III,blca
TCGA-XF-AAN7,TCGA-XF-AAN7-01A-01-TSA.pkl,Stage IV,565.0,XF,Bladder,Dead,565.0,60,,321.0,Yes,No,Yes,0.0,1.0,565.0,565.0,IV,blca
TCGA-XF-AAN8,TCGA-XF-AAN8-01A-01-TSA.pkl,Stage III,118.0,XF,Bladder,Dead,118.0,74,,,No,No,No,0.0,1.0,118.0,118.0,III,blca
TCGA-YC-A89H,TCGA-YC-A89H-01A-01-TS1.pkl,Stage II,573.0,YC,Bladder,Alive,,78,,,No,No,No,1.0,1.0,573.0,573.0,II,blca
TCGA-YC-A8S6,TCGA-YC-A8S6-01A-03-TS3.pkl,Stage II,293.0,YC,Bladder,Alive,,71,,,No,No,No,1.0,1.0,293.0,293.0,II,blca
TCGA-YC-A9TC,TCGA-YC-A9TC-01A-02-TS2.pkl,Stage IV,20.0,YC,Bladder,Dead,20.0,71,,,No,No,No,0.0,1.0,20.0,20.0,IV,blca
TCGA-YF-AA3L,TCGA-YF-AA3L-01A-01-TS1.pkl,Stage II,364.0,YF,Bladder,Alive,,47,,,No,No,No,1.0,1.0,364.0,364.0,II,blca
TCGA-YF-AA3M,TCGA-YF-AA3M-01A-01-TS1.pkl,Stage II,415.0,YF,Bladder,Alive,,57,,381.0,Yes,No,Yes,1.0,1.0,415.0,415.0,II,blca
TCGA-ZF-A9R0,TCGA-ZF-A9R0-01A-01-TSA.pkl,Stage III,680.0,ZF,Bladder,Dead,680.0,82,,559.0,Yes,No,Yes,0.0,1.0,680.0,680.0,III,blca
TCGA-ZF-A9R1,TCGA-ZF-A9R1-01A-01-TS1.pkl,Stage IV,773.0,ZF,Bladder,Alive,,81,758.0,,Yes,Yes,No,1.0,0.0,773.0,758.0,IV,blca
TCGA-ZF-A9R2,TCGA-ZF-A9R2-01A-01-TSA.pkl,Stage II,642.0,ZF,Bladder,Alive,,75,,,No,No,No,1.0,1.0,642.0,642.0,II,blca
TCGA-ZF-A9R3,TCGA-ZF-A9R3-01A-01-TS1.pkl,Stage II,949.0,ZF,Bladder,Dead,949.0,53,917.0,,Yes,Yes,No,0.0,0.0,949.0,917.0,II,blca
TCGA-ZF-A9R4,TCGA-ZF-A9R4-01A-01-TS1.pkl,Stage II,921.0,ZF,Bladder,Alive,,83,,,No,No,No,1.0,1.0,921.0,921.0,II,blca
TCGA-ZF-A9R5,TCGA-ZF-A9R5-01A-01-TS1.pkl,Stage III,1090.0,ZF,Bladder,Alive,,59,,,No,No,No,1.0,1.0,1090.0,1090.0,III,blca
TCGA-ZF-A9R7,TCGA-ZF-A9R7-01A-01-TS1.pkl,Stage II,665.0,ZF,Bladder,Alive,,76,,,No,No,No,1.0,1.0,665.0,665.0,II,blca
TCGA-ZF-A9R9,TCGA-ZF-A9R9-01A-01-TSA.pkl,Stage IV,864.0,ZF,Bladder,Dead,864.0,58,629.0,,Yes,Yes,No,0.0,0.0,864.0,629.0,IV,blca
TCGA-ZF-A9RC,TCGA-ZF-A9RC-01A-01-TS1.pkl,Stage III,2868.0,ZF,Bladder,Alive,,77,,,No,No,No,1.0,1.0,2868.0,2868.0,III,blca
TCGA-ZF-A9RD,TCGA-ZF-A9RD-01A-01-TS1.pkl,Stage IV,408.0,ZF,Bladder,Dead,408.0,75,,,No,No,No,0.0,1.0,408.0,408.0,IV,blca
TCGA-ZF-A9RE,TCGA-ZF-A9RE-01A-01-TS1.pkl,Stage II,106.0,ZF,Bladder,Dead,106.0,78,,,No,No,No,0.0,1.0,106.0,106.0,II,blca
TCGA-ZF-A9RF,TCGA-ZF-A9RF-01A-01-TS1.pkl,Stage II,1949.0,ZF,Bladder,Alive,,74,,1565.0,Yes,No,Yes,1.0,1.0,1949.0,1949.0,II,blca
TCGA-ZF-A9RG,TCGA-ZF-A9RG-01A-02-TSB.pkl,Stage III,1786.0,ZF,Bladder,Alive,,70,440.0,,Yes,Yes,No,1.0,0.0,1786.0,440.0,III,blca
TCGA-ZF-A9RL,TCGA-ZF-A9RL-01A-01-TS1.pkl,Stage II,2703.0,ZF,Bladder,Alive,,61,,1274.0,Yes,No,Yes,1.0,1.0,2703.0,2703.0,II,blca
TCGA-ZF-A9RM,TCGA-ZF-A9RM-01A-01-TSA.pkl,Stage II,1455.0,ZF,Bladder,Alive,,70,,,No,No,No,1.0,1.0,1455.0,1455.0,II,blca
TCGA-ZF-A9RN,TCGA-ZF-A9RN-01A-01-TSA.pkl,Stage III,615.0,ZF,Bladder,Dead,615.0,67,516.0,,Yes,Yes,No,0.0,0.0,615.0,516.0,III,blca
TCGA-ZF-AA4N,TCGA-ZF-AA4N-01A-01-TS1.pkl,Stage II,88.0,ZF,Bladder,Dead,88.0,74,,,No,No,No,0.0,1.0,88.0,88.0,II,blca
TCGA-ZF-AA4R,TCGA-ZF-AA4R-01A-01-TS1.pkl,Stage IV,1036.0,ZF,Bladder,Dead,1036.0,67,,750.0,Yes,No,Yes,0.0,1.0,1036.0,1036.0,IV,blca
TCGA-ZF-AA4T,TCGA-ZF-AA4T-01A-01-TS1.pkl,Stage IV,599.0,ZF,Bladder,Dead,599.0,65,511.0,,Yes,Yes,No,0.0,0.0,599.0,511.0,IV,blca
TCGA-ZF-AA4U,TCGA-ZF-AA4U-01A-01-TS1.pkl,Stage III,262.0,ZF,Bladder,Dead,262.0,70,199.0,,Yes,Yes,No,0.0,0.0,262.0,199.0,III,blca
TCGA-ZF-AA4V,TCGA-ZF-AA4V-01A-01-TSA.pkl,Stage III,1806.0,ZF,Bladder,Alive,,66,,,No,No,No,1.0,1.0,1806.0,1806.0,III,blca
TCGA-ZF-AA4W,TCGA-ZF-AA4W-01A-01-TS1.pkl,Stage III,1830.0,ZF,Bladder,Alive,,56,1679.0,,Yes,Yes,No,1.0,0.0,1830.0,1679.0,III,blca
TCGA-ZF-AA4X,TCGA-ZF-AA4X-01A-01-TS1.pkl,Stage II,2044.0,ZF,Bladder,Alive,,56,,1668.0,Yes,No,Yes,1.0,1.0,2044.0,2044.0,II,blca
TCGA-ZF-AA51,TCGA-ZF-AA51-01A-02-TS2.pkl,Stage II,1714.0,ZF,Bladder,Alive,,69,,,No,No,No,1.0,1.0,1714.0,1714.0,II,blca
TCGA-ZF-AA52,TCGA-ZF-AA52-01A-01-TSA.pkl,Stage III,1077.0,ZF,Bladder,Dead,1077.0,70,,,No,No,No,0.0,1.0,1077.0,1077.0,III,blca
TCGA-ZF-AA53,TCGA-ZF-AA53-01A-01-TS1.pkl,Stage II,1761.0,ZF,Bladder,Alive,,60,,,No,No,No,1.0,1.0,1761.0,1761.0,II,blca
TCGA-ZF-AA54,TCGA-ZF-AA54-01A-01-TS1.pkl,Stage III,590.0,ZF,Bladder,Dead,590.0,71,,,No,No,No,0.0,1.0,590.0,590.0,III,blca
TCGA-ZF-AA56,TCGA-ZF-AA56-01A-03-TS3.pkl,Stage III,259.0,ZF,Bladder,Dead,259.0,79,248.0,,Yes,Yes,No,0.0,0.0,259.0,248.0,III,blca
TCGA-ZF-AA58,TCGA-ZF-AA58-01A-01-TSA.pkl,Stage IV,1649.0,ZF,Bladder,Alive,,61,,,No,No,No,1.0,1.0,1649.0,1649.0,IV,blca
TCGA-ZF-AA5H,TCGA-ZF-AA5H-01A-01-TS1.pkl,Stage IV,897.0,ZF,Bladder,Alive,,60,449.0,,Yes,Yes,No,1.0,0.0,897.0,449.0,IV,blca
TCGA-ZF-AA5N,TCGA-ZF-AA5N-01A-01-TS1.pkl,Stage IV,168.0,ZF,Bladder,Dead,168.0,62,,,No,No,No,0.0,1.0,168.0,168.0,IV,blca
TCGA-ZF-AA5P,TCGA-ZF-AA5P-01A-01-TS1.pkl,Stage IV,372.0,ZF,Bladder,Alive,,65,,,No,No,No,1.0,1.0,372.0,372.0,IV,blca
TCGA-3C-AAAU,TCGA-3C-AAAU-01A-01-TS1.pkl,Stage X,4047.0,3C,Breast,Alive,,55,1808.0,,Yes,Yes,No,1.0,0.0,4047.0,1808.0,X,brca
TCGA-3C-AALI,TCGA-3C-AALI-01A-01-TSA.pkl,Stage IIB,4005.0,3C,Breast,Alive,,50,,,No,No,No,1.0,1.0,4005.0,4005.0,IIB,brca
TCGA-3C-AALJ,TCGA-3C-AALJ-01A-03-TSC.pkl,Stage IIB,1474.0,3C,Breast,Alive,,62,,,No,No,No,1.0,1.0,1474.0,1474.0,IIB,brca
TCGA-3C-AALK,TCGA-3C-AALK-01A-01-TSA.pkl,Stage IA,1448.0,3C,Breast,Alive,,52,,,No,No,No,1.0,1.0,1448.0,1448.0,IA,brca
TCGA-4H-AAAK,TCGA-4H-AAAK-01A-01-TS1.pkl,Stage IIIA,348.0,4H,Breast,Alive,,50,,,No,No,No,1.0,1.0,348.0,348.0,IIIA,brca
TCGA-5L-AAT0,TCGA-5L-AAT0-01A-01-TS1.pkl,Stage IIA,1477.0,5L,Breast,Alive,,42,,,No,No,No,1.0,1.0,1477.0,1477.0,IIA,brca
TCGA-5L-AAT1,TCGA-5L-AAT1-01A-01-TS1.pkl,Stage IV,1471.0,5L,Breast,Alive,,63,,,No,No,No,1.0,1.0,1471.0,1471.0,IV,brca
TCGA-5T-A9QA,TCGA-5T-A9QA-01A-01-TSA.pkl,Stage IIA,303.0,5T,Breast,Alive,,52,,,No,No,No,1.0,1.0,303.0,303.0,IIA,brca
TCGA-A1-A0SB,TCGA-A1-A0SB-01A-01-BS1.pkl,Stage I,259.0,A1,Breast,Alive,,70,,,No,No,No,1.0,1.0,259.0,259.0,I,brca
TCGA-A1-A0SD,TCGA-A1-A0SD-01A-01-BS1.pkl,Stage IIA,437.0,A1,Breast,Alive,,59,,,No,No,No,1.0,1.0,437.0,437.0,IIA,brca
TCGA-A1-A0SE,TCGA-A1-A0SE-01A-01-BS1.pkl,Stage I,1321.0,A1,Breast,Alive,,56,,,No,No,No,1.0,1.0,1321.0,1321.0,I,brca
TCGA-A1-A0SF,TCGA-A1-A0SF-01A-01-TSA.pkl,Stage IIA,1463.0,A1,Breast,Alive,,54,,,No,No,No,1.0,1.0,1463.0,1463.0,IIA,brca
TCGA-A1-A0SG,TCGA-A1-A0SG-01A-01-TS1.pkl,Stage IIB,434.0,A1,Breast,Alive,,61,,,No,No,No,1.0,1.0,434.0,434.0,IIB,brca
TCGA-A1-A0SH,TCGA-A1-A0SH-01A-01-BSA.pkl,Stage IIA,1437.0,A1,Breast,Alive,,39,,,No,No,No,1.0,1.0,1437.0,1437.0,IIA,brca
TCGA-A1-A0SI,TCGA-A1-A0SI-01A-01-BS1.pkl,Stage IIB,635.0,A1,Breast,Alive,,52,,,No,No,No,1.0,1.0,635.0,635.0,IIB,brca
TCGA-A1-A0SJ,TCGA-A1-A0SJ-01A-01-TSA.pkl,Stage IIIA,416.0,A1,Breast,Alive,,39,,,No,No,No,1.0,1.0,416.0,416.0,IIIA,brca
TCGA-A1-A0SK,TCGA-A1-A0SK-01A-01-TSA.pkl,Stage IIA,967.0,A1,Breast,Dead,967.0,54,,,No,No,No,0.0,1.0,967.0,967.0,IIA,brca
TCGA-A1-A0SM,TCGA-A1-A0SM-01A-01-TS1.pkl,Stage IIA,242.0,A1,Breast,Alive,,77,,,No,No,No,1.0,1.0,242.0,242.0,IIA,brca
TCGA-A1-A0SN,TCGA-A1-A0SN-01A-01-BS1.pkl,Stage IIA,1196.0,A1,Breast,Alive,,50,,,No,No,No,1.0,1.0,1196.0,1196.0,IIA,brca
TCGA-A1-A0SO,TCGA-A1-A0SO-01A-02-BSB.pkl,Stage IIB,852.0,A1,Breast,Alive,,67,,,No,No,No,1.0,1.0,852.0,852.0,IIB,brca
TCGA-A1-A0SP,TCGA-A1-A0SP-01A-01-TS1.pkl,Stage IIA,584.0,A1,Breast,Alive,,40,,,No,No,No,1.0,1.0,584.0,584.0,IIA,brca
TCGA-A1-A0SQ,TCGA-A1-A0SQ-01A-02-TSB.pkl,Stage IIB,554.0,A1,Breast,Alive,,45,,,No,No,No,1.0,1.0,554.0,554.0,IIB,brca
TCGA-A2-A04N,TCGA-A2-A04N-01A-01-TSA.pkl,Stage IA,4354.0,A2,Breast,Alive,,66,,,No,No,No,1.0,1.0,4354.0,4354.0,IA,brca
TCGA-A2-A04P,TCGA-A2-A04P-01A-03-TSC.pkl,Stage IIIC,548.0,A2,Breast,Dead,548.0,36,102.0,,Yes,Yes,No,0.0,0.0,548.0,102.0,IIIC,brca
TCGA-A2-A04Q,TCGA-A2-A04Q-01A-02-MSB.pkl,Stage IA,2385.0,A2,Breast,Alive,,48,,,No,No,No,1.0,1.0,2385.0,2385.0,IA,brca
TCGA-A2-A04R,TCGA-A2-A04R-01A-04-BSD.pkl,Stage IA,3709.0,A2,Breast,Alive,,36,,,No,No,No,1.0,1.0,3709.0,3709.0,IA,brca
TCGA-A2-A04T,TCGA-A2-A04T-01A-02-TSB.pkl,Stage IIA,2246.0,A2,Breast,Alive,,62,,,No,No,No,1.0,1.0,2246.0,2246.0,IIA,brca
TCGA-A2-A04U,TCGA-A2-A04U-01A-01-TSA.pkl,Stage IIA,2654.0,A2,Breast,Alive,,47,,,No,No,No,1.0,1.0,2654.0,2654.0,IIA,brca
TCGA-A2-A04W,TCGA-A2-A04W-01A-03-TSC.pkl,Stage IIB,3102.0,A2,Breast,Alive,,50,,,No,No,No,1.0,1.0,3102.0,3102.0,IIB,brca
TCGA-A2-A04X,TCGA-A2-A04X-01A-01-BS1.pkl,Stage IIA,1686.0,A2,Breast,Alive,,34,,,No,No,No,1.0,1.0,1686.0,1686.0,IIA,brca
TCGA-A2-A04Y,TCGA-A2-A04Y-01A-02-MS2.pkl,Stage IIB,1099.0,A2,Breast,Alive,,53,,,No,No,No,1.0,1.0,1099.0,1099.0,IIB,brca
TCGA-A2-A0CK,TCGA-A2-A0CK-01A-01-TSA.pkl,Stage IIIA,4159.0,A2,Breast,Alive,,60,,,No,No,No,1.0,1.0,4159.0,4159.0,IIIA,brca
TCGA-A2-A0CL,TCGA-A2-A0CL-01A-01-BS1.pkl,Stage IIIA,3015.0,A2,Breast,Alive,,37,,,No,No,No,1.0,1.0,3015.0,3015.0,IIIA,brca
TCGA-A2-A0CO,TCGA-A2-A0CO-01A-01-TSA.pkl,Stage IIB,1468.0,A2,Breast,Dead,1468.0,85,,,No,No,No,0.0,1.0,1468.0,1468.0,IIB,brca
TCGA-A2-A0CP,TCGA-A2-A0CP-01A-01-TSA.pkl,Stage IA,2813.0,A2,Breast,Alive,,60,,,No,No,No,1.0,1.0,2813.0,2813.0,IA,brca
TCGA-A2-A0CQ,TCGA-A2-A0CQ-01A-02-BSB.pkl,Stage IA,2695.0,A2,Breast,Alive,,62,,,No,No,No,1.0,1.0,2695.0,2695.0,IA,brca
TCGA-A2-A0CR,TCGA-A2-A0CR-01A-01-BSA.pkl,Stage IIB,3283.0,A2,Breast,Alive,,54,,,No,No,No,1.0,1.0,3283.0,3283.0,IIB,brca
TCGA-A2-A0CS,TCGA-A2-A0CS-01A-01-TSA.pkl,Stage IV,2348.0,A2,Breast,Dead,2348.0,73,,,No,No,No,0.0,1.0,2348.0,2348.0,IV,brca
TCGA-A2-A0CT,TCGA-A2-A0CT-01A-02-BSB.pkl,Stage IIA,2289.0,A2,Breast,Alive,,71,,,No,No,No,1.0,1.0,2289.0,2289.0,IIA,brca
TCGA-A2-A0CU,TCGA-A2-A0CU-01A-01-TS1.pkl,Stage IIA,158.0,A2,Breast,Dead,158.0,73,,,No,No,No,0.0,1.0,158.0,158.0,IIA,brca
TCGA-A2-A0CV,TCGA-A2-A0CV-01A-03-TSC.pkl,Stage IIB,3011.0,A2,Breast,Alive,,41,,,No,No,No,1.0,1.0,3011.0,3011.0,IIB,brca
TCGA-A2-A0CW,TCGA-A2-A0CW-01A-02-TSB.pkl,Stage IIB,3283.0,A2,Breast,Alive,,67,,,No,No,No,1.0,1.0,3283.0,3283.0,IIB,brca
TCGA-A2-A0CX,TCGA-A2-A0CX-01A-02-TSB.pkl,Stage IIA,1728.0,A2,Breast,Alive,,52,,,No,No,No,1.0,1.0,1728.0,1728.0,IIA,brca
TCGA-A2-A0CY,TCGA-A2-A0CY-01A-01-BS1.pkl,Stage IIB,1673.0,A2,Breast,Alive,,63,,,No,No,No,1.0,1.0,1673.0,1673.0,IIB,brca
TCGA-A2-A0CZ,TCGA-A2-A0CZ-01A-01-TS1.pkl,Stage IIA,1616.0,A2,Breast,Alive,,46,,,No,No,No,1.0,1.0,1616.0,1616.0,IIA,brca
TCGA-A2-A0D0,TCGA-A2-A0D0-01A-01-BSA.pkl,Stage IIA,2048.0,A2,Breast,Alive,,60,,,No,No,No,1.0,1.0,2048.0,2048.0,IIA,brca
TCGA-A2-A0D1,TCGA-A2-A0D1-01A-01-TSA.pkl,Stage IIA,1051.0,A2,Breast,Alive,,76,,,No,No,No,1.0,1.0,1051.0,1051.0,IIA,brca
TCGA-A2-A0D2,TCGA-A2-A0D2-01A-02-TSB.pkl,Stage IIA,1027.0,A2,Breast,Alive,,45,,,No,No,No,1.0,1.0,1027.0,1027.0,IIA,brca
TCGA-A2-A0D3,TCGA-A2-A0D3-01A-01-TSA.pkl,Stage IA,1873.0,A2,Breast,Alive,,42,,,No,No,No,1.0,1.0,1873.0,1873.0,IA,brca
TCGA-A2-A0D4,TCGA-A2-A0D4-01A-01-TSA.pkl,Stage IIB,767.0,A2,Breast,Alive,,37,,,No,No,No,1.0,1.0,767.0,767.0,IIB,brca
TCGA-A2-A0EM,TCGA-A2-A0EM-01A-01-TSA.pkl,Stage IA,3094.0,A2,Breast,Alive,,73,,,No,No,No,1.0,1.0,3094.0,3094.0,IA,brca
TCGA-A2-A0EN,TCGA-A2-A0EN-01A-01-TSA.pkl,Stage IIA,4088.0,A2,Breast,Alive,,70,,,No,No,No,1.0,1.0,4088.0,4088.0,IIA,brca
TCGA-A2-A0EO,TCGA-A2-A0EO-01A-01-MSA.pkl,Stage IA,2442.0,A2,Breast,Alive,,54,,,No,No,No,1.0,1.0,2442.0,2442.0,IA,brca
TCGA-A2-A0EP,TCGA-A2-A0EP-01A-05-TSE.pkl,Stage I,3603.0,A2,Breast,Alive,,56,,,No,No,No,1.0,1.0,3603.0,3603.0,I,brca
TCGA-A2-A0EQ,TCGA-A2-A0EQ-01A-01-BSA.pkl,Stage IIA,2426.0,A2,Breast,Alive,,64,,,No,No,No,1.0,1.0,2426.0,2426.0,IIA,brca
TCGA-A2-A0ER,TCGA-A2-A0ER-01A-02-MSB.pkl,Stage IB,2263.0,A2,Breast,Alive,,63,,,No,No,No,1.0,1.0,2263.0,2263.0,IB,brca
TCGA-A2-A0ES,TCGA-A2-A0ES-01A-01-BSA.pkl,Stage IIA,2190.0,A2,Breast,Alive,,52,,,No,No,No,1.0,1.0,2190.0,2190.0,IIA,brca
TCGA-A2-A0ET,TCGA-A2-A0ET-01A-03-TSC.pkl,Stage IIIA,1066.0,A2,Breast,Alive,,58,,,No,No,No,1.0,1.0,1066.0,1066.0,IIIA,brca
TCGA-A2-A0EU,TCGA-A2-A0EU-01A-02-MSB.pkl,Stage IA,1043.0,A2,Breast,Alive,,79,,,No,No,No,1.0,1.0,1043.0,1043.0,IA,brca
TCGA-A2-A0EV,TCGA-A2-A0EV-01A-01-TSA.pkl,Stage IA,968.0,A2,Breast,Alive,,80,,,No,No,No,1.0,1.0,968.0,968.0,IA,brca
TCGA-A2-A0EW,TCGA-A2-A0EW-01A-02-TSB.pkl,Stage IIIC,1884.0,A2,Breast,Dead,1884.0,53,1353.0,,Yes,Yes,No,0.0,0.0,1884.0,1353.0,IIIC,brca
TCGA-A2-A0EX,TCGA-A2-A0EX-01A-02-MSB.pkl,Stage IIB,752.0,A2,Breast,Alive,,46,,,No,No,No,1.0,1.0,752.0,752.0,IIB,brca
TCGA-A2-A0EY,TCGA-A2-A0EY-01A-01-BSA.pkl,Stage IIB,1925.0,A2,Breast,Alive,,62,,,No,No,No,1.0,1.0,1925.0,1925.0,IIB,brca
TCGA-A2-A0ST,TCGA-A2-A0ST-01A-01-BSA.pkl,Stage IIA,3017.0,A2,Breast,Alive,,62,,,No,No,No,1.0,1.0,3017.0,3017.0,IIA,brca
TCGA-A2-A0SU,TCGA-A2-A0SU-01A-01-TSA.pkl,Stage IIA,1662.0,A2,Breast,Alive,,66,,,No,No,No,1.0,1.0,1662.0,1662.0,IIA,brca
TCGA-A2-A0SV,TCGA-A2-A0SV-01A-01-TSA.pkl,Stage IV,825.0,A2,Breast,Dead,825.0,63,,,No,No,No,0.0,1.0,825.0,825.0,IV,brca
TCGA-A2-A0SY,TCGA-A2-A0SY-01A-03-TSC.pkl,Stage IIIA,1347.0,A2,Breast,Alive,,62,,,No,No,No,1.0,1.0,1347.0,1347.0,IIIA,brca
TCGA-A2-A0T0,TCGA-A2-A0T0-01A-02-TSB.pkl,Stage IIB,533.0,A2,Breast,Alive,,59,,,No,No,No,1.0,1.0,533.0,533.0,IIB,brca
TCGA-A2-A0T1,TCGA-A2-A0T1-01A-02-BSB.pkl,Stage IIIC,521.0,A2,Breast,Alive,,55,,,No,No,No,1.0,1.0,521.0,521.0,IIIC,brca
TCGA-A2-A0T2,TCGA-A2-A0T2-01A-01-BSA.pkl,Stage IV,255.0,A2,Breast,Dead,255.0,66,,,No,No,No,0.0,1.0,255.0,255.0,IV,brca
TCGA-A2-A0T3,TCGA-A2-A0T3-01A-02-BSB.pkl,Stage IB,1516.0,A2,Breast,Alive,,37,,,No,No,No,1.0,1.0,1516.0,1516.0,IB,brca
TCGA-A2-A0T4,TCGA-A2-A0T4-01A-03-BSC.pkl,Stage IIA,624.0,A2,Breast,Alive,,62,,,No,No,No,1.0,1.0,624.0,624.0,IIA,brca
TCGA-A2-A0T5,TCGA-A2-A0T5-01A-02-TSB.pkl,Stage IIA,531.0,A2,Breast,Alive,,39,,,No,No,No,1.0,1.0,531.0,531.0,IIA,brca
TCGA-A2-A0T6,TCGA-A2-A0T6-01A-01-BSA.pkl,Stage IIB,575.0,A2,Breast,Alive,,50,,,No,No,No,1.0,1.0,575.0,575.0,IIB,brca
TCGA-A2-A0T7,TCGA-A2-A0T7-01A-02-BSB.pkl,Stage IIA,631.0,A2,Breast,Alive,,51,,,No,No,No,1.0,1.0,631.0,631.0,IIA,brca
TCGA-A2-A0YC,TCGA-A2-A0YC-01A-01-MSA.pkl,Stage IIB,990.0,A2,Breast,Alive,,59,798.0,,Yes,Yes,No,1.0,0.0,990.0,798.0,IIB,brca
TCGA-A2-A0YD,TCGA-A2-A0YD-01A-01-BSA.pkl,Stage IIB,769.0,A2,Breast,Alive,,63,,,No,No,No,1.0,1.0,769.0,769.0,IIB,brca
TCGA-A2-A0YE,TCGA-A2-A0YE-01A-01-BS1.pkl,Stage IIB,554.0,A2,Breast,Alive,,48,,,No,No,No,1.0,1.0,554.0,554.0,IIB,brca
TCGA-A2-A0YF,TCGA-A2-A0YF-01A-02-TSB.pkl,Stage I,1535.0,A2,Breast,Alive,,67,,,No,No,No,1.0,1.0,1535.0,1535.0,I,brca
TCGA-A2-A0YG,TCGA-A2-A0YG-01A-02-BSB.pkl,Stage IIIC,666.0,A2,Breast,Alive,,63,,,No,No,No,1.0,1.0,666.0,666.0,IIIC,brca
TCGA-A2-A0YH,TCGA-A2-A0YH-01A-01-TSA.pkl,Stage IIIA,659.0,A2,Breast,Alive,,53,,,No,No,No,1.0,1.0,659.0,659.0,IIIA,brca
TCGA-A2-A0YI,TCGA-A2-A0YI-01A-03-TSC.pkl,Stage I,1505.0,A2,Breast,Alive,,62,,,No,No,No,1.0,1.0,1505.0,1505.0,I,brca
TCGA-A2-A0YJ,TCGA-A2-A0YJ-01A-01-BSA.pkl,Stage IIIA,566.0,A2,Breast,Alive,,39,559.0,,Yes,Yes,No,1.0,0.0,566.0,559.0,IIIA,brca
TCGA-A2-A0YK,TCGA-A2-A0YK-01A-02-BSB.pkl,Stage IIA,588.0,A2,Breast,Alive,,61,,,No,No,No,1.0,1.0,588.0,588.0,IIA,brca
TCGA-A2-A0YL,TCGA-A2-A0YL-01A-02-BSB.pkl,Stage IIIA,1474.0,A2,Breast,Alive,,48,,,No,No,No,1.0,1.0,1474.0,1474.0,IIIA,brca
TCGA-A2-A0YM,TCGA-A2-A0YM-01A-01-TSA.pkl,Stage IIA,965.0,A2,Breast,Alive,,67,,,No,No,No,1.0,1.0,965.0,965.0,IIA,brca
TCGA-A2-A0YT,TCGA-A2-A0YT-01A-01-BSA.pkl,Stage IIIB,723.0,A2,Breast,Dead,723.0,56,,,No,No,No,0.0,1.0,723.0,723.0,IIIB,brca
TCGA-A2-A1FV,TCGA-A2-A1FV-01A-01-TSA.pkl,Stage IIB,714.0,A2,Breast,Alive,,74,,,No,No,No,1.0,1.0,714.0,714.0,IIB,brca
TCGA-A2-A1FW,TCGA-A2-A1FW-01A-01-TSA.pkl,Stage IIIA,528.0,A2,Breast,Alive,,62,,,No,No,No,1.0,1.0,528.0,528.0,IIIA,brca
TCGA-A2-A1FX,TCGA-A2-A1FX-01A-01-TSA.pkl,Stage IIIA,1847.0,A2,Breast,Alive,,61,,,No,No,No,1.0,1.0,1847.0,1847.0,IIIA,brca
TCGA-A2-A1FZ,TCGA-A2-A1FZ-01A-05-TSE.pkl,Stage IIA,683.0,A2,Breast,Alive,,63,,,No,No,No,1.0,1.0,683.0,683.0,IIA,brca
TCGA-A2-A1G0,TCGA-A2-A1G0-01A-01-TSA.pkl,Stage IIB,616.0,A2,Breast,Alive,,49,,,No,No,No,1.0,1.0,616.0,616.0,IIB,brca
TCGA-A2-A1G1,TCGA-A2-A1G1-01A-02-TSB.pkl,Stage IIB,584.0,A2,Breast,Alive,,85,,,No,No,No,1.0,1.0,584.0,584.0,IIB,brca
TCGA-A2-A1G4,TCGA-A2-A1G4-01A-01-TSA.pkl,Stage IIIA,595.0,A2,Breast,Alive,,71,,,No,No,No,1.0,1.0,595.0,595.0,IIIA,brca
TCGA-A2-A1G6,TCGA-A2-A1G6-01A-01-TSA.pkl,Stage IIIA,501.0,A2,Breast,Alive,,50,,,No,No,No,1.0,1.0,501.0,501.0,IIIA,brca
TCGA-A2-A259,TCGA-A2-A259-01A-01-TSA.pkl,Stage I,1596.0,A2,Breast,Alive,,70,,,No,No,No,1.0,1.0,1596.0,1596.0,I,brca
TCGA-A2-A25A,TCGA-A2-A25A-01A-01-TSA.pkl,Stage IIA,3276.0,A2,Breast,Alive,,44,,,No,No,No,1.0,1.0,3276.0,3276.0,IIA,brca
TCGA-A2-A25B,TCGA-A2-A25B-01A-01-TSA.pkl,Stage IIB,1291.0,A2,Breast,Alive,,39,1290.0,,Yes,Yes,No,1.0,0.0,1291.0,1290.0,IIB,brca
TCGA-A2-A25C,TCGA-A2-A25C-01A-01-TSA.pkl,Stage IIB,523.0,A2,Breast,Alive,,50,,,No,No,No,1.0,1.0,523.0,523.0,IIB,brca
TCGA-A2-A25D,TCGA-A2-A25D-01A-01-TSA.pkl,Stage IIIC,0.0,A2,Breast,Alive,,89,,,No,No,No,1.0,1.0,0.0,0.0,IIIC,brca
TCGA-A2-A25E,TCGA-A2-A25E-01A-01-TSA.pkl,Stage IIIA,3204.0,A2,Breast,Alive,,34,,2989.0,Yes,No,Yes,1.0,1.0,3204.0,3204.0,IIIA,brca
TCGA-A2-A25F,TCGA-A2-A25F-01A-01-TSA.pkl,Stage IIA,322.0,A2,Breast,Alive,,66,,,No,No,No,1.0,1.0,322.0,322.0,IIA,brca
TCGA-A2-A3KC,TCGA-A2-A3KC-01A-01-TSA.pkl,Stage IIB,1102.0,A2,Breast,Alive,,55,,,No,No,No,1.0,1.0,1102.0,1102.0,IIB,brca
TCGA-A2-A3KD,TCGA-A2-A3KD-01A-01-TSA.pkl,Stage IIIA,1206.0,A2,Breast,Alive,,47,,,No,No,No,1.0,1.0,1206.0,1206.0,IIIA,brca
TCGA-A2-A3XS,TCGA-A2-A3XS-01A-01-TS1.pkl,Stage IIIA,1032.0,A2,Breast,Dead,1032.0,62,682.0,,Yes,Yes,No,0.0,0.0,1032.0,682.0,IIIA,brca
TCGA-A2-A3XT,TCGA-A2-A3XT-01A-01-TSA.pkl,Stage IIB,2770.0,A2,Breast,Alive,,45,,,No,No,No,1.0,1.0,2770.0,2770.0,IIB,brca
TCGA-A2-A3XU,TCGA-A2-A3XU-01A-01-TSA.pkl,Stage IIB,912.0,A2,Breast,Dead,912.0,35,574.0,596.0,Yes,Yes,Yes,0.0,0.0,912.0,574.0,IIB,brca
TCGA-A2-A3XV,TCGA-A2-A3XV-01A-02-TSB.pkl,Stage IIA,996.0,A2,Breast,Alive,,46,,,No,No,No,1.0,1.0,996.0,996.0,IIA,brca
TCGA-A2-A3XW,TCGA-A2-A3XW-01A-01-TSA.pkl,Stage IIB,1712.0,A2,Breast,Alive,,42,,,No,No,No,1.0,1.0,1712.0,1712.0,IIB,brca
TCGA-A2-A3XX,TCGA-A2-A3XX-01A-02-TSB.pkl,Stage IIA,1439.0,A2,Breast,Dead,1439.0,49,,,No,No,No,0.0,1.0,1439.0,1439.0,IIA,brca
TCGA-A2-A3XY,TCGA-A2-A3XY-01A-01-TSA.pkl,Stage IIB,1093.0,A2,Breast,Dead,1093.0,49,802.0,,Yes,Yes,No,0.0,0.0,1093.0,802.0,IIB,brca
TCGA-A2-A3XZ,TCGA-A2-A3XZ-01A-04-TSD.pkl,Stage I,1532.0,A2,Breast,Alive,,46,,,No,No,No,1.0,1.0,1532.0,1532.0,I,brca
TCGA-A2-A3Y0,TCGA-A2-A3Y0-01A-01-TSA.pkl,Stage IIB,1546.0,A2,Breast,Alive,,57,,,No,No,No,1.0,1.0,1546.0,1546.0,IIB,brca
TCGA-A2-A4RW,TCGA-A2-A4RW-01A-02-TSB.pkl,Stage IIIC,222.0,A2,Breast,Alive,,49,,,No,No,No,1.0,1.0,222.0,222.0,IIIC,brca
TCGA-A2-A4RX,TCGA-A2-A4RX-01A-01-TSA.pkl,Stage IIA,742.0,A2,Breast,Alive,,67,,,No,No,No,1.0,1.0,742.0,742.0,IIA,brca
TCGA-A2-A4RY,TCGA-A2-A4RY-01A-03-TSC.pkl,Stage IIIC,648.0,A2,Breast,Alive,,46,,,No,No,No,1.0,1.0,648.0,648.0,IIIC,brca
TCGA-A2-A4S0,TCGA-A2-A4S0-01A-02-TSB.pkl,Stage IIA,706.0,A2,Breast,Alive,,77,,,No,No,No,1.0,1.0,706.0,706.0,IIA,brca
TCGA-A2-A4S1,TCGA-A2-A4S1-01A-02-TSB.pkl,Stage IIA,820.0,A2,Breast,Alive,,66,,,No,No,No,1.0,1.0,820.0,820.0,IIA,brca
TCGA-A2-A4S2,TCGA-A2-A4S2-01A-01-TSA.pkl,Stage IIIA,643.0,A2,Breast,Alive,,62,,,No,No,No,1.0,1.0,643.0,643.0,IIIA,brca
TCGA-A2-A4S3,TCGA-A2-A4S3-01A-02-TSB.pkl,Stage IIB,666.0,A2,Breast,Alive,,59,,,No,No,No,1.0,1.0,666.0,666.0,IIB,brca
TCGA-A7-A0CD,TCGA-A7-A0CD-01A-01-TSA.pkl,Stage I,1165.0,A7,Breast,Alive,,66,,,No,No,No,1.0,1.0,1165.0,1165.0,I,brca
TCGA-A7-A0CE,TCGA-A7-A0CE-01A-01-TS1.pkl,Stage IIA,1074.0,A7,Breast,Alive,,57,,,No,No,No,1.0,1.0,1074.0,1074.0,IIA,brca
TCGA-A7-A0CG,TCGA-A7-A0CG-01A-01-TS1.pkl,Stage IIA,1043.0,A7,Breast,Alive,,78,,,No,No,No,1.0,1.0,1043.0,1043.0,IIA,brca
TCGA-A7-A0CH,TCGA-A7-A0CH-01A-02-BS2.pkl,Stage IIA,1079.0,A7,Breast,Alive,,79,,,No,No,No,1.0,1.0,1079.0,1079.0,IIA,brca
TCGA-A7-A0CJ,TCGA-A7-A0CJ-01A-02-TSB.pkl,Stage IIA,931.0,A7,Breast,Alive,,57,,,No,No,No,1.0,1.0,931.0,931.0,IIA,brca
TCGA-A7-A0D9,TCGA-A7-A0D9-01A-02-BS2.pkl,Stage IIA,1139.0,A7,Breast,Alive,,37,,,No,No,No,1.0,1.0,1139.0,1139.0,IIA,brca
TCGA-A7-A0DA,TCGA-A7-A0DA-01A-03-TS3.pkl,Stage IIA,1085.0,A7,Breast,Alive,,62,,,No,No,No,1.0,1.0,1085.0,1085.0,IIA,brca
TCGA-A7-A0DB,TCGA-A7-A0DB-01C-02-BS2.pkl,Stage IIA,1007.0,A7,Breast,Alive,,56,,,No,No,No,1.0,1.0,1007.0,1007.0,IIA,brca
TCGA-A7-A13D,TCGA-A7-A13D-01B-03-BS3.pkl,Stage IIA,965.0,A7,Breast,Alive,,46,,,No,No,No,1.0,1.0,965.0,965.0,IIA,brca
TCGA-A7-A13E,TCGA-A7-A13E-01A-01-TSA.pkl,Stage IIB,614.0,A7,Breast,Dead,614.0,62,556.0,,Yes,Yes,No,0.0,0.0,614.0,556.0,IIB,brca
TCGA-A7-A13F,TCGA-A7-A13F-01A-01-TS1.pkl,Stage IIIA,765.0,A7,Breast,Alive,,44,,,No,No,No,1.0,1.0,765.0,765.0,IIIA,brca
TCGA-A7-A13G,TCGA-A7-A13G-01A-01-TS1.pkl,Stage IIA,718.0,A7,Breast,Alive,,79,,,No,No,No,1.0,1.0,718.0,718.0,IIA,brca
TCGA-A7-A13H,TCGA-A7-A13H-01A-01-BS1.pkl,Stage IIB,899.0,A7,Breast,Alive,,61,,,No,No,No,1.0,1.0,899.0,899.0,IIB,brca
TCGA-A7-A26E,TCGA-A7-A26E-01B-05-BS5.pkl,Stage IIIA,954.0,A7,Breast,Alive,,71,,,No,No,No,1.0,1.0,954.0,954.0,IIIA,brca
TCGA-A7-A26F,TCGA-A7-A26F-01B-03-BS3.pkl,Stage IA,738.0,A7,Breast,Alive,,55,,,No,No,No,1.0,1.0,738.0,738.0,IA,brca
TCGA-A7-A26G,TCGA-A7-A26G-01A-02-TSB.pkl,Stage IIA,722.0,A7,Breast,Alive,,50,,,No,No,No,1.0,1.0,722.0,722.0,IIA,brca
TCGA-A7-A26H,TCGA-A7-A26H-01A-01-TSA.pkl,Stage IIA,724.0,A7,Breast,Alive,,72,291.0,,Yes,Yes,No,1.0,0.0,724.0,291.0,IIA,brca
TCGA-A7-A26I,TCGA-A7-A26I-01A-01-TSA.pkl,Stage IIA,661.0,A7,Breast,Alive,,65,,,No,No,No,1.0,1.0,661.0,661.0,IIA,brca
TCGA-A7-A26J,TCGA-A7-A26J-01B-02-BS2.pkl,Stage IIA,627.0,A7,Breast,Alive,,49,,,No,No,No,1.0,1.0,627.0,627.0,IIA,brca
TCGA-A7-A2KD,TCGA-A7-A2KD-01A-03-TSC.pkl,Stage IIIA,679.0,A7,Breast,Alive,,53,,,No,No,No,1.0,1.0,679.0,679.0,IIIA,brca
TCGA-A7-A3IY,TCGA-A7-A3IY-01A-02-TSB.pkl,Stage I,345.0,A7,Breast,Alive,,71,,,No,No,No,1.0,1.0,345.0,345.0,I,brca
TCGA-A7-A3IZ,TCGA-A7-A3IZ-01A-01-TSA.pkl,Stage IIA,322.0,A7,Breast,Alive,,62,,,No,No,No,1.0,1.0,322.0,322.0,IIA,brca
TCGA-A7-A3J0,TCGA-A7-A3J0-01A-01-TSA.pkl,Stage IIA,313.0,A7,Breast,Alive,,62,,,No,No,No,1.0,1.0,313.0,313.0,IIA,brca
TCGA-A7-A3J1,TCGA-A7-A3J1-01A-01-TSA.pkl,Stage IA,343.0,A7,Breast,Alive,,63,,,No,No,No,1.0,1.0,343.0,343.0,IA,brca
TCGA-A7-A3RF,TCGA-A7-A3RF-01A-01-TS1.pkl,Stage IIA,408.0,A7,Breast,Alive,,79,174.0,,Yes,Yes,No,1.0,0.0,408.0,174.0,IIA,brca
TCGA-A7-A425,TCGA-A7-A425-01A-01-TSA.pkl,Stage IIIC,447.0,A7,Breast,Alive,,70,443.0,419.0,Yes,Yes,Yes,1.0,0.0,447.0,443.0,IIIC,brca
TCGA-A7-A426,TCGA-A7-A426-01A-02-TSB.pkl,Stage IIIC,364.0,A7,Breast,Alive,,50,,,No,No,No,1.0,1.0,364.0,364.0,IIIC,brca
TCGA-A7-A4SA,TCGA-A7-A4SA-01A-01-TS1.pkl,Stage IIB,454.0,A7,Breast,Alive,,40,,,No,No,No,1.0,1.0,454.0,454.0,IIB,brca
TCGA-A7-A4SB,TCGA-A7-A4SB-01A-02-TSB.pkl,Stage IIIA,418.0,A7,Breast,Alive,,56,,,No,No,No,1.0,1.0,418.0,418.0,IIIA,brca
TCGA-A7-A4SC,TCGA-A7-A4SC-01A-01-TS1.pkl,Stage IIB,446.0,A7,Breast,Alive,,62,,,No,No,No,1.0,1.0,446.0,446.0,IIB,brca
TCGA-A7-A4SD,TCGA-A7-A4SD-01A-01-TS1.pkl,Stage IIA,441.0,A7,Breast,Alive,,52,,,No,No,No,1.0,1.0,441.0,441.0,IIA,brca
TCGA-A7-A4SE,TCGA-A7-A4SE-01A-01-TSA.pkl,Stage IIA,644.0,A7,Breast,Alive,,54,,,No,No,No,1.0,1.0,644.0,644.0,IIA,brca
TCGA-A7-A4SF,TCGA-A7-A4SF-01A-01-TSA.pkl,Stage IIA,545.0,A7,Breast,Alive,,54,,,No,No,No,1.0,1.0,545.0,545.0,IIA,brca
TCGA-A7-A56D,TCGA-A7-A56D-01A-01-TS1.pkl,Stage IIA,448.0,A7,Breast,Alive,,84,,,No,No,No,1.0,1.0,448.0,448.0,IIA,brca
TCGA-A7-A5ZV,TCGA-A7-A5ZV-01A-01-TS1.pkl,Stage IIA,368.0,A7,Breast,Alive,,62,,,No,No,No,1.0,1.0,368.0,368.0,IIA,brca
TCGA-A7-A5ZW,TCGA-A7-A5ZW-01A-01-TS1.pkl,Stage IIA,326.0,A7,Breast,Alive,,47,,,No,No,No,1.0,1.0,326.0,326.0,IIA,brca
TCGA-A7-A5ZX,TCGA-A7-A5ZX-01A-01-TS1.pkl,Stage IIIC,336.0,A7,Breast,Alive,,48,,,No,No,No,1.0,1.0,336.0,336.0,IIIC,brca
TCGA-A7-A6VV,TCGA-A7-A6VV-01A-02-TS2.pkl,Stage IIA,313.0,A7,Breast,Alive,,51,,,No,No,No,1.0,1.0,313.0,313.0,IIA,brca
TCGA-A7-A6VW,TCGA-A7-A6VW-01A-02-TS2.pkl,Stage IIA,285.0,A7,Breast,Alive,,48,,,No,No,No,1.0,1.0,285.0,285.0,IIA,brca
TCGA-A7-A6VX,TCGA-A7-A6VX-01A-01-TSA.pkl,Stage IIA,317.0,A7,Breast,Alive,,68,,,No,No,No,1.0,1.0,317.0,317.0,IIA,brca
TCGA-A7-A6VY,TCGA-A7-A6VY-01A-01-TS1.pkl,Stage IIB,266.0,A7,Breast,Alive,,48,,,No,No,No,1.0,1.0,266.0,266.0,IIB,brca
TCGA-A8-A06N,TCGA-A8-A06N-01A-01-BS1.pkl,Stage IIIB,0.0,A8,Breast,Alive,,66,,,No,No,No,1.0,1.0,0.0,0.0,IIIB,brca
TCGA-A8-A06O,TCGA-A8-A06O-01A-01-BS1.pkl,Stage I,396.0,A8,Breast,Alive,,60,,,No,No,No,1.0,1.0,396.0,396.0,I,brca
TCGA-A8-A06P,TCGA-A8-A06P-01A-01-BS1.pkl,Stage IIIA,396.0,A8,Breast,Alive,,63,,,No,No,No,1.0,1.0,396.0,396.0,IIIA,brca
TCGA-A8-A06Q,TCGA-A8-A06Q-01A-01-BS1.pkl,Stage IIIA,31.0,A8,Breast,Alive,,63,,,No,No,No,1.0,1.0,31.0,31.0,IIIA,brca
TCGA-A8-A06R,TCGA-A8-A06R-01A-01-TS1.pkl,Stage IIB,547.0,A8,Breast,Alive,,69,,,No,No,No,1.0,1.0,547.0,547.0,IIB,brca
TCGA-A8-A06T,TCGA-A8-A06T-01A-01-BS1.pkl,Stage IIIA,1614.0,A8,Breast,Alive,,74,,,No,No,No,1.0,1.0,1614.0,1614.0,IIIA,brca
TCGA-A8-A06U,TCGA-A8-A06U-01A-01-TS1.pkl,Stage IIB,883.0,A8,Breast,Dead,883.0,80,,,No,No,No,0.0,1.0,883.0,883.0,IIB,brca
TCGA-A8-A06X,TCGA-A8-A06X-01A-02-BS2.pkl,Stage IIB,943.0,A8,Breast,Dead,943.0,77,,,No,No,No,0.0,1.0,943.0,943.0,IIB,brca
TCGA-A8-A06Z,TCGA-A8-A06Z-01A-01-TS1.pkl,Stage IIB,31.0,A8,Breast,Alive,,84,,,No,No,No,1.0,1.0,31.0,31.0,IIB,brca
TCGA-A8-A075,TCGA-A8-A075-01A-01-TS1.pkl,Stage IIB,518.0,A8,Breast,Alive,,42,,,No,No,No,1.0,1.0,518.0,518.0,IIB,brca
TCGA-A8-A076,TCGA-A8-A076-01A-02-BSB.pkl,Stage IIA,1642.0,A8,Breast,Alive,,66,,,No,No,No,1.0,1.0,1642.0,1642.0,IIA,brca
TCGA-A8-A079,TCGA-A8-A079-01A-02-BS2.pkl,Stage IIIB,274.0,A8,Breast,Alive,,69,,,No,No,No,1.0,1.0,274.0,274.0,IIIB,brca
TCGA-A8-A07B,TCGA-A8-A07B-01A-01-TS1.pkl,Stage IIA,1308.0,A8,Breast,Alive,,69,,,No,No,No,1.0,1.0,1308.0,1308.0,IIA,brca
TCGA-A8-A07C,TCGA-A8-A07C-01A-01-TS1.pkl,Stage IIA,1034.0,A8,Breast,Alive,,57,,,No,No,No,1.0,1.0,1034.0,1034.0,IIA,brca
TCGA-A8-A07E,TCGA-A8-A07E-01A-01-BS1.pkl,Stage X,608.0,A8,Breast,Alive,,81,,,No,No,No,1.0,1.0,608.0,608.0,X,brca
TCGA-A8-A07F,TCGA-A8-A07F-01A-01-BS1.pkl,Stage IIB,577.0,A8,Breast,Alive,,65,,,No,No,No,1.0,1.0,577.0,577.0,IIB,brca
TCGA-A8-A07G,TCGA-A8-A07G-01A-01-BS1.pkl,Stage IIA,577.0,A8,Breast,Alive,,65,,,No,No,No,1.0,1.0,577.0,577.0,IIA,brca
TCGA-A8-A07I,TCGA-A8-A07I-01A-01-BSA.pkl,Stage IIIA,426.0,A8,Breast,Alive,,69,,,No,No,No,1.0,1.0,426.0,426.0,IIIA,brca
TCGA-A8-A07J,TCGA-A8-A07J-01A-01-BS1.pkl,Stage IIB,365.0,A8,Breast,Alive,,35,,,No,No,No,1.0,1.0,365.0,365.0,IIB,brca
TCGA-A8-A07L,TCGA-A8-A07L-01A-01-BS1.pkl,Stage IIIA,975.0,A8,Breast,Alive,,58,,,No,No,No,1.0,1.0,975.0,975.0,IIIA,brca
TCGA-A8-A07O,TCGA-A8-A07O-01A-01-BS1.pkl,Stage IIA,304.0,A8,Breast,Alive,,51,,,No,No,No,1.0,1.0,304.0,304.0,IIA,brca
TCGA-A8-A07P,TCGA-A8-A07P-01A-01-TS1.pkl,Stage IIB,334.0,A8,Breast,Alive,,68,,,No,No,No,1.0,1.0,334.0,334.0,IIB,brca
TCGA-A8-A07R,TCGA-A8-A07R-01A-02-BS2.pkl,Stage IIIC,273.0,A8,Breast,Alive,,80,,,No,No,No,1.0,1.0,273.0,273.0,IIIC,brca
TCGA-A8-A07S,TCGA-A8-A07S-01A-01-TS1.pkl,Stage IIA,243.0,A8,Breast,Alive,,73,,,No,No,No,1.0,1.0,243.0,243.0,IIA,brca
TCGA-A8-A07U,TCGA-A8-A07U-01A-01-TS1.pkl,Stage IIIA,760.0,A8,Breast,Alive,,66,,,No,No,No,1.0,1.0,760.0,760.0,IIIA,brca
TCGA-A8-A07W,TCGA-A8-A07W-01A-01-TSA.pkl,Stage IV,304.0,A8,Breast,Alive,,76,,,No,No,No,1.0,1.0,304.0,304.0,IV,brca
TCGA-A8-A07Z,TCGA-A8-A07Z-01A-01-TS1.pkl,Stage IIA,1371.0,A8,Breast,Alive,,85,,,No,No,No,1.0,1.0,1371.0,1371.0,IIA,brca
TCGA-A8-A081,TCGA-A8-A081-01A-01-BS1.pkl,Stage IIA,0.0,A8,Breast,Alive,,80,,,No,No,No,1.0,1.0,0.0,0.0,IIA,brca
TCGA-A8-A082,TCGA-A8-A082-01A-01-BS1.pkl,Stage IIB,549.0,A8,Breast,Alive,,58,,,No,No,No,1.0,1.0,549.0,549.0,IIB,brca
TCGA-A8-A083,TCGA-A8-A083-01A-02-MS2.pkl,Stage IIB,0.0,A8,Breast,Alive,,67,,,No,No,No,1.0,1.0,0.0,0.0,IIB,brca
TCGA-A8-A084,TCGA-A8-A084-01A-02-MS2.pkl,Stage IIB,458.0,A8,Breast,Alive,,81,,,No,No,No,1.0,1.0,458.0,458.0,IIB,brca
TCGA-A8-A085,TCGA-A8-A085-01A-01-BS1.pkl,Stage IIB,1124.0,A8,Breast,Alive,,44,,,No,No,No,1.0,1.0,1124.0,1124.0,IIB,brca
TCGA-A8-A086,TCGA-A8-A086-01A-01-BSA.pkl,Stage IIA,396.0,A8,Breast,Alive,,59,,,No,No,No,1.0,1.0,396.0,396.0,IIA,brca
TCGA-A8-A08A,TCGA-A8-A08A-01A-01-BS1.pkl,Stage I,30.0,A8,Breast,Alive,,89,,,No,No,No,1.0,1.0,30.0,30.0,I,brca
TCGA-A8-A08B,TCGA-A8-A08B-01A-01-MS1.pkl,Stage IIA,1156.0,A8,Breast,Alive,,52,,,No,No,No,1.0,1.0,1156.0,1156.0,IIA,brca
TCGA-A8-A08C,TCGA-A8-A08C-01A-01-BS1.pkl,Stage IIA,881.0,A8,Breast,Alive,,65,,,No,No,No,1.0,1.0,881.0,881.0,IIA,brca
TCGA-A8-A08F,TCGA-A8-A08F-01A-01-BS1.pkl,Stage IIIC,1004.0,A8,Breast,Alive,,59,,,No,No,No,1.0,1.0,1004.0,1004.0,IIIC,brca
TCGA-A8-A08G,TCGA-A8-A08G-01A-01-TS1.pkl,Stage IIA,607.0,A8,Breast,Alive,,41,,,No,No,No,1.0,1.0,607.0,607.0,IIA,brca
TCGA-A8-A08H,TCGA-A8-A08H-01A-02-BS2.pkl,Stage IIA,0.0,A8,Breast,Alive,,66,,,No,No,No,1.0,1.0,0.0,0.0,IIA,brca
TCGA-A8-A08I,TCGA-A8-A08I-01A-01-TS1.pkl,Stage IIA,365.0,A8,Breast,Alive,,53,,,No,No,No,1.0,1.0,365.0,365.0,IIA,brca
TCGA-A8-A08J,TCGA-A8-A08J-01A-01-BS1.pkl,Stage IV,1127.0,A8,Breast,Dead,1127.0,52,,,No,No,No,0.0,1.0,1127.0,1127.0,IV,brca
TCGA-A8-A08L,TCGA-A8-A08L-01A-01-TSA.pkl,Stage IIIA,30.0,A8,Breast,Dead,30.0,89,,,No,No,No,0.0,1.0,30.0,30.0,IIIA,brca
TCGA-A8-A08P,TCGA-A8-A08P-01A-01-TS1.pkl,Stage IIIA,943.0,A8,Breast,Alive,,70,,,No,No,No,1.0,1.0,943.0,943.0,IIIA,brca
TCGA-A8-A08R,TCGA-A8-A08R-01A-01-MS1.pkl,Stage IIB,30.0,A8,Breast,Alive,,52,,,No,No,No,1.0,1.0,30.0,30.0,IIB,brca
TCGA-A8-A08S,TCGA-A8-A08S-01A-01-MS1.pkl,Stage IIA,1004.0,A8,Breast,Alive,,71,,,No,No,No,1.0,1.0,1004.0,1004.0,IIA,brca
TCGA-A8-A090,TCGA-A8-A090-01A-01-TS1.pkl,Stage IIA,0.0,A8,Breast,Alive,,74,,,No,No,No,1.0,1.0,0.0,0.0,IIA,brca
TCGA-A8-A092,TCGA-A8-A092-01A-01-TS1.pkl,Stage IIIA,942.0,A8,Breast,Alive,,48,,,No,No,No,1.0,1.0,942.0,942.0,IIIA,brca
TCGA-A8-A093,TCGA-A8-A093-01A-01-BS1.pkl,Stage IIA,546.0,A8,Breast,Alive,,61,,,No,No,No,1.0,1.0,546.0,546.0,IIA,brca
TCGA-A8-A094,TCGA-A8-A094-01A-01-TS1.pkl,Stage IIA,0.0,A8,Breast,Alive,,75,,,No,No,No,1.0,1.0,0.0,0.0,IIA,brca
TCGA-A8-A095,TCGA-A8-A095-01A-01-TS1.pkl,Stage I,1277.0,A8,Breast,Alive,,45,,,No,No,No,1.0,1.0,1277.0,1277.0,I,brca
TCGA-A8-A096,TCGA-A8-A096-01A-01-TS1.pkl,Stage IIA,0.0,A8,Breast,Alive,,73,,,No,No,No,1.0,1.0,0.0,0.0,IIA,brca
TCGA-A8-A097,TCGA-A8-A097-01A-01-TS1.pkl,Stage IIB,365.0,A8,Breast,Alive,,64,,,No,No,No,1.0,1.0,365.0,365.0,IIB,brca
TCGA-A8-A099,TCGA-A8-A099-01A-01-TS1.pkl,Stage X,304.0,A8,Breast,Alive,,76,,,No,No,No,1.0,1.0,304.0,304.0,X,brca
TCGA-A8-A09A,TCGA-A8-A09A-01A-01-BS1.pkl,Stage X,304.0,A8,Breast,Alive,,40,,,No,No,No,1.0,1.0,304.0,304.0,X,brca
TCGA-A8-A09B,TCGA-A8-A09B-01A-01-BS1.pkl,Stage IIIB,365.0,A8,Breast,Alive,,58,,,No,No,No,1.0,1.0,365.0,365.0,IIIB,brca
TCGA-A8-A09C,TCGA-A8-A09C-01A-01-TS1.pkl,Stage X,31.0,A8,Breast,Alive,,69,,,No,No,No,1.0,1.0,31.0,31.0,X,brca
TCGA-A8-A09D,TCGA-A8-A09D-01A-01-TS1.pkl,Stage IIB,1522.0,A8,Breast,Alive,,47,,,No,No,No,1.0,1.0,1522.0,1522.0,IIB,brca
TCGA-A8-A09E,TCGA-A8-A09E-01A-01-TS1.pkl,Stage IIIB,1492.0,A8,Breast,Alive,,73,,,No,No,No,1.0,1.0,1492.0,1492.0,IIIB,brca
TCGA-A8-A09G,TCGA-A8-A09G-01A-02-BS2.pkl,Stage IIIC,0.0,A8,Breast,Alive,,79,,,No,No,No,1.0,1.0,0.0,0.0,IIIC,brca
TCGA-A8-A09I,TCGA-A8-A09I-01A-01-BS1.pkl,Stage IIA,1371.0,A8,Breast,Alive,,84,,,No,No,No,1.0,1.0,1371.0,1371.0,IIA,brca
TCGA-A8-A09K,TCGA-A8-A09K-01A-01-TS1.pkl,Stage IIA,912.0,A8,Breast,Alive,,68,,,No,No,No,1.0,1.0,912.0,912.0,IIA,brca
TCGA-A8-A09M,TCGA-A8-A09M-01A-01-BSA.pkl,Stage IIIC,1006.0,A8,Breast,Alive,,75,,,No,No,No,1.0,1.0,1006.0,1006.0,IIIC,brca
TCGA-A8-A09N,TCGA-A8-A09N-01A-01-BS1.pkl,Stage IIIC,31.0,A8,Breast,Alive,,57,,,No,No,No,1.0,1.0,31.0,31.0,IIIC,brca
TCGA-A8-A09Q,TCGA-A8-A09Q-01A-01-TS1.pkl,Stage IIIB,761.0,A8,Breast,Alive,,83,,,No,No,No,1.0,1.0,761.0,761.0,IIIB,brca
TCGA-A8-A09R,TCGA-A8-A09R-01A-01-TS1.pkl,Stage IIB,273.0,A8,Breast,Alive,,82,,,No,No,No,1.0,1.0,273.0,273.0,IIB,brca
TCGA-A8-A09V,TCGA-A8-A09V-01A-01-TS1.pkl,Stage IIA,457.0,A8,Breast,Alive,,51,,,No,No,No,1.0,1.0,457.0,457.0,IIA,brca
TCGA-A8-A09W,TCGA-A8-A09W-01A-01-BS1.pkl,Stage IIIB,30.0,A8,Breast,Alive,,70,,,No,No,No,1.0,1.0,30.0,30.0,IIIB,brca
TCGA-A8-A09X,TCGA-A8-A09X-01A-01-TS1.pkl,Stage IIIC,426.0,A8,Breast,Dead,426.0,62,,,No,No,No,0.0,1.0,426.0,426.0,IIIC,brca
TCGA-A8-A09Z,TCGA-A8-A09Z-01A-01-BS1.pkl,Stage IIB,0.0,A8,Breast,Alive,,83,,,No,No,No,1.0,1.0,0.0,0.0,IIB,brca
TCGA-A8-A0A1,TCGA-A8-A0A1-01A-01-BS1.pkl,Stage IIA,365.0,A8,Breast,Alive,,84,,,No,No,No,1.0,1.0,365.0,365.0,IIA,brca
TCGA-A8-A0A2,TCGA-A8-A0A2-01A-01-TS1.pkl,Stage IIA,579.0,A8,Breast,Alive,,66,,,No,No,No,1.0,1.0,579.0,579.0,IIA,brca
TCGA-A8-A0A4,TCGA-A8-A0A4-01A-01-BS1.pkl,Stage IIA,396.0,A8,Breast,Alive,,73,,,No,No,No,1.0,1.0,396.0,396.0,IIA,brca
TCGA-A8-A0A6,TCGA-A8-A0A6-01A-01-MS1.pkl,Stage IIIC,640.0,A8,Breast,Alive,,64,,,No,No,No,1.0,1.0,640.0,640.0,IIIC,brca
TCGA-A8-A0A7,TCGA-A8-A0A7-01A-01-BS1.pkl,Stage IIB,30.0,A8,Breast,Alive,,57,,,No,No,No,1.0,1.0,30.0,30.0,IIB,brca
TCGA-A8-A0A9,TCGA-A8-A0A9-01A-01-TS1.pkl,Stage IIA,822.0,A8,Breast,Alive,,80,,,No,No,No,1.0,1.0,822.0,822.0,IIA,brca
TCGA-A8-A0AB,TCGA-A8-A0AB-01A-01-TS1.pkl,Stage IIA,518.0,A8,Breast,Alive,,54,,,No,No,No,1.0,1.0,518.0,518.0,IIA,brca
TCGA-A8-A0AD,TCGA-A8-A0AD-01A-01-BS1.pkl,Stage I,1157.0,A8,Breast,Alive,,83,,,No,No,No,1.0,1.0,1157.0,1157.0,I,brca
TCGA-AC-A23C,TCGA-AC-A23C-01A-01-TSA.pkl,Stage IIB,585.0,AC,Breast,Alive,,62,,,No,No,No,1.0,1.0,585.0,585.0,IIB,brca
TCGA-AC-A23E,TCGA-AC-A23E-01A-01-TSA.pkl,Stage IIB,698.0,AC,Breast,Alive,,50,,,No,No,No,1.0,1.0,698.0,698.0,IIB,brca
TCGA-AC-A23G,TCGA-AC-A23G-01A-01-TS1.pkl,Stage IIA,2248.0,AC,Breast,Alive,,76,,,No,No,No,1.0,1.0,2248.0,2248.0,IIA,brca
TCGA-AC-A23H,TCGA-AC-A23H-01A-01-TS1.pkl,Stage IIA,0.0,AC,Breast,Dead,0.0,89,,,No,No,No,0.0,1.0,0.0,0.0,IIA,brca
TCGA-AC-A2B8,TCGA-AC-A2B8-01A-01-TS1.pkl,Stage IIB,677.0,AC,Breast,Alive,,84,,,No,No,No,1.0,1.0,677.0,677.0,IIB,brca
TCGA-AC-A2BK,TCGA-AC-A2BK-01A-01-TS1.pkl,Stage IIIA,2222.0,AC,Breast,Alive,,78,,,No,No,No,1.0,1.0,2222.0,2222.0,IIIA,brca
TCGA-AC-A2BM,TCGA-AC-A2BM-01A-01-TS1.pkl,Stage IIB,3022.0,AC,Breast,Alive,,41,,,No,No,No,1.0,1.0,3022.0,3022.0,IIB,brca
TCGA-AC-A2FB,TCGA-AC-A2FB-01A-01-TS1.pkl,Stage IIA,1234.0,AC,Breast,Alive,,65,,,No,No,No,1.0,1.0,1234.0,1234.0,IIA,brca
TCGA-AC-A2FE,TCGA-AC-A2FE-01A-01-TSA.pkl,Stage IIIC,2636.0,AC,Breast,Dead,2636.0,62,766.0,,Yes,Yes,No,0.0,0.0,2636.0,766.0,IIIC,brca
TCGA-AC-A2FF,TCGA-AC-A2FF-01A-01-TSA.pkl,Stage IIB,2759.0,AC,Breast,Alive,,40,,,No,No,No,1.0,1.0,2759.0,2759.0,IIB,brca
TCGA-AC-A2FG,TCGA-AC-A2FG-01A-01-TSA.pkl,Stage IIB,1853.0,AC,Breast,Alive,,79,,,No,No,No,1.0,1.0,1853.0,1853.0,IIB,brca
TCGA-AC-A2FK,TCGA-AC-A2FK-01A-01-TS1.pkl,Stage IIIC,2650.0,AC,Breast,Alive,,45,,,No,No,No,1.0,1.0,2650.0,2650.0,IIIC,brca
TCGA-AC-A2FM,TCGA-AC-A2FM-01A-01-TSA.pkl,Stage IIB,792.0,AC,Breast,Dead,792.0,87,780.0,,Yes,Yes,No,0.0,0.0,792.0,780.0,IIB,brca
TCGA-AC-A2FO,TCGA-AC-A2FO-01A-01-TS1.pkl,Stage IIB,2255.0,AC,Breast,Alive,,65,,,No,No,No,1.0,1.0,2255.0,2255.0,IIB,brca
TCGA-AC-A2QH,TCGA-AC-A2QH-01B-04-BS4.pkl,Stage IIB,1005.0,AC,Breast,Alive,,58,,,No,No,No,1.0,1.0,1005.0,1005.0,IIB,brca
TCGA-AC-A2QI,TCGA-AC-A2QI-01A-01-TSA.pkl,Stage IIIA,588.0,AC,Breast,Alive,,76,,,No,No,No,1.0,1.0,588.0,588.0,IIIA,brca
TCGA-AC-A2QJ,TCGA-AC-A2QJ-01A-01-TS1.pkl,Stage IIIB,446.0,AC,Breast,Dead,446.0,48,237.0,,Yes,Yes,No,0.0,0.0,446.0,237.0,IIIB,brca
TCGA-AC-A3BB,TCGA-AC-A3BB-01A-02-TSB.pkl,Stage IIIA,987.0,AC,Breast,Alive,,46,,,No,No,No,1.0,1.0,987.0,987.0,IIIA,brca
TCGA-AC-A3EH,TCGA-AC-A3EH-01A-02-TS2.pkl,Stage IIIC,197.0,AC,Breast,Dead,197.0,79,,,No,No,No,0.0,1.0,197.0,197.0,IIIC,brca
TCGA-AC-A3HN,TCGA-AC-A3HN-01A-01-TSA.pkl,Stage IIB,496.0,AC,Breast,Alive,,87,,,No,No,No,1.0,1.0,496.0,496.0,IIB,brca
TCGA-AC-A3OD,TCGA-AC-A3OD-01A-01-TS1.pkl,Stage IIB,451.0,AC,Breast,Alive,,68,,,No,No,No,1.0,1.0,451.0,451.0,IIB,brca
TCGA-AC-A3QP,TCGA-AC-A3QP-01A-01-TS1.pkl,Stage IIB,675.0,AC,Breast,Alive,,79,,,No,No,No,1.0,1.0,675.0,675.0,IIB,brca
TCGA-AC-A3QQ,TCGA-AC-A3QQ-01A-01-TS1.pkl,Stage IA,734.0,AC,Breast,Alive,,53,,,No,No,No,1.0,1.0,734.0,734.0,IA,brca
TCGA-AC-A3TM,TCGA-AC-A3TM-01A-01-TSA.pkl,Stage IIIA,762.0,AC,Breast,Alive,,50,,,No,No,No,1.0,1.0,762.0,762.0,IIIA,brca
TCGA-AC-A3TN,TCGA-AC-A3TN-01A-01-TS1.pkl,Stage IIB,456.0,AC,Breast,Alive,,75,,,No,No,No,1.0,1.0,456.0,456.0,IIB,brca
TCGA-AC-A3W5,TCGA-AC-A3W5-01A-01-TSA.pkl,Stage IIA,504.0,AC,Breast,Alive,,65,,,No,No,No,1.0,1.0,504.0,504.0,IIA,brca
TCGA-AC-A3W6,TCGA-AC-A3W6-01A-01-TSA.pkl,Stage IIIA,0.0,AC,Breast,Alive,,89,,,No,No,No,1.0,1.0,0.0,0.0,IIIA,brca
TCGA-AC-A3W7,TCGA-AC-A3W7-01A-01-TSA.pkl,Stage IIB,471.0,AC,Breast,Alive,,66,,,No,No,No,1.0,1.0,471.0,471.0,IIB,brca
TCGA-AC-A3YI,TCGA-AC-A3YI-01A-02-TSB.pkl,Stage IIIC,707.0,AC,Breast,Alive,,74,,,No,No,No,1.0,1.0,707.0,707.0,IIIC,brca
TCGA-AC-A3YJ,TCGA-AC-A3YJ-01A-01-TSA.pkl,Stage IIA,754.0,AC,Breast,Alive,,66,,,No,No,No,1.0,1.0,754.0,754.0,IIA,brca
TCGA-AC-A4ZE,TCGA-AC-A4ZE-01A-01-TS1.pkl,Stage IIB,890.0,AC,Breast,Alive,,63,,,No,No,No,1.0,1.0,890.0,890.0,IIB,brca
TCGA-AC-A5EH,TCGA-AC-A5EH-01A-01-TS1.pkl,Stage IIB,511.0,AC,Breast,Alive,,76,,,No,No,No,1.0,1.0,511.0,511.0,IIB,brca
TCGA-AC-A5EI,TCGA-AC-A5EI-01A-01-TS1.pkl,Stage IB,442.0,AC,Breast,Alive,,88,,,No,No,No,1.0,1.0,442.0,442.0,IB,brca
TCGA-AC-A5XS,TCGA-AC-A5XS-01A-01-TS1.pkl,Stage IIA,588.0,AC,Breast,Alive,,74,,,No,No,No,1.0,1.0,588.0,588.0,IIA,brca
TCGA-AC-A5XU,TCGA-AC-A5XU-01A-01-TSA.pkl,Stage IIB,455.0,AC,Breast,Alive,,74,,,No,No,No,1.0,1.0,455.0,455.0,IIB,brca
TCGA-AC-A62V,TCGA-AC-A62V-01A-01-TS1.pkl,Stage IV,348.0,AC,Breast,Dead,348.0,58,,,No,No,No,0.0,1.0,348.0,348.0,IV,brca
TCGA-AC-A62X,TCGA-AC-A62X-01A-01-TS1.pkl,Stage IIA,417.0,AC,Breast,Alive,,72,,,No,No,No,1.0,1.0,417.0,417.0,IIA,brca
TCGA-AC-A62Y,TCGA-AC-A62Y-01A-01-TS1.pkl,Stage IIB,530.0,AC,Breast,Alive,,79,,,No,No,No,1.0,1.0,530.0,530.0,IIB,brca
TCGA-AC-A6IV,TCGA-AC-A6IV-01A-01-TS1.pkl,Stage IIB,568.0,AC,Breast,Alive,,47,,,No,No,No,1.0,1.0,568.0,568.0,IIB,brca
TCGA-AC-A6IW,TCGA-AC-A6IW-01A-01-TS1.pkl,Stage IIA,413.0,AC,Breast,Alive,,73,,,No,No,No,1.0,1.0,413.0,413.0,IIA,brca
TCGA-AC-A6IX,TCGA-AC-A6IX-01A-01-TSA.pkl,Stage IIIC,373.0,AC,Breast,Alive,,49,,,No,No,No,1.0,1.0,373.0,373.0,IIIC,brca
TCGA-AC-A6NO,TCGA-AC-A6NO-01A-01-TS1.pkl,Stage IIB,51.0,AC,Breast,Alive,,43,,,No,No,No,1.0,1.0,51.0,51.0,IIB,brca
TCGA-AC-A7VB,TCGA-AC-A7VB-01A-01-TS1.pkl,Stage IIA,250.0,AC,Breast,Alive,,51,,,No,No,No,1.0,1.0,250.0,250.0,IIA,brca
TCGA-AC-A7VC,TCGA-AC-A7VC-01A-01-TS1.pkl,Stage IIB,1.0,AC,Breast,Alive,,56,,,No,No,No,1.0,1.0,1.0,1.0,IIB,brca
TCGA-AC-A8OP,TCGA-AC-A8OP-01A-01-TS1.pkl,Stage IA,614.0,AC,Breast,Alive,,72,,,No,No,No,1.0,1.0,614.0,614.0,IA,brca
TCGA-AC-A8OQ,TCGA-AC-A8OQ-01A-01-TS1.pkl,Stage IIB,34.0,AC,Breast,Alive,,72,,,No,No,No,1.0,1.0,34.0,34.0,IIB,brca
TCGA-AC-A8OR,TCGA-AC-A8OR-01A-02-TS2.pkl,Stage IA,40.0,AC,Breast,Alive,,75,,,No,No,No,1.0,1.0,40.0,40.0,IA,brca
TCGA-AC-A8OS,TCGA-AC-A8OS-01A-01-TS1.pkl,Stage IIA,70.0,AC,Breast,Alive,,71,,,No,No,No,1.0,1.0,70.0,70.0,IIA,brca
TCGA-AN-A03X,TCGA-AN-A03X-01A-02-BS2.pkl,Stage IIA,10.0,AN,Breast,Alive,,74,,,No,No,No,1.0,1.0,10.0,10.0,IIA,brca
TCGA-AN-A03Y,TCGA-AN-A03Y-01A-01-BS1.pkl,Stage IIA,10.0,AN,Breast,Alive,,66,,,No,No,No,1.0,1.0,10.0,10.0,IIA,brca
TCGA-AN-A041,TCGA-AN-A041-01A-01-BS1.pkl,Stage IIB,7.0,AN,Breast,Alive,,29,,,No,No,No,1.0,1.0,7.0,7.0,IIB,brca
TCGA-AN-A046,TCGA-AN-A046-01A-02-BS2.pkl,Stage IIA,10.0,AN,Breast,Alive,,68,,,No,No,No,1.0,1.0,10.0,10.0,IIA,brca
TCGA-AN-A049,TCGA-AN-A049-01A-01-BS1.pkl,Stage IIA,19.0,AN,Breast,Alive,,62,,,No,No,No,1.0,1.0,19.0,19.0,IIA,brca
TCGA-AN-A04A,TCGA-AN-A04A-01A-02-BS2.pkl,Stage IIIA,90.0,AN,Breast,Alive,,36,,,No,No,No,1.0,1.0,90.0,90.0,IIIA,brca
TCGA-AN-A04C,TCGA-AN-A04C-01A-02-MS2.pkl,Stage IIB,54.0,AN,Breast,Alive,,51,,,No,No,No,1.0,1.0,54.0,54.0,IIB,brca
TCGA-AN-A04D,TCGA-AN-A04D-01A-02-BS2.pkl,Stage IIB,52.0,AN,Breast,Alive,,58,,,No,No,No,1.0,1.0,52.0,52.0,IIB,brca
TCGA-AN-A0AJ,TCGA-AN-A0AJ-01A-01-TSA.pkl,Stage IIB,303.0,AN,Breast,Alive,,79,,,No,No,No,1.0,1.0,303.0,303.0,IIB,brca
TCGA-AN-A0AK,TCGA-AN-A0AK-01A-02-TSB.pkl,Stage IIA,224.0,AN,Breast,Alive,,76,,,No,No,No,1.0,1.0,224.0,224.0,IIA,brca
TCGA-AN-A0AL,TCGA-AN-A0AL-01A-01-TSA.pkl,Stage IIIB,227.0,AN,Breast,Alive,,41,,,No,No,No,1.0,1.0,227.0,227.0,IIIB,brca
TCGA-AN-A0AM,TCGA-AN-A0AM-01A-01-TSA.pkl,Stage IIA,5.0,AN,Breast,Alive,,56,,,No,No,No,1.0,1.0,5.0,5.0,IIA,brca
TCGA-AN-A0AR,TCGA-AN-A0AR-01A-01-TSA.pkl,Stage IIA,10.0,AN,Breast,Alive,,55,,,No,No,No,1.0,1.0,10.0,10.0,IIA,brca
TCGA-AN-A0AS,TCGA-AN-A0AS-01A-01-BSA.pkl,Stage IIIA,10.0,AN,Breast,Alive,,70,,,No,No,No,1.0,1.0,10.0,10.0,IIIA,brca
TCGA-AN-A0AT,TCGA-AN-A0AT-01A-01-BSA.pkl,Stage IIA,10.0,AN,Breast,Alive,,62,,,No,No,No,1.0,1.0,10.0,10.0,IIA,brca
TCGA-AN-A0FD,TCGA-AN-A0FD-01A-01-TS1.pkl,Stage IIA,196.0,AN,Breast,Alive,,71,,,No,No,No,1.0,1.0,196.0,196.0,IIA,brca
TCGA-AN-A0FF,TCGA-AN-A0FF-01A-01-TSA.pkl,Stage IA,172.0,AN,Breast,Alive,,32,,,No,No,No,1.0,1.0,172.0,172.0,IA,brca
TCGA-AN-A0FJ,TCGA-AN-A0FJ-01A-01-TSA.pkl,Stage IV,242.0,AN,Breast,Alive,,59,,,No,No,No,1.0,1.0,242.0,242.0,IV,brca
TCGA-AN-A0FK,TCGA-AN-A0FK-01A-01-TSA.pkl,Stage IIIB,213.0,AN,Breast,Alive,,88,,,No,No,No,1.0,1.0,213.0,213.0,IIIB,brca
TCGA-AN-A0FL,TCGA-AN-A0FL-01A-01-TSA.pkl,Stage IIA,231.0,AN,Breast,Alive,,62,,,No,No,No,1.0,1.0,231.0,231.0,IIA,brca
TCGA-AN-A0FN,TCGA-AN-A0FN-01A-01-BSA.pkl,Stage IA,218.0,AN,Breast,Alive,,61,,,No,No,No,1.0,1.0,218.0,218.0,IA,brca
TCGA-AN-A0FS,TCGA-AN-A0FS-01A-01-TSA.pkl,Stage IA,210.0,AN,Breast,Alive,,55,,,No,No,No,1.0,1.0,210.0,210.0,IA,brca
TCGA-AN-A0FT,TCGA-AN-A0FT-01A-01-TSA.pkl,Stage IIB,214.0,AN,Breast,Alive,,63,,,No,No,No,1.0,1.0,214.0,214.0,IIB,brca
TCGA-AN-A0FV,TCGA-AN-A0FV-01A-01-BSA.pkl,Stage IIA,10.0,AN,Breast,Alive,,58,,,No,No,No,1.0,1.0,10.0,10.0,IIA,brca
TCGA-AN-A0FW,TCGA-AN-A0FW-01A-01-BSA.pkl,Stage IIIA,11.0,AN,Breast,Alive,,67,,,No,No,No,1.0,1.0,11.0,11.0,IIIA,brca
TCGA-AN-A0FX,TCGA-AN-A0FX-01A-01-TS1.pkl,Stage IIA,10.0,AN,Breast,Alive,,52,,,No,No,No,1.0,1.0,10.0,10.0,IIA,brca
TCGA-AN-A0FY,TCGA-AN-A0FY-01A-01-BSA.pkl,Stage IA,10.0,AN,Breast,Alive,,55,,,No,No,No,1.0,1.0,10.0,10.0,IA,brca
TCGA-AN-A0FZ,TCGA-AN-A0FZ-01A-01-BS1.pkl,Stage IIIA,10.0,AN,Breast,Alive,,45,,,No,No,No,1.0,1.0,10.0,10.0,IIIA,brca
TCGA-AN-A0G0,TCGA-AN-A0G0-01A-01-TS1.pkl,Stage IIA,16.0,AN,Breast,Alive,,56,,,No,No,No,1.0,1.0,16.0,16.0,IIA,brca
TCGA-AN-A0XL,TCGA-AN-A0XL-01A-01-BS1.pkl,Stage IIA,163.0,AN,Breast,Alive,,61,,,No,No,No,1.0,1.0,163.0,163.0,IIA,brca
TCGA-AN-A0XN,TCGA-AN-A0XN-01A-02-TSB.pkl,Stage IIIA,10.0,AN,Breast,Alive,,68,,,No,No,No,1.0,1.0,10.0,10.0,IIIA,brca
TCGA-AN-A0XO,TCGA-AN-A0XO-01A-01-TS1.pkl,Stage IIIA,375.0,AN,Breast,Alive,,59,,,No,No,No,1.0,1.0,375.0,375.0,IIIA,brca
TCGA-AN-A0XP,TCGA-AN-A0XP-01A-01-TSA.pkl,Stage IIIA,9.0,AN,Breast,Alive,,69,,,No,No,No,1.0,1.0,9.0,9.0,IIIA,brca
TCGA-AN-A0XR,TCGA-AN-A0XR-01A-01-TS1.pkl,Stage IIIA,10.0,AN,Breast,Alive,,55,,,No,No,No,1.0,1.0,10.0,10.0,IIIA,brca
TCGA-AN-A0XS,TCGA-AN-A0XS-01A-02-BSB.pkl,Stage IIIA,10.0,AN,Breast,Alive,,63,,,No,No,No,1.0,1.0,10.0,10.0,IIIA,brca
TCGA-AN-A0XT,TCGA-AN-A0XT-01A-01-BSA.pkl,Stage IIIA,10.0,AN,Breast,Alive,,54,,,No,No,No,1.0,1.0,10.0,10.0,IIIA,brca
TCGA-AN-A0XU,TCGA-AN-A0XU-01A-01-BSA.pkl,Stage IIA,10.0,AN,Breast,Alive,,54,,,No,No,No,1.0,1.0,10.0,10.0,IIA,brca
TCGA-AN-A0XV,TCGA-AN-A0XV-01A-01-BS1.pkl,Stage IIIA,162.0,AN,Breast,Alive,,67,,,No,No,No,1.0,1.0,162.0,162.0,IIIA,brca
TCGA-AN-A0XW,TCGA-AN-A0XW-01A-01-TSA.pkl,Stage IIIA,170.0,AN,Breast,Alive,,36,,,No,No,No,1.0,1.0,170.0,170.0,IIIA,brca
TCGA-AO-A03L,TCGA-AO-A03L-01A-04-BS4.pkl,Stage IIIA,2442.0,AO,Breast,Alive,,34,,,No,No,No,1.0,1.0,2442.0,2442.0,IIIA,brca
TCGA-AO-A03M,TCGA-AO-A03M-01B-01-TSA.pkl,Stage I,1866.0,AO,Breast,Alive,,29,,,No,No,No,1.0,1.0,1866.0,1866.0,I,brca
TCGA-AO-A03O,TCGA-AO-A03O-01A-01-TS1.pkl,Stage IIA,2483.0,AO,Breast,Dead,2483.0,69,,,No,No,No,0.0,1.0,2483.0,2483.0,IIA,brca
TCGA-AO-A03P,TCGA-AO-A03P-01A-01-BS1.pkl,Stage IIB,2911.0,AO,Breast,Dead,2911.0,54,1922.0,,Yes,Yes,No,0.0,0.0,2911.0,1922.0,IIB,brca
TCGA-AO-A03R,TCGA-AO-A03R-01A-02-BS2.pkl,Stage IIB,2091.0,AO,Breast,Alive,,57,,,No,No,No,1.0,1.0,2091.0,2091.0,IIB,brca
TCGA-AO-A03T,TCGA-AO-A03T-01A-01-BS1.pkl,Stage IIB,2124.0,AO,Breast,Alive,,42,,,No,No,No,1.0,1.0,2124.0,2124.0,IIB,brca
TCGA-AO-A03U,TCGA-AO-A03U-01B-02-BSB.pkl,Stage I,1793.0,AO,Breast,Dead,1793.0,31,,,No,No,No,0.0,1.0,1793.0,1793.0,I,brca
TCGA-AO-A03V,TCGA-AO-A03V-01A-01-TS1.pkl,Stage I,1351.0,AO,Breast,Alive,,41,,,No,No,No,1.0,1.0,1351.0,1351.0,I,brca
TCGA-AO-A0J2,TCGA-AO-A0J2-01A-01-BSA.pkl,Stage IA,997.0,AO,Breast,Alive,,41,,,No,No,No,1.0,1.0,997.0,997.0,IA,brca
TCGA-AO-A0J3,TCGA-AO-A0J3-01A-01-BSA.pkl,Stage IIB,651.0,AO,Breast,Alive,,67,,,No,No,No,1.0,1.0,651.0,651.0,IIB,brca
TCGA-AO-A0J4,TCGA-AO-A0J4-01A-01-TSA.pkl,Stage IA,1587.0,AO,Breast,Alive,,41,,,No,No,No,1.0,1.0,1587.0,1587.0,IA,brca
TCGA-AO-A0J5,TCGA-AO-A0J5-01A-01-TSA.pkl,Stage IV,792.0,AO,Breast,Dead,792.0,48,,,No,No,No,0.0,1.0,792.0,792.0,IV,brca
TCGA-AO-A0J6,TCGA-AO-A0J6-01A-01-BSA.pkl,Stage IIA,1140.0,AO,Breast,Alive,,61,,,No,No,No,1.0,1.0,1140.0,1140.0,IIA,brca
TCGA-AO-A0J7,TCGA-AO-A0J7-01A-01-TSA.pkl,Stage IIB,618.0,AO,Breast,Alive,,71,,,No,No,No,1.0,1.0,618.0,618.0,IIB,brca
TCGA-AO-A0J8,TCGA-AO-A0J8-01A-02-TSB.pkl,Stage IIA,680.0,AO,Breast,Alive,,61,,,No,No,No,1.0,1.0,680.0,680.0,IIA,brca
TCGA-AO-A0J9,TCGA-AO-A0J9-01A-01-TSA.pkl,Stage IIIC,1613.0,AO,Breast,Alive,,61,1066.0,,Yes,Yes,No,1.0,0.0,1613.0,1066.0,IIIC,brca
TCGA-AO-A0JA,TCGA-AO-A0JA-01A-01-BSA.pkl,Stage IIIC,655.0,AO,Breast,Alive,,36,143.0,,Yes,Yes,No,1.0,0.0,655.0,143.0,IIIC,brca
TCGA-AO-A0JB,TCGA-AO-A0JB-01A-01-TSA.pkl,Stage IIIA,1542.0,AO,Breast,Alive,,50,,,No,No,No,1.0,1.0,1542.0,1542.0,IIIA,brca
TCGA-AO-A0JC,TCGA-AO-A0JC-01A-01-TSA.pkl,Stage IIA,1547.0,AO,Breast,Alive,,64,,,No,No,No,1.0,1.0,1547.0,1547.0,IIA,brca
TCGA-AO-A0JD,TCGA-AO-A0JD-01A-01-TSA.pkl,Stage IIIA,2190.0,AO,Breast,Alive,,59,,,No,No,No,1.0,1.0,2190.0,2190.0,IIIA,brca
TCGA-AO-A0JE,TCGA-AO-A0JE-01A-01-TSA.pkl,Stage IIIA,2335.0,AO,Breast,Alive,,53,,,No,No,No,1.0,1.0,2335.0,2335.0,IIIA,brca
TCGA-AO-A0JF,TCGA-AO-A0JF-01A-01-TSA.pkl,Stage IIA,1980.0,AO,Breast,Alive,,68,,,No,No,No,1.0,1.0,1980.0,1980.0,IIA,brca
TCGA-AO-A0JG,TCGA-AO-A0JG-01A-03-MSC.pkl,Stage IIIA,798.0,AO,Breast,Alive,,49,,,No,No,No,1.0,1.0,798.0,798.0,IIIA,brca
TCGA-AO-A0JI,TCGA-AO-A0JI-01A-02-TSB.pkl,Stage IIA,1528.0,AO,Breast,Alive,,56,,,No,No,No,1.0,1.0,1528.0,1528.0,IIA,brca
TCGA-AO-A0JJ,TCGA-AO-A0JJ-01A-01-TSA.pkl,Stage IIB,1887.0,AO,Breast,Alive,,54,,,No,No,No,1.0,1.0,1887.0,1887.0,IIB,brca
TCGA-AO-A0JL,TCGA-AO-A0JL-01A-01-BSA.pkl,Stage IIIA,1683.0,AO,Breast,Alive,,59,,,No,No,No,1.0,1.0,1683.0,1683.0,IIIA,brca
TCGA-AO-A0JM,TCGA-AO-A0JM-01A-02-TSB.pkl,Stage IIB,2184.0,AO,Breast,Alive,,40,,,No,No,No,1.0,1.0,2184.0,2184.0,IIB,brca
TCGA-AO-A124,TCGA-AO-A124-01A-01-TSA.pkl,Stage IIA,3506.0,AO,Breast,Alive,,38,,,No,No,No,1.0,1.0,3506.0,3506.0,IIA,brca
TCGA-AO-A125,TCGA-AO-A125-01A-01-BS1.pkl,Stage IIA,3456.0,AO,Breast,Alive,,72,,,No,No,No,1.0,1.0,3456.0,3456.0,IIA,brca
TCGA-AO-A128,TCGA-AO-A128-01A-01-TSA.pkl,Stage IIA,3248.0,AO,Breast,Alive,,61,,,No,No,No,1.0,1.0,3248.0,3248.0,IIA,brca
TCGA-AO-A129,TCGA-AO-A129-01A-02-BSB.pkl,Stage IIB,3286.0,AO,Breast,Alive,,29,,,No,No,No,1.0,1.0,3286.0,3286.0,IIB,brca
TCGA-AO-A12A,TCGA-AO-A12A-01A-02-TSB.pkl,Stage IIA,3112.0,AO,Breast,Alive,,47,,,No,No,No,1.0,1.0,3112.0,3112.0,IIA,brca
TCGA-AO-A12B,TCGA-AO-A12B-01A-01-TSA.pkl,Stage IIA,2989.0,AO,Breast,Alive,,63,,,No,No,No,1.0,1.0,2989.0,2989.0,IIA,brca
TCGA-AO-A12C,TCGA-AO-A12C-01A-01-TSA.pkl,Stage IIB,2372.0,AO,Breast,Alive,,42,,,No,No,No,1.0,1.0,2372.0,2372.0,IIB,brca
TCGA-AO-A12D,TCGA-AO-A12D-01A-01-TSA.pkl,Stage IIA,2515.0,AO,Breast,Alive,,43,,,No,No,No,1.0,1.0,2515.0,2515.0,IIA,brca
TCGA-AO-A12E,TCGA-AO-A12E-01A-01-TSA.pkl,Stage IIB,2142.0,AO,Breast,Alive,,51,,,No,No,No,1.0,1.0,2142.0,2142.0,IIB,brca
TCGA-AO-A12F,TCGA-AO-A12F-01A-01-BSA.pkl,Stage IIA,1842.0,AO,Breast,Alive,,36,,,No,No,No,1.0,1.0,1842.0,1842.0,IIA,brca
TCGA-AO-A12G,TCGA-AO-A12G-01A-01-TSA.pkl,Stage IIA,1639.0,AO,Breast,Alive,,75,,,No,No,No,1.0,1.0,1639.0,1639.0,IIA,brca
TCGA-AO-A12H,TCGA-AO-A12H-01A-01-BSA.pkl,Stage IIA,1234.0,AO,Breast,Alive,,69,,,No,No,No,1.0,1.0,1234.0,1234.0,IIA,brca
TCGA-AO-A1KO,TCGA-AO-A1KO-01A-03-TSC.pkl,Stage IIB,622.0,AO,Breast,Alive,,46,,,No,No,No,1.0,1.0,622.0,622.0,IIB,brca
TCGA-AO-A1KP,TCGA-AO-A1KP-01A-01-TSA.pkl,Stage IIA,2953.0,AO,Breast,Alive,,77,,,No,No,No,1.0,1.0,2953.0,2953.0,IIA,brca
TCGA-AO-A1KQ,TCGA-AO-A1KQ-01A-01-TSA.pkl,Stage IIIB,1882.0,AO,Breast,Alive,,84,,,No,No,No,1.0,1.0,1882.0,1882.0,IIIB,brca
TCGA-AO-A1KR,TCGA-AO-A1KR-01A-01-TSA.pkl,Stage IIA,2513.0,AO,Breast,Alive,,51,,,No,No,No,1.0,1.0,2513.0,2513.0,IIA,brca
TCGA-AO-A1KS,TCGA-AO-A1KS-01A-01-TSA.pkl,Stage IIA,350.0,AO,Breast,Alive,,69,,,No,No,No,1.0,1.0,350.0,350.0,IIA,brca
TCGA-AO-A1KT,TCGA-AO-A1KT-01A-01-TSA.pkl,Stage IIA,541.0,AO,Breast,Alive,,78,,,No,No,No,1.0,1.0,541.0,541.0,IIA,brca
TCGA-AQ-A04H,TCGA-AQ-A04H-01B-01-BS1.pkl,Stage IIIA,754.0,AQ,Breast,Alive,,61,,,No,No,No,1.0,1.0,754.0,754.0,IIIA,brca
TCGA-AQ-A04J,TCGA-AQ-A04J-01A-01-BS1.pkl,Stage IIA,819.0,AQ,Breast,Alive,,45,,,No,No,No,1.0,1.0,819.0,819.0,IIA,brca
TCGA-AQ-A04L,TCGA-AQ-A04L-01B-02-BSB.pkl,Stage IIA,3957.0,AQ,Breast,Alive,,48,,,No,No,No,1.0,1.0,3957.0,3957.0,IIA,brca
TCGA-AQ-A0Y5,TCGA-AQ-A0Y5-01A-01-BSA.pkl,Stage IIIA,172.0,AQ,Breast,Dead,172.0,70,,,No,No,No,0.0,1.0,172.0,172.0,IIIA,brca
TCGA-AQ-A1H2,TCGA-AQ-A1H2-01A-01-TSA.pkl,Stage IIIA,475.0,AQ,Breast,Alive,,84,,,No,No,No,1.0,1.0,475.0,475.0,IIIA,brca
TCGA-AQ-A1H3,TCGA-AQ-A1H3-01A-03-TSC.pkl,Stage IIIC,989.0,AQ,Breast,Alive,,49,,,No,No,No,1.0,1.0,989.0,989.0,IIIC,brca
TCGA-AQ-A54N,TCGA-AQ-A54N-01A-01-TS1.pkl,Stage IIA,78.0,AQ,Breast,Alive,,51,,,No,No,No,1.0,1.0,78.0,78.0,IIA,brca
TCGA-AQ-A54O,TCGA-AQ-A54O-01A-01-TSA.pkl,Stage IIA,1001.0,AQ,Breast,Alive,,51,,,No,No,No,1.0,1.0,1001.0,1001.0,IIA,brca
TCGA-AQ-A7U7,TCGA-AQ-A7U7-01A-02-TSB.pkl,Stage IIIA,584.0,AQ,Breast,Dead,584.0,55,,,No,No,No,0.0,1.0,584.0,584.0,IIIA,brca
TCGA-AR-A0TP,TCGA-AR-A0TP-01A-01-TSA.pkl,Stage IIA,4275.0,AR,Breast,Alive,,43,,,No,No,No,1.0,1.0,4275.0,4275.0,IIA,brca
TCGA-AR-A0TQ,TCGA-AR-A0TQ-01A-01-BSA.pkl,Stage IIIA,2991.0,AR,Breast,Alive,,27,,,No,No,No,1.0,1.0,2991.0,2991.0,IIIA,brca
TCGA-AR-A0TR,TCGA-AR-A0TR-01A-01-TSA.pkl,Stage IIB,160.0,AR,Breast,Dead,160.0,68,,,No,No,No,0.0,1.0,160.0,160.0,IIB,brca
TCGA-AR-A0TS,TCGA-AR-A0TS-01A-01-TSA.pkl,Stage IIB,2558.0,AR,Breast,Alive,,46,,,No,No,No,1.0,1.0,2558.0,2558.0,IIB,brca
TCGA-AR-A0TT,TCGA-AR-A0TT-01A-03-TSC.pkl,Stage IIIA,3316.0,AR,Breast,Alive,,53,,,No,No,No,1.0,1.0,3316.0,3316.0,IIIA,brca
TCGA-AR-A0TU,TCGA-AR-A0TU-01A-03-BSC.pkl,Stage IIA,709.0,AR,Breast,Alive,,35,,,No,No,No,1.0,1.0,709.0,709.0,IIA,brca
TCGA-AR-A0TV,TCGA-AR-A0TV-01A-02-TSB.pkl,Stage IIA,2288.0,AR,Breast,Alive,,66,,,No,No,No,1.0,1.0,2288.0,2288.0,IIA,brca
TCGA-AR-A0TX,TCGA-AR-A0TX-01A-01-TSA.pkl,Stage IIA,1972.0,AR,Breast,Alive,,64,,,No,No,No,1.0,1.0,1972.0,1972.0,IIA,brca
TCGA-AR-A0TY,TCGA-AR-A0TY-01A-01-TSA.pkl,Stage IIA,1699.0,AR,Breast,Dead,1699.0,54,544.0,,Yes,Yes,No,0.0,0.0,1699.0,544.0,IIA,brca
TCGA-AR-A0U0,TCGA-AR-A0U0-01A-01-MSA.pkl,Stage IIB,1988.0,AR,Breast,Alive,,73,,,No,No,No,1.0,1.0,1988.0,1988.0,IIB,brca
TCGA-AR-A0U1,TCGA-AR-A0U1-01A-01-TSA.pkl,Stage IIB,4052.0,AR,Breast,Alive,,36,,,No,No,No,1.0,1.0,4052.0,4052.0,IIB,brca
TCGA-AR-A0U2,TCGA-AR-A0U2-01A-01-TSA.pkl,Stage IIIA,2551.0,AR,Breast,Dead,2551.0,47,1609.0,,Yes,Yes,No,0.0,0.0,2551.0,1609.0,IIIA,brca
TCGA-AR-A0U3,TCGA-AR-A0U3-01A-01-MS1.pkl,Stage IIB,4080.0,AR,Breast,Alive,,59,,,No,No,No,1.0,1.0,4080.0,4080.0,IIB,brca
TCGA-AR-A0U4,TCGA-AR-A0U4-01A-01-BSA.pkl,Stage IIA,3261.0,AR,Breast,Alive,,54,,,No,No,No,1.0,1.0,3261.0,3261.0,IIA,brca
TCGA-AR-A1AH,TCGA-AR-A1AH-01A-01-TS1.pkl,Stage IIB,3807.0,AR,Breast,Alive,,51,,,No,No,No,1.0,1.0,3807.0,3807.0,IIB,brca
TCGA-AR-A1AJ,TCGA-AR-A1AJ-01A-02-TSB.pkl,Stage I,2383.0,AR,Breast,Alive,,83,,,No,No,No,1.0,1.0,2383.0,2383.0,I,brca
TCGA-AR-A1AK,TCGA-AR-A1AK-01A-02-TSB.pkl,Stage I,3159.0,AR,Breast,Alive,,70,,,No,No,No,1.0,1.0,3159.0,3159.0,I,brca
TCGA-AR-A1AL,TCGA-AR-A1AL-01A-02-TSB.pkl,Stage IIIA,2971.0,AR,Breast,Alive,,60,,,No,No,No,1.0,1.0,2971.0,2971.0,IIIA,brca
TCGA-AR-A1AM,TCGA-AR-A1AM-01A-04-TSD.pkl,Stage IIIA,2991.0,AR,Breast,Alive,,52,,,No,No,No,1.0,1.0,2991.0,2991.0,IIIA,brca
TCGA-AR-A1AN,TCGA-AR-A1AN-01A-01-TS1.pkl,Stage IIA,2920.0,AR,Breast,Alive,,46,,,No,No,No,1.0,1.0,2920.0,2920.0,IIA,brca
TCGA-AR-A1AO,TCGA-AR-A1AO-01A-01-TSA.pkl,Stage IIA,2618.0,AR,Breast,Alive,,47,,,No,No,No,1.0,1.0,2618.0,2618.0,IIA,brca
TCGA-AR-A1AP,TCGA-AR-A1AP-01A-01-TSA.pkl,Stage I,2856.0,AR,Breast,Alive,,80,,,No,No,No,1.0,1.0,2856.0,2856.0,I,brca
TCGA-AR-A1AQ,TCGA-AR-A1AQ-01A-01-TSA.pkl,Stage IIA,3021.0,AR,Breast,Alive,,49,,,No,No,No,1.0,1.0,3021.0,3021.0,IIA,brca
TCGA-AR-A1AR,TCGA-AR-A1AR-01A-03-TSC.pkl,Stage IIIA,524.0,AR,Breast,Dead,524.0,50,,,No,No,No,0.0,1.0,524.0,524.0,IIIA,brca
TCGA-AR-A1AS,TCGA-AR-A1AS-01A-01-TSA.pkl,Stage IIB,1150.0,AR,Breast,Alive,,54,,,No,No,No,1.0,1.0,1150.0,1150.0,IIB,brca
TCGA-AR-A1AT,TCGA-AR-A1AT-01A-01-TSA.pkl,Stage IIA,1272.0,AR,Breast,Dead,1272.0,62,,,No,No,No,0.0,1.0,1272.0,1272.0,IIA,brca
TCGA-AR-A1AU,TCGA-AR-A1AU-01A-01-TSA.pkl,Stage IIIA,2868.0,AR,Breast,Alive,,39,,,No,No,No,1.0,1.0,2868.0,2868.0,IIIA,brca
TCGA-AR-A1AV,TCGA-AR-A1AV-01A-02-TSB.pkl,Stage IIB,1864.0,AR,Breast,Alive,,68,,,No,No,No,1.0,1.0,1864.0,1864.0,IIB,brca
TCGA-AR-A1AW,TCGA-AR-A1AW-01A-02-TSB.pkl,Stage IIA,2632.0,AR,Breast,Alive,,65,,,No,No,No,1.0,1.0,2632.0,2632.0,IIA,brca
TCGA-AR-A1AX,TCGA-AR-A1AX-01A-01-TSA.pkl,Stage I,2629.0,AR,Breast,Alive,,64,,,No,No,No,1.0,1.0,2629.0,2629.0,I,brca
TCGA-AR-A1AY,TCGA-AR-A1AY-01A-02-TSB.pkl,Stage I,1026.0,AR,Breast,Alive,,65,,,No,No,No,1.0,1.0,1026.0,1026.0,I,brca
TCGA-AR-A24H,TCGA-AR-A24H-01A-01-TSA.pkl,Stage IIA,4894.0,AR,Breast,Alive,,65,,,No,No,No,1.0,1.0,4894.0,4894.0,IIA,brca
TCGA-AR-A24K,TCGA-AR-A24K-01A-01-TSA.pkl,Stage IIA,1548.0,AR,Breast,Alive,,46,,,No,No,No,1.0,1.0,1548.0,1548.0,IIA,brca
TCGA-AR-A24L,TCGA-AR-A24L-01A-01-TSA.pkl,Stage IIB,2866.0,AR,Breast,Dead,2866.0,26,,1414.0,Yes,No,Yes,0.0,1.0,2866.0,2866.0,IIB,brca
TCGA-AR-A24M,TCGA-AR-A24M-01A-01-TSA.pkl,Stage IIIA,3660.0,AR,Breast,Alive,,38,,,No,No,No,1.0,1.0,3660.0,3660.0,IIIA,brca
TCGA-AR-A24N,TCGA-AR-A24N-01A-01-TSA.pkl,Stage I,3035.0,AR,Breast,Alive,,54,,,No,No,No,1.0,1.0,3035.0,3035.0,I,brca
TCGA-AR-A24P,TCGA-AR-A24P-01A-01-TSA.pkl,Stage I,84.0,AR,Breast,Alive,,47,,,No,No,No,1.0,1.0,84.0,84.0,I,brca
TCGA-AR-A24Q,TCGA-AR-A24Q-01A-01-TSA.pkl,Stage IIB,3172.0,AR,Breast,Alive,,49,,,No,No,No,1.0,1.0,3172.0,3172.0,IIB,brca
TCGA-AR-A24R,TCGA-AR-A24R-01A-01-TSA.pkl,Stage IIIA,3430.0,AR,Breast,Alive,,45,,,No,No,No,1.0,1.0,3430.0,3430.0,IIIA,brca
TCGA-AR-A24S,TCGA-AR-A24S-01A-01-TSA.pkl,Stage I,2976.0,AR,Breast,Alive,,61,,,No,No,No,1.0,1.0,2976.0,2976.0,I,brca
TCGA-AR-A24T,TCGA-AR-A24T-01A-01-TS1.pkl,Stage IIIC,3202.0,AR,Breast,Alive,,46,,,No,No,No,1.0,1.0,3202.0,3202.0,IIIC,brca
TCGA-AR-A24U,TCGA-AR-A24U-01A-01-TSA.pkl,Stage IIA,3128.0,AR,Breast,Alive,,47,,,No,No,No,1.0,1.0,3128.0,3128.0,IIA,brca
TCGA-AR-A24V,TCGA-AR-A24V-01A-02-TSB.pkl,Stage IIB,3203.0,AR,Breast,Alive,,52,,,No,No,No,1.0,1.0,3203.0,3203.0,IIB,brca
TCGA-AR-A24W,TCGA-AR-A24W-01A-01-TSA.pkl,Stage IIB,1550.0,AR,Breast,Alive,,55,,,No,No,No,1.0,1.0,1550.0,1550.0,IIB,brca
TCGA-AR-A24X,TCGA-AR-A24X-01A-01-TSA.pkl,Stage IIA,3004.0,AR,Breast,Alive,,52,,,No,No,No,1.0,1.0,3004.0,3004.0,IIA,brca
TCGA-AR-A24Z,TCGA-AR-A24Z-01A-01-TSA.pkl,Stage IIA,3001.0,AR,Breast,Alive,,57,,,No,No,No,1.0,1.0,3001.0,3001.0,IIA,brca
TCGA-AR-A250,TCGA-AR-A250-01A-03-TSC.pkl,Stage IIA,2707.0,AR,Breast,Alive,,58,,,No,No,No,1.0,1.0,2707.0,2707.0,IIA,brca
TCGA-AR-A251,TCGA-AR-A251-01A-01-TSA.pkl,Stage IIIA,3030.0,AR,Breast,Alive,,51,,,No,No,No,1.0,1.0,3030.0,3030.0,IIIA,brca
TCGA-AR-A252,TCGA-AR-A252-01A-01-TSA.pkl,Stage I,2838.0,AR,Breast,Alive,,50,,,No,No,No,1.0,1.0,2838.0,2838.0,I,brca
TCGA-AR-A254,TCGA-AR-A254-01A-02-TSB.pkl,Stage IIIA,2605.0,AR,Breast,Alive,,50,,,No,No,No,1.0,1.0,2605.0,2605.0,IIIA,brca
TCGA-AR-A255,TCGA-AR-A255-01A-01-TSA.pkl,Stage I,2161.0,AR,Breast,Alive,,62,,,No,No,No,1.0,1.0,2161.0,2161.0,I,brca
TCGA-AR-A256,TCGA-AR-A256-01A-01-TSA.pkl,Stage IIA,2854.0,AR,Breast,Dead,2854.0,45,,1640.0,Yes,No,Yes,0.0,1.0,2854.0,2854.0,IIA,brca
TCGA-AR-A2LE,TCGA-AR-A2LE-01A-01-TSA.pkl,Stage I,5062.0,AR,Breast,Alive,,69,,,No,No,No,1.0,1.0,5062.0,5062.0,I,brca
TCGA-AR-A2LH,TCGA-AR-A2LH-01A-03-TSC.pkl,Stage III,616.0,AR,Breast,Dead,616.0,55,434.0,,Yes,Yes,No,0.0,0.0,616.0,434.0,III,brca
TCGA-AR-A2LJ,TCGA-AR-A2LJ-01A-01-TSA.pkl,Stage IIIA,2632.0,AR,Breast,Alive,,40,,,No,No,No,1.0,1.0,2632.0,2632.0,IIIA,brca
TCGA-AR-A2LK,TCGA-AR-A2LK-01A-01-TSA.pkl,Stage III,1649.0,AR,Breast,Dead,1649.0,62,1304.0,,Yes,Yes,No,0.0,0.0,1649.0,1304.0,III,brca
TCGA-AR-A2LL,TCGA-AR-A2LL-01A-01-TSA.pkl,Stage IIB,2012.0,AR,Breast,Alive,,70,,,No,No,No,1.0,1.0,2012.0,2012.0,IIB,brca
TCGA-AR-A2LM,TCGA-AR-A2LM-01A-01-TSA.pkl,Stage II,1935.0,AR,Breast,Alive,,49,,,No,No,No,1.0,1.0,1935.0,1935.0,II,brca
TCGA-AR-A2LN,TCGA-AR-A2LN-01A-02-TSB.pkl,Stage IIA,1161.0,AR,Breast,Alive,,65,,,No,No,No,1.0,1.0,1161.0,1161.0,IIA,brca
TCGA-AR-A2LO,TCGA-AR-A2LO-01A-03-TSC.pkl,Stage IIB,1198.0,AR,Breast,Alive,,46,,,No,No,No,1.0,1.0,1198.0,1198.0,IIB,brca
TCGA-AR-A2LQ,TCGA-AR-A2LQ-01A-02-TSB.pkl,Stage IIB,1233.0,AR,Breast,Alive,,59,,,No,No,No,1.0,1.0,1233.0,1233.0,IIB,brca
TCGA-AR-A2LR,TCGA-AR-A2LR-01A-01-TSA.pkl,Stage I,1742.0,AR,Breast,Alive,,49,,,No,No,No,1.0,1.0,1742.0,1742.0,I,brca
TCGA-AR-A5QM,TCGA-AR-A5QM-01A-01-TSA.pkl,Stage IIA,2231.0,AR,Breast,Alive,,62,,,No,No,No,1.0,1.0,2231.0,2231.0,IIA,brca
TCGA-AR-A5QN,TCGA-AR-A5QN-01A-01-TSA.pkl,Stage IIIC,1013.0,AR,Breast,Alive,,68,,,No,No,No,1.0,1.0,1013.0,1013.0,IIIC,brca
TCGA-AR-A5QP,TCGA-AR-A5QP-01A-01-TSA.pkl,Stage IIB,1185.0,AR,Breast,Alive,,54,,,No,No,No,1.0,1.0,1185.0,1185.0,IIB,brca
TCGA-AR-A5QQ,TCGA-AR-A5QQ-01A-01-TSA.pkl,Stage IIIA,322.0,AR,Breast,Dead,322.0,68,301.0,,Yes,Yes,No,0.0,0.0,322.0,301.0,IIIA,brca
TCGA-B6-A0I1,TCGA-B6-A0I1-01A-01-BSA.pkl,Stage IIA,2361.0,B6,Breast,Dead,2361.0,73,1120.0,,Yes,Yes,No,0.0,0.0,2361.0,1120.0,IIA,brca
TCGA-B6-A0I2,TCGA-B6-A0I2-01A-01-TSA.pkl,Stage IA,4361.0,B6,Breast,Alive,,45,,,No,No,No,1.0,1.0,4361.0,4361.0,IA,brca
TCGA-B6-A0I5,TCGA-B6-A0I5-01A-01-BSA.pkl,Stage IIB,8556.0,B6,Breast,Alive,,49,,,No,No,No,1.0,1.0,8556.0,8556.0,IIB,brca
TCGA-B6-A0I6,TCGA-B6-A0I6-01A-01-BSA.pkl,Stage IIA,991.0,B6,Breast,Dead,991.0,49,859.0,,Yes,Yes,No,0.0,0.0,991.0,859.0,IIA,brca
TCGA-B6-A0I8,TCGA-B6-A0I8-01A-01-BSA.pkl,Stage X,749.0,B6,Breast,Dead,749.0,46,,746.0,Yes,No,Yes,0.0,1.0,749.0,749.0,X,brca
TCGA-B6-A0I9,TCGA-B6-A0I9-01A-01-BSA.pkl,Stage IV,362.0,B6,Breast,Dead,362.0,62,,,No,No,No,0.0,1.0,362.0,362.0,IV,brca
TCGA-B6-A0IA,TCGA-B6-A0IA-01A-01-BSA.pkl,Stage IIA,8391.0,B6,Breast,Alive,,51,,,No,No,No,1.0,1.0,8391.0,8391.0,IIA,brca
TCGA-B6-A0IB,TCGA-B6-A0IB-01A-01-TSA.pkl,Stage IV,3941.0,B6,Breast,Dead,3941.0,64,2717.0,,Yes,Yes,No,0.0,0.0,3941.0,2717.0,IV,brca
TCGA-B6-A0IC,TCGA-B6-A0IC-01A-01-TSA.pkl,Stage X,0.0,B6,Breast,Dead,0.0,89,,,No,No,No,0.0,1.0,0.0,0.0,X,brca
TCGA-B6-A0IE,TCGA-B6-A0IE-01A-01-BSA.pkl,Stage IIIA,1993.0,B6,Breast,Dead,1993.0,38,834.0,,Yes,Yes,No,0.0,0.0,1993.0,834.0,IIIA,brca
TCGA-B6-A0IG,TCGA-B6-A0IG-01A-01-TSA.pkl,Stage IIB,4456.0,B6,Breast,Dead,4456.0,50,,,No,No,No,0.0,1.0,4456.0,4456.0,IIB,brca
TCGA-B6-A0IH,TCGA-B6-A0IH-01A-01-BSA.pkl,Stage IIIA,2965.0,B6,Breast,Dead,2965.0,81,,,No,No,No,0.0,1.0,2965.0,2965.0,IIIA,brca
TCGA-B6-A0IJ,TCGA-B6-A0IJ-01A-01-TSA.pkl,Stage IIB,7106.0,B6,Breast,Alive,,42,,,No,No,No,1.0,1.0,7106.0,7106.0,IIB,brca
TCGA-B6-A0IK,TCGA-B6-A0IK-01A-01-BSA.pkl,Stage IIIB,571.0,B6,Breast,Dead,571.0,63,489.0,,Yes,Yes,No,0.0,0.0,571.0,489.0,IIIB,brca
TCGA-B6-A0IM,TCGA-B6-A0IM-01A-01-BSA.pkl,Stage IIB,3873.0,B6,Breast,Dead,3873.0,75,,,No,No,No,0.0,1.0,3873.0,3873.0,IIB,brca
TCGA-B6-A0IN,TCGA-B6-A0IN-01A-01-TSA.pkl,Stage X,2573.0,B6,Breast,Dead,2573.0,45,1412.0,,Yes,Yes,No,0.0,0.0,2573.0,1412.0,X,brca
TCGA-B6-A0IO,TCGA-B6-A0IO-01A-01-BSA.pkl,Stage IIA,5042.0,B6,Breast,Alive,,66,,,No,No,No,1.0,1.0,5042.0,5042.0,IIA,brca
TCGA-B6-A0IP,TCGA-B6-A0IP-01A-01-TSA.pkl,Stage IA,3926.0,B6,Breast,Dead,3926.0,74,,,No,No,No,0.0,1.0,3926.0,3926.0,IA,brca
TCGA-B6-A0IQ,TCGA-B6-A0IQ-01A-01-TSA.pkl,Stage IIIA,4285.0,B6,Breast,Alive,,40,,,No,No,No,1.0,1.0,4285.0,4285.0,IIIA,brca
TCGA-B6-A0RE,TCGA-B6-A0RE-01A-01-TS1.pkl,Stage X,7777.0,B6,Breast,Alive,,61,,,No,No,No,1.0,1.0,7777.0,7777.0,X,brca
TCGA-B6-A0RG,TCGA-B6-A0RG-01A-01-TS1.pkl,Stage IIB,2082.0,B6,Breast,Alive,,26,,,No,No,No,1.0,1.0,2082.0,2082.0,IIB,brca
TCGA-B6-A0RH,TCGA-B6-A0RH-01A-02-BSB.pkl,Stage IIA,6456.0,B6,Breast,Dead,6456.0,51,,2165.0,Yes,No,Yes,0.0,1.0,6456.0,6456.0,IIA,brca
TCGA-B6-A0RI,TCGA-B6-A0RI-01A-01-TS1.pkl,Stage IIIB,7126.0,B6,Breast,Alive,,44,,1100.0,Yes,No,Yes,1.0,1.0,7126.0,7126.0,IIIB,brca
TCGA-B6-A0RL,TCGA-B6-A0RL-01A-01-TSA.pkl,Stage IIA,2469.0,B6,Breast,Dead,2469.0,60,,,No,No,No,0.0,1.0,2469.0,2469.0,IIA,brca
TCGA-B6-A0RM,TCGA-B6-A0RM-01A-01-TSA.pkl,Stage X,2373.0,B6,Breast,Dead,2373.0,57,,,No,No,No,0.0,1.0,2373.0,2373.0,X,brca
TCGA-B6-A0RN,TCGA-B6-A0RN-01A-01-BSA.pkl,Stage IA,8008.0,B6,Breast,Alive,,60,,,No,No,No,1.0,1.0,8008.0,8008.0,IA,brca
TCGA-B6-A0RO,TCGA-B6-A0RO-01A-02-TSB.pkl,Stage IIIB,4929.0,B6,Breast,Alive,,71,,,No,No,No,1.0,1.0,4929.0,4929.0,IIIB,brca
TCGA-B6-A0RQ,TCGA-B6-A0RQ-01A-01-BSA.pkl,Stage IIB,4267.0,B6,Breast,Dead,4267.0,68,,,No,No,No,0.0,1.0,4267.0,4267.0,IIB,brca
TCGA-B6-A0RS,TCGA-B6-A0RS-01A-01-TS1.pkl,Stage IIA,3063.0,B6,Breast,Dead,3063.0,38,,,No,No,No,0.0,1.0,3063.0,3063.0,IIA,brca
TCGA-B6-A0RT,TCGA-B6-A0RT-01A-02-MSB.pkl,Stage IIIA,2721.0,B6,Breast,Alive,,39,,,No,No,No,1.0,1.0,2721.0,2721.0,IIIA,brca
TCGA-B6-A0RU,TCGA-B6-A0RU-01A-01-TSA.pkl,Stage IA,8605.0,B6,Breast,Alive,,40,,,No,No,No,1.0,1.0,8605.0,8605.0,IA,brca
TCGA-B6-A0RV,TCGA-B6-A0RV-01A-01-BSA.pkl,Stage IIIA,5156.0,B6,Breast,Alive,,42,,,No,No,No,1.0,1.0,5156.0,5156.0,IIIA,brca
TCGA-B6-A0WS,TCGA-B6-A0WS-01A-01-TS1.pkl,Stage X,2965.0,B6,Breast,Dead,2965.0,58,,,No,No,No,0.0,1.0,2965.0,2965.0,X,brca
TCGA-B6-A0WT,TCGA-B6-A0WT-01A-01-TS1.pkl,Stage IIB,5739.0,B6,Breast,Alive,,61,,,No,No,No,1.0,1.0,5739.0,5739.0,IIB,brca
TCGA-B6-A0WV,TCGA-B6-A0WV-01A-01-TS1.pkl,Stage IIB,2417.0,B6,Breast,Dead,2417.0,67,,,No,No,No,0.0,1.0,2417.0,2417.0,IIB,brca
TCGA-B6-A0WW,TCGA-B6-A0WW-01A-01-TS1.pkl,Stage X,558.0,B6,Breast,Dead,558.0,58,447.0,,Yes,Yes,No,0.0,0.0,558.0,447.0,X,brca
TCGA-B6-A0WX,TCGA-B6-A0WX-01A-01-BS1.pkl,Stage IIIA,639.0,B6,Breast,Dead,639.0,40,563.0,,Yes,Yes,No,0.0,0.0,639.0,563.0,IIIA,brca
TCGA-B6-A0WY,TCGA-B6-A0WY-01A-01-MS1.pkl,Stage IIIA,3461.0,B6,Breast,Dead,3461.0,40,2011.0,,Yes,Yes,No,0.0,0.0,3461.0,2011.0,IIIA,brca
TCGA-B6-A0WZ,TCGA-B6-A0WZ-01A-01-BS1.pkl,Stage II,6292.0,B6,Breast,Alive,,50,,,No,No,No,1.0,1.0,6292.0,6292.0,II,brca
TCGA-B6-A0X0,TCGA-B6-A0X0-01A-02-BSB.pkl,Stage I,3945.0,B6,Breast,Dead,3945.0,54,,,No,No,No,0.0,1.0,3945.0,3945.0,I,brca
TCGA-B6-A0X4,TCGA-B6-A0X4-01A-01-MS1.pkl,Stage IIB,860.0,B6,Breast,Dead,860.0,62,716.0,,Yes,Yes,No,0.0,0.0,860.0,716.0,IIB,brca
TCGA-B6-A0X5,TCGA-B6-A0X5-01A-02-BSB.pkl,Stage IIB,2097.0,B6,Breast,Dead,2097.0,61,1343.0,,Yes,Yes,No,0.0,0.0,2097.0,1343.0,IIB,brca
TCGA-B6-A0X7,TCGA-B6-A0X7-01A-01-TS1.pkl,Stage X,1781.0,B6,Breast,Dead,1781.0,62,,,No,No,No,0.0,1.0,1781.0,1781.0,X,brca
TCGA-B6-A1KC,TCGA-B6-A1KC-01B-01-TS1.pkl,Stage IIB,1326.0,B6,Breast,Alive,,67,,,No,No,No,1.0,1.0,1326.0,1326.0,IIB,brca
TCGA-B6-A1KF,TCGA-B6-A1KF-01A-01-TS1.pkl,Stage IIB,3088.0,B6,Breast,Alive,,68,,,No,No,No,1.0,1.0,3088.0,3088.0,IIB,brca
TCGA-B6-A1KI,TCGA-B6-A1KI-01A-01-TS1.pkl,Stage I,2236.0,B6,Breast,Alive,,63,,,No,No,No,1.0,1.0,2236.0,2236.0,I,brca
TCGA-B6-A1KN,TCGA-B6-A1KN-01A-01-TS1.pkl,Stage IIIB,4233.0,B6,Breast,Alive,,57,,,No,No,No,1.0,1.0,4233.0,4233.0,IIIB,brca
TCGA-B6-A2IU,TCGA-B6-A2IU-01A-03-TSC.pkl,Stage IIA,5176.0,B6,Breast,Alive,,62,,,No,No,No,1.0,1.0,5176.0,5176.0,IIA,brca
TCGA-B6-A3ZX,TCGA-B6-A3ZX-01A-01-TS1.pkl,Stage IV,1152.0,B6,Breast,Dead,1152.0,50,994.0,,Yes,Yes,No,0.0,0.0,1152.0,994.0,IV,brca
TCGA-B6-A400,TCGA-B6-A400-01A-01-TS1.pkl,Stage IIIA,215.0,B6,Breast,Alive,,43,,,No,No,No,1.0,1.0,215.0,215.0,IIIA,brca
TCGA-B6-A401,TCGA-B6-A401-01A-01-TS1.pkl,Stage IIA,2596.0,B6,Breast,Alive,,47,,,No,No,No,1.0,1.0,2596.0,2596.0,IIA,brca
TCGA-B6-A402,TCGA-B6-A402-01A-01-TS1.pkl,Stage I,2330.0,B6,Breast,Alive,,47,,1516.0,Yes,No,Yes,1.0,1.0,2330.0,2330.0,I,brca
TCGA-B6-A408,TCGA-B6-A408-01A-01-TS1.pkl,Stage IIIC,2072.0,B6,Breast,Alive,,55,,,No,No,No,1.0,1.0,2072.0,2072.0,IIIC,brca
TCGA-B6-A409,TCGA-B6-A409-01A-01-TS1.pkl,Stage IIIA,573.0,B6,Breast,Dead,573.0,44,456.0,,Yes,Yes,No,0.0,0.0,573.0,456.0,IIIA,brca
TCGA-B6-A40B,TCGA-B6-A40B-01A-01-TS1.pkl,Stage I,3152.0,B6,Breast,Alive,,76,,,No,No,No,1.0,1.0,3152.0,3152.0,I,brca
TCGA-B6-A40C,TCGA-B6-A40C-01A-01-TS1.pkl,Stage IIB,2164.0,B6,Breast,Alive,,51,,,No,No,No,1.0,1.0,2164.0,2164.0,IIB,brca
TCGA-BH-A0AU,TCGA-BH-A0AU-01A-01-BSA.pkl,Stage IIA,1914.0,BH,Breast,Alive,,45,,,No,No,No,1.0,1.0,1914.0,1914.0,IIA,brca
TCGA-BH-A0AV,TCGA-BH-A0AV-01A-03-MSC.pkl,Stage I,1820.0,BH,Breast,Alive,,52,,,No,No,No,1.0,1.0,1820.0,1820.0,I,brca
TCGA-BH-A0AW,TCGA-BH-A0AW-01A-01-TSA.pkl,Stage IIA,622.0,BH,Breast,Alive,,56,,,No,No,No,1.0,1.0,622.0,622.0,IIA,brca
TCGA-BH-A0AY,TCGA-BH-A0AY-01A-02-BSB.pkl,Stage IIA,777.0,BH,Breast,Alive,,62,,,No,No,No,1.0,1.0,777.0,777.0,IIA,brca
TCGA-BH-A0AZ,TCGA-BH-A0AZ-01A-02-BSB.pkl,Stage IIIA,1919.0,BH,Breast,Alive,,47,,,No,No,No,1.0,1.0,1919.0,1919.0,IIIA,brca
TCGA-BH-A0B0,TCGA-BH-A0B0-01A-02-TSB.pkl,Stage I,2477.0,BH,Breast,Alive,,56,,,No,No,No,1.0,1.0,2477.0,2477.0,I,brca
TCGA-BH-A0B1,TCGA-BH-A0B1-01A-01-TSA.pkl,Stage IIB,1148.0,BH,Breast,Alive,,66,,,No,No,No,1.0,1.0,1148.0,1148.0,IIB,brca
TCGA-BH-A0B3,TCGA-BH-A0B3-01A-01-BSA.pkl,Stage IIB,1203.0,BH,Breast,Alive,,53,,,No,No,No,1.0,1.0,1203.0,1203.0,IIB,brca
TCGA-BH-A0B4,TCGA-BH-A0B4-01A-01-TSA.pkl,Stage IIIA,1191.0,BH,Breast,Alive,,65,,,No,No,No,1.0,1.0,1191.0,1191.0,IIIA,brca
TCGA-BH-A0B5,TCGA-BH-A0B5-01A-01-TSA.pkl,Stage IIIA,2136.0,BH,Breast,Alive,,40,,,No,No,No,1.0,1.0,2136.0,2136.0,IIIA,brca
TCGA-BH-A0B6,TCGA-BH-A0B6-01A-01-BSA.pkl,Stage I,2483.0,BH,Breast,Alive,,47,,,No,No,No,1.0,1.0,2483.0,2483.0,I,brca
TCGA-BH-A0B7,TCGA-BH-A0B7-01A-01-BSA.pkl,Stage IIB,2559.0,BH,Breast,Alive,,42,,,No,No,No,1.0,1.0,2559.0,2559.0,IIB,brca
TCGA-BH-A0B8,TCGA-BH-A0B8-01A-02-TSB.pkl,Stage I,1569.0,BH,Breast,Alive,,64,,,No,No,No,1.0,1.0,1569.0,1569.0,I,brca
TCGA-BH-A0B9,TCGA-BH-A0B9-01A-01-BSA.pkl,Stage IA,1572.0,BH,Breast,Alive,,44,,,No,No,No,1.0,1.0,1572.0,1572.0,IA,brca
TCGA-BH-A0BA,TCGA-BH-A0BA-01A-01-BSA.pkl,Stage IIIC,1132.0,BH,Breast,Alive,,51,,,No,No,No,1.0,1.0,1132.0,1132.0,IIIC,brca
TCGA-BH-A0BC,TCGA-BH-A0BC-01A-02-BSB.pkl,Stage IIIC,974.0,BH,Breast,Alive,,60,,,No,No,No,1.0,1.0,974.0,974.0,IIIC,brca
TCGA-BH-A0BD,TCGA-BH-A0BD-01A-01-TSA.pkl,Stage IIA,554.0,BH,Breast,Alive,,47,,,No,No,No,1.0,1.0,554.0,554.0,IIA,brca
TCGA-BH-A0BF,TCGA-BH-A0BF-01A-02-TSB.pkl,Stage IIB,1324.0,BH,Breast,Dead,1324.0,56,,,No,No,No,0.0,1.0,1324.0,1324.0,IIB,brca
TCGA-BH-A0BG,TCGA-BH-A0BG-01A-01-BSA.pkl,Stage I,1871.0,BH,Breast,Alive,,73,,,No,No,No,1.0,1.0,1871.0,1871.0,I,brca
TCGA-BH-A0BJ,TCGA-BH-A0BJ-01A-01-BSA.pkl,Stage IIB,660.0,BH,Breast,Alive,,41,,,No,No,No,1.0,1.0,660.0,660.0,IIB,brca
TCGA-BH-A0BL,TCGA-BH-A0BL-01A-01-BSA.pkl,Stage I,2278.0,BH,Breast,Alive,,35,,,No,No,No,1.0,1.0,2278.0,2278.0,I,brca
TCGA-BH-A0BM,TCGA-BH-A0BM-01A-01-TSA.pkl,Stage IIB,1876.0,BH,Breast,Alive,,54,,,No,No,No,1.0,1.0,1876.0,1876.0,IIB,brca
TCGA-BH-A0BO,TCGA-BH-A0BO-01A-01-BSA.pkl,Stage I,2197.0,BH,Breast,Alive,,54,,,No,No,No,1.0,1.0,2197.0,2197.0,I,brca
TCGA-BH-A0BP,TCGA-BH-A0BP-01A-01-BSA.pkl,Stage I,2296.0,BH,Breast,Dead,2296.0,76,,,No,No,No,0.0,1.0,2296.0,2296.0,I,brca
TCGA-BH-A0BQ,TCGA-BH-A0BQ-01A-02-BSB.pkl,Stage I,2255.0,BH,Breast,Alive,,39,,1709.0,Yes,No,Yes,1.0,1.0,2255.0,2255.0,I,brca
TCGA-BH-A0BR,TCGA-BH-A0BR-01A-02-BSB.pkl,Stage I,2330.0,BH,Breast,Alive,,59,,,No,No,No,1.0,1.0,2330.0,2330.0,I,brca
TCGA-BH-A0BS,TCGA-BH-A0BS-01A-01-BSA.pkl,Stage IIIA,2612.0,BH,Breast,Alive,,55,,,No,No,No,1.0,1.0,2612.0,2612.0,IIIA,brca
TCGA-BH-A0BT,TCGA-BH-A0BT-01A-01-BSA.pkl,Stage IIA,2365.0,BH,Breast,Alive,,56,,,No,No,No,1.0,1.0,2365.0,2365.0,IIA,brca
TCGA-BH-A0BV,TCGA-BH-A0BV-01A-01-TSA.pkl,Stage IIB,1519.0,BH,Breast,Alive,,78,,,No,No,No,1.0,1.0,1519.0,1519.0,IIB,brca
TCGA-BH-A0BW,TCGA-BH-A0BW-01A-01-BSA.pkl,Stage I,2371.0,BH,Breast,Alive,,71,,,No,No,No,1.0,1.0,2371.0,2371.0,I,brca
TCGA-BH-A0BZ,TCGA-BH-A0BZ-01A-03-BSC.pkl,Stage IIIA,2255.0,BH,Breast,Alive,,59,,,No,No,No,1.0,1.0,2255.0,2255.0,IIIA,brca
TCGA-BH-A0C0,TCGA-BH-A0C0-01A-02-TSB.pkl,Stage IIA,1270.0,BH,Breast,Alive,,62,,,No,No,No,1.0,1.0,1270.0,1270.0,IIA,brca
TCGA-BH-A0C1,TCGA-BH-A0C1-01B-01-BS1.pkl,Stage IIIA,1411.0,BH,Breast,Dead,1411.0,61,1123.0,,Yes,Yes,No,0.0,0.0,1411.0,1123.0,IIIA,brca
TCGA-BH-A0C3,TCGA-BH-A0C3-01A-02-BSB.pkl,Stage I,2709.0,BH,Breast,Alive,,47,2674.0,,Yes,Yes,No,1.0,0.0,2709.0,2674.0,I,brca
TCGA-BH-A0C7,TCGA-BH-A0C7-01B-01-BSA.pkl,Stage IIB,2767.0,BH,Breast,Alive,,48,,,No,No,No,1.0,1.0,2767.0,2767.0,IIB,brca
TCGA-BH-A0DD,TCGA-BH-A0DD-01A-03-BSC.pkl,Stage IIB,2486.0,BH,Breast,Alive,,58,,,No,No,No,1.0,1.0,2486.0,2486.0,IIB,brca
TCGA-BH-A0DE,TCGA-BH-A0DE-01A-01-BSA.pkl,Stage IIA,2372.0,BH,Breast,Alive,,62,,,No,No,No,1.0,1.0,2372.0,2372.0,IIA,brca
TCGA-BH-A0DG,TCGA-BH-A0DG-01A-02-BSB.pkl,Stage IIA,2041.0,BH,Breast,Alive,,30,,,No,No,No,1.0,1.0,2041.0,2041.0,IIA,brca
TCGA-BH-A0DH,TCGA-BH-A0DH-01A-01-TSA.pkl,Stage IIB,1156.0,BH,Breast,Alive,,63,,,No,No,No,1.0,1.0,1156.0,1156.0,IIB,brca
TCGA-BH-A0DI,TCGA-BH-A0DI-01A-02-TSB.pkl,Stage IIB,912.0,BH,Breast,Alive,,63,,,No,No,No,1.0,1.0,912.0,912.0,IIB,brca
TCGA-BH-A0DK,TCGA-BH-A0DK-01A-02-TSB.pkl,Stage IIA,423.0,BH,Breast,Alive,,49,,,No,No,No,1.0,1.0,423.0,423.0,IIA,brca
TCGA-BH-A0DL,TCGA-BH-A0DL-01A-01-BSA.pkl,Stage IIA,2381.0,BH,Breast,Alive,,64,,,No,No,No,1.0,1.0,2381.0,2381.0,IIA,brca
TCGA-BH-A0DO,TCGA-BH-A0DO-01B-01-TS1.pkl,Stage I,1644.0,BH,Breast,Alive,,78,,,No,No,No,1.0,1.0,1644.0,1644.0,I,brca
TCGA-BH-A0DP,TCGA-BH-A0DP-01A-02-BSB.pkl,Stage IIB,476.0,BH,Breast,Alive,,60,,,No,No,No,1.0,1.0,476.0,476.0,IIB,brca
TCGA-BH-A0DQ,TCGA-BH-A0DQ-01A-01-TSA.pkl,Stage IIB,98.0,BH,Breast,Alive,,42,,,No,No,No,1.0,1.0,98.0,98.0,IIB,brca
TCGA-BH-A0DS,TCGA-BH-A0DS-01A-01-BSA.pkl,Stage IIIA,78.0,BH,Breast,Alive,,71,,,No,No,No,1.0,1.0,78.0,78.0,IIIA,brca
TCGA-BH-A0DT,TCGA-BH-A0DT-01A-02-TSB.pkl,Stage IIA,2403.0,BH,Breast,Alive,,41,,,No,No,No,1.0,1.0,2403.0,2403.0,IIA,brca
TCGA-BH-A0DV,TCGA-BH-A0DV-01A-02-BSB.pkl,Stage IIIA,2064.0,BH,Breast,Alive,,54,,,No,No,No,1.0,1.0,2064.0,2064.0,IIIA,brca
TCGA-BH-A0DX,TCGA-BH-A0DX-01A-01-TSA.pkl,Stage I,2156.0,BH,Breast,Alive,,62,,,No,No,No,1.0,1.0,2156.0,2156.0,I,brca
TCGA-BH-A0DZ,TCGA-BH-A0DZ-01A-01-BSA.pkl,Stage IIB,495.0,BH,Breast,Alive,,43,,,No,No,No,1.0,1.0,495.0,495.0,IIB,brca
TCGA-BH-A0E0,TCGA-BH-A0E0-01A-01-TSA.pkl,Stage IIIC,134.0,BH,Breast,Alive,,38,,,No,No,No,1.0,1.0,134.0,134.0,IIIC,brca
TCGA-BH-A0E1,TCGA-BH-A0E1-01A-01-TSA.pkl,Stage IIB,477.0,BH,Breast,Alive,,52,,,No,No,No,1.0,1.0,477.0,477.0,IIB,brca
TCGA-BH-A0E2,TCGA-BH-A0E2-01A-01-BSA.pkl,Stage IIIA,435.0,BH,Breast,Alive,,49,,,No,No,No,1.0,1.0,435.0,435.0,IIIA,brca
TCGA-BH-A0E6,TCGA-BH-A0E6-01A-01-TSA.pkl,Stage IA,293.0,BH,Breast,Alive,,69,,,No,No,No,1.0,1.0,293.0,293.0,IA,brca
TCGA-BH-A0E7,TCGA-BH-A0E7-01A-01-BSA.pkl,Stage IIB,1363.0,BH,Breast,Alive,,79,,,No,No,No,1.0,1.0,1363.0,1363.0,IIB,brca
TCGA-BH-A0E9,TCGA-BH-A0E9-01B-01-BSA.pkl,Stage IIB,2489.0,BH,Breast,Alive,,53,,,No,No,No,1.0,1.0,2489.0,2489.0,IIB,brca
TCGA-BH-A0EA,TCGA-BH-A0EA-01A-01-TSA.pkl,Stage IIA,991.0,BH,Breast,Dead,991.0,72,,,No,No,No,0.0,1.0,991.0,991.0,IIA,brca
TCGA-BH-A0EB,TCGA-BH-A0EB-01A-01-BSA.pkl,Stage IA,745.0,BH,Breast,Alive,,69,,,No,No,No,1.0,1.0,745.0,745.0,IA,brca
TCGA-BH-A0EE,TCGA-BH-A0EE-01A-01-BSA.pkl,Stage IIB,943.0,BH,Breast,Alive,,68,,,No,No,No,1.0,1.0,943.0,943.0,IIB,brca
TCGA-BH-A0EI,TCGA-BH-A0EI-01A-01-BSA.pkl,Stage IIA,1926.0,BH,Breast,Alive,,51,,,No,No,No,1.0,1.0,1926.0,1926.0,IIA,brca
TCGA-BH-A0GY,TCGA-BH-A0GY-01A-01-TSA.pkl,Stage IIA,923.0,BH,Breast,Alive,,67,,,No,No,No,1.0,1.0,923.0,923.0,IIA,brca
TCGA-BH-A0GZ,TCGA-BH-A0GZ-01A-01-TSA.pkl,Stage IIA,328.0,BH,Breast,Alive,,62,,,No,No,No,1.0,1.0,328.0,328.0,IIA,brca
TCGA-BH-A0H0,TCGA-BH-A0H0-01A-01-TSA.pkl,Stage IA,461.0,BH,Breast,Alive,,69,,,No,No,No,1.0,1.0,461.0,461.0,IA,brca
TCGA-BH-A0H3,TCGA-BH-A0H3-01A-01-TSA.pkl,Stage I,1928.0,BH,Breast,Alive,,46,,,No,No,No,1.0,1.0,1928.0,1928.0,I,brca
TCGA-BH-A0H5,TCGA-BH-A0H5-01A-02-BSB.pkl,Stage I,1620.0,BH,Breast,Alive,,45,,,No,No,No,1.0,1.0,1620.0,1620.0,I,brca
TCGA-BH-A0H6,TCGA-BH-A0H6-01A-02-TSB.pkl,Stage I,747.0,BH,Breast,Alive,,82,,,No,No,No,1.0,1.0,747.0,747.0,I,brca
TCGA-BH-A0H7,TCGA-BH-A0H7-01A-01-TSA.pkl,Stage IIIA,702.0,BH,Breast,Alive,,65,,,No,No,No,1.0,1.0,702.0,702.0,IIIA,brca
TCGA-BH-A0H9,TCGA-BH-A0H9-01A-01-BSA.pkl,Stage IIA,1247.0,BH,Breast,Alive,,69,,,No,No,No,1.0,1.0,1247.0,1247.0,IIA,brca
TCGA-BH-A0HA,TCGA-BH-A0HA-01A-01-BSA.pkl,Stage I,1611.0,BH,Breast,Alive,,31,,,No,No,No,1.0,1.0,1611.0,1611.0,I,brca
TCGA-BH-A0HB,TCGA-BH-A0HB-01A-01-BSA.pkl,Stage IA,806.0,BH,Breast,Alive,,55,,,No,No,No,1.0,1.0,806.0,806.0,IA,brca
TCGA-BH-A0HF,TCGA-BH-A0HF-01A-01-BSA.pkl,Stage IA,727.0,BH,Breast,Alive,,77,,,No,No,No,1.0,1.0,727.0,727.0,IA,brca
TCGA-BH-A0HI,TCGA-BH-A0HI-01A-01-TSA.pkl,Stage IA,620.0,BH,Breast,Alive,,78,,,No,No,No,1.0,1.0,620.0,620.0,IA,brca
TCGA-BH-A0HK,TCGA-BH-A0HK-01A-01-BSA.pkl,Stage IIB,178.0,BH,Breast,Alive,,81,,,No,No,No,1.0,1.0,178.0,178.0,IIB,brca
TCGA-BH-A0HL,TCGA-BH-A0HL-01A-01-TSA.pkl,Stage IIB,72.0,BH,Breast,Alive,,56,,,No,No,No,1.0,1.0,72.0,72.0,IIB,brca
TCGA-BH-A0HN,TCGA-BH-A0HN-01A-01-TSA.pkl,Stage IA,516.0,BH,Breast,Alive,,67,,,No,No,No,1.0,1.0,516.0,516.0,IA,brca
TCGA-BH-A0HO,TCGA-BH-A0HO-01A-01-BSA.pkl,Stage IIA,76.0,BH,Breast,Alive,,48,,,No,No,No,1.0,1.0,76.0,76.0,IIA,brca
TCGA-BH-A0HP,TCGA-BH-A0HP-01A-01-TSA.pkl,Stage IIIA,414.0,BH,Breast,Alive,,65,,,No,No,No,1.0,1.0,414.0,414.0,IIIA,brca
TCGA-BH-A0HQ,TCGA-BH-A0HQ-01A-01-BSA.pkl,Stage IIA,1121.0,BH,Breast,Alive,,56,,,No,No,No,1.0,1.0,1121.0,1121.0,IIA,brca
TCGA-BH-A0HU,TCGA-BH-A0HU-01A-01-TSA.pkl,Stage IA,392.0,BH,Breast,Alive,,52,,,No,No,No,1.0,1.0,392.0,392.0,IA,brca
TCGA-BH-A0HW,TCGA-BH-A0HW-01A-01-BSA.pkl,Stage IA,1561.0,BH,Breast,Alive,,62,,,No,No,No,1.0,1.0,1561.0,1561.0,IA,brca
TCGA-BH-A0HX,TCGA-BH-A0HX-01A-02-TSB.pkl,Stage IIB,829.0,BH,Breast,Alive,,54,,,No,No,No,1.0,1.0,829.0,829.0,IIB,brca
TCGA-BH-A0HY,TCGA-BH-A0HY-01A-01-TSA.pkl,Stage I,1545.0,BH,Breast,Alive,,60,,,No,No,No,1.0,1.0,1545.0,1545.0,I,brca
TCGA-BH-A0RX,TCGA-BH-A0RX-01A-02-TSB.pkl,Stage IIA,170.0,BH,Breast,Alive,,59,,,No,No,No,1.0,1.0,170.0,170.0,IIA,brca
TCGA-BH-A0W3,TCGA-BH-A0W3-01A-01-TS1.pkl,Stage IIA,728.0,BH,Breast,Alive,,58,,,No,No,No,1.0,1.0,728.0,728.0,IIA,brca
TCGA-BH-A0W4,TCGA-BH-A0W4-01A-01-BSA.pkl,Stage IIA,759.0,BH,Breast,Alive,,46,,,No,No,No,1.0,1.0,759.0,759.0,IIA,brca
TCGA-BH-A0W5,TCGA-BH-A0W5-01A-01-TSA.pkl,Stage IIA,1288.0,BH,Breast,Alive,,77,,,No,No,No,1.0,1.0,1288.0,1288.0,IIA,brca
TCGA-BH-A0W7,TCGA-BH-A0W7-01A-01-MS1.pkl,Stage I,1363.0,BH,Breast,Alive,,49,,,No,No,No,1.0,1.0,1363.0,1363.0,I,brca
TCGA-BH-A0WA,TCGA-BH-A0WA-01A-01-TS1.pkl,Stage I,701.0,BH,Breast,Alive,,82,,,No,No,No,1.0,1.0,701.0,701.0,I,brca
TCGA-BH-A18F,TCGA-BH-A18F-01A-01-TSA.pkl,Stage IIA,1001.0,BH,Breast,Alive,,50,,,No,No,No,1.0,1.0,1001.0,1001.0,IIA,brca
TCGA-BH-A18G,TCGA-BH-A18G-01A-01-TSA.pkl,Stage IA,149.0,BH,Breast,Alive,,81,,,No,No,No,1.0,1.0,149.0,149.0,IA,brca
TCGA-BH-A18H,TCGA-BH-A18H-01A-01-TSA.pkl,Stage IA,652.0,BH,Breast,Alive,,63,,,No,No,No,1.0,1.0,652.0,652.0,IA,brca
TCGA-BH-A18I,TCGA-BH-A18I-01A-01-TSA.pkl,Stage IIA,1093.0,BH,Breast,Alive,,53,,,No,No,No,1.0,1.0,1093.0,1093.0,IIA,brca
TCGA-BH-A18J,TCGA-BH-A18J-01A-01-TSA.pkl,Stage IV,612.0,BH,Breast,Dead,612.0,56,,,No,No,No,0.0,1.0,612.0,612.0,IV,brca
TCGA-BH-A18K,TCGA-BH-A18K-01A-01-TSA.pkl,Stage I,2763.0,BH,Breast,Dead,2763.0,46,,,No,No,No,0.0,1.0,2763.0,2763.0,I,brca
TCGA-BH-A18L,TCGA-BH-A18L-01A-03-TSC.pkl,Stage IIIA,811.0,BH,Breast,Dead,811.0,50,,,No,No,No,0.0,1.0,811.0,811.0,IIIA,brca
TCGA-BH-A18M,TCGA-BH-A18M-01A-01-TSA.pkl,Stage IIIA,2207.0,BH,Breast,Dead,2207.0,39,,,No,No,No,0.0,1.0,2207.0,2207.0,IIIA,brca
TCGA-BH-A18N,TCGA-BH-A18N-01A-01-TSA.pkl,Stage IIA,468.0,BH,Breast,Dead,468.0,88,,,No,No,No,0.0,1.0,468.0,468.0,IIA,brca
TCGA-BH-A18P,TCGA-BH-A18P-01A-01-TSA.pkl,Stage I,921.0,BH,Breast,Dead,921.0,60,,,No,No,No,0.0,1.0,921.0,921.0,I,brca
TCGA-BH-A18Q,TCGA-BH-A18Q-01A-01-TSA.pkl,Stage IIB,1692.0,BH,Breast,Dead,1692.0,56,,,No,No,No,0.0,1.0,1692.0,1692.0,IIB,brca
TCGA-BH-A18R,TCGA-BH-A18R-01A-01-TSA.pkl,Stage IIA,1142.0,BH,Breast,Dead,1142.0,50,,,No,No,No,0.0,1.0,1142.0,1142.0,IIA,brca
TCGA-BH-A18S,TCGA-BH-A18S-01A-01-TSA.pkl,Stage I,2009.0,BH,Breast,Dead,2009.0,79,,,No,No,No,0.0,1.0,2009.0,2009.0,I,brca
TCGA-BH-A18T,TCGA-BH-A18T-01A-01-TSA.pkl,Stage IIA,224.0,BH,Breast,Dead,224.0,70,,,No,No,No,0.0,1.0,224.0,224.0,IIA,brca
TCGA-BH-A18U,TCGA-BH-A18U-01A-02-TSB.pkl,Stage IIIA,1563.0,BH,Breast,Dead,1563.0,72,,,No,No,No,0.0,1.0,1563.0,1563.0,IIIA,brca
TCGA-BH-A18V,TCGA-BH-A18V-01A-01-TSA.pkl,Stage IIB,1556.0,BH,Breast,Dead,1556.0,48,,,No,No,No,0.0,1.0,1556.0,1556.0,IIB,brca
TCGA-BH-A1EN,TCGA-BH-A1EN-01A-01-TS1.pkl,Stage IIA,2127.0,BH,Breast,Dead,2127.0,78,,,No,No,No,0.0,1.0,2127.0,2127.0,IIA,brca
TCGA-BH-A1EO,TCGA-BH-A1EO-01A-01-TSA.pkl,Stage IIA,2798.0,BH,Breast,Dead,2798.0,68,,,No,No,No,0.0,1.0,2798.0,2798.0,IIA,brca
TCGA-BH-A1ES,TCGA-BH-A1ES-01A-01-TSA.pkl,Stage IIB,3462.0,BH,Breast,Dead,3462.0,35,,,No,No,No,0.0,1.0,3462.0,3462.0,IIB,brca
TCGA-BH-A1ET,TCGA-BH-A1ET-01A-01-TSA.pkl,Stage I,2520.0,BH,Breast,Dead,2520.0,55,,,No,No,No,0.0,1.0,2520.0,2520.0,I,brca
TCGA-BH-A1EU,TCGA-BH-A1EU-01A-01-TSA.pkl,Stage I,1286.0,BH,Breast,Dead,1286.0,83,,,No,No,No,0.0,1.0,1286.0,1286.0,I,brca
TCGA-BH-A1EV,TCGA-BH-A1EV-01A-01-TSA.pkl,Stage IIIA,365.0,BH,Breast,Dead,365.0,45,,,No,No,No,0.0,1.0,365.0,365.0,IIIA,brca
TCGA-BH-A1EW,TCGA-BH-A1EW-01A-01-TSA.pkl,Stage IIA,1694.0,BH,Breast,Dead,1694.0,38,,,No,No,No,0.0,1.0,1694.0,1694.0,IIA,brca
TCGA-BH-A1EX,TCGA-BH-A1EX-01A-01-TSA.pkl,Stage IIB,1508.0,BH,Breast,Dead,1508.0,67,,,No,No,No,0.0,1.0,1508.0,1508.0,IIB,brca
TCGA-BH-A1EY,TCGA-BH-A1EY-01A-01-TSA.pkl,Stage IIA,538.0,BH,Breast,Dead,538.0,79,396.0,,Yes,Yes,No,0.0,0.0,538.0,396.0,IIA,brca
TCGA-BH-A1F0,TCGA-BH-A1F0-01A-01-TSA.pkl,Stage IIA,785.0,BH,Breast,Dead,785.0,80,,,No,No,No,0.0,1.0,785.0,785.0,IIA,brca
TCGA-BH-A1F2,TCGA-BH-A1F2-01A-03-TSC.pkl,Stage IIIB,959.0,BH,Breast,Dead,959.0,53,,,No,No,No,0.0,1.0,959.0,959.0,IIIB,brca
TCGA-BH-A1F5,TCGA-BH-A1F5-01A-01-TSA.pkl,Stage IIA,2712.0,BH,Breast,Dead,2712.0,62,,,No,No,No,0.0,1.0,2712.0,2712.0,IIA,brca
TCGA-BH-A1F8,TCGA-BH-A1F8-01A-01-TSA.pkl,Stage IIIB,1.0,BH,Breast,Dead,1.0,89,,,No,No,No,0.0,1.0,1.0,1.0,IIIB,brca
TCGA-BH-A1FB,TCGA-BH-A1FB-01A-01-TSA.pkl,Stage IIB,3669.0,BH,Breast,Dead,3669.0,60,,,No,No,No,0.0,1.0,3669.0,3669.0,IIB,brca
TCGA-BH-A1FC,TCGA-BH-A1FC-01A-01-TSA.pkl,Stage IIA,3472.0,BH,Breast,Dead,3472.0,78,,,No,No,No,0.0,1.0,3472.0,3472.0,IIA,brca
TCGA-BH-A1FD,TCGA-BH-A1FD-01A-01-TSA.pkl,Stage I,1009.0,BH,Breast,Dead,1009.0,68,,,No,No,No,0.0,1.0,1009.0,1009.0,I,brca
TCGA-BH-A1FE,TCGA-BH-A1FE-01A-01-TSA.pkl,Stage IIB,2273.0,BH,Breast,Dead,2273.0,31,,,No,No,No,0.0,1.0,2273.0,2273.0,IIB,brca
TCGA-BH-A1FG,TCGA-BH-A1FG-01A-01-TSA.pkl,Stage I,577.0,BH,Breast,Dead,577.0,88,,,No,No,No,0.0,1.0,577.0,577.0,I,brca
TCGA-BH-A1FH,TCGA-BH-A1FH-01A-01-TSA.pkl,Stage IV,1034.0,BH,Breast,Dead,1034.0,47,,,No,No,No,0.0,1.0,1034.0,1034.0,IV,brca
TCGA-BH-A1FJ,TCGA-BH-A1FJ-01A-01-TSA.pkl,Stage IIIA,1927.0,BH,Breast,Dead,1927.0,66,,,No,No,No,0.0,1.0,1927.0,1927.0,IIIA,brca
TCGA-BH-A1FL,TCGA-BH-A1FL-01A-01-TSA.pkl,Stage IIB,1673.0,BH,Breast,Dead,1673.0,69,,,No,No,No,0.0,1.0,1673.0,1673.0,IIB,brca
TCGA-BH-A1FM,TCGA-BH-A1FM-01A-01-TSA.pkl,Stage IIIA,1388.0,BH,Breast,Dead,1388.0,44,,,No,No,No,0.0,1.0,1388.0,1388.0,IIIA,brca
TCGA-BH-A1FN,TCGA-BH-A1FN-01A-01-TSA.pkl,Stage IIA,2192.0,BH,Breast,Dead,2192.0,34,,,No,No,No,0.0,1.0,2192.0,2192.0,IIA,brca
TCGA-BH-A1FR,TCGA-BH-A1FR-01A-01-TSA.pkl,Stage IIIB,1642.0,BH,Breast,Dead,1642.0,73,,,No,No,No,0.0,1.0,1642.0,1642.0,IIIB,brca
TCGA-BH-A1FU,TCGA-BH-A1FU-01A-01-TSA.pkl,Stage IA,1688.0,BH,Breast,Dead,1688.0,44,,,No,No,No,0.0,1.0,1688.0,1688.0,IA,brca
TCGA-BH-A201,TCGA-BH-A201-01A-01-TSA.pkl,Stage IA,856.0,BH,Breast,Alive,,64,,,No,No,No,1.0,1.0,856.0,856.0,IA,brca
TCGA-BH-A202,TCGA-BH-A202-01A-01-TSA.pkl,Stage II,795.0,BH,Breast,Alive,,60,,,No,No,No,1.0,1.0,795.0,795.0,II,brca
TCGA-BH-A203,TCGA-BH-A203-01A-01-TSA.pkl,Stage IIB,1174.0,BH,Breast,Dead,1174.0,78,,,No,No,No,0.0,1.0,1174.0,1174.0,IIB,brca
TCGA-BH-A204,TCGA-BH-A204-01A-01-TSA.pkl,Stage IIB,2534.0,BH,Breast,Dead,2534.0,80,,,No,No,No,0.0,1.0,2534.0,2534.0,IIB,brca
TCGA-BH-A208,TCGA-BH-A208-01A-01-TSA.pkl,Stage IIB,1759.0,BH,Breast,Dead,1759.0,48,,,No,No,No,0.0,1.0,1759.0,1759.0,IIB,brca
TCGA-BH-A209,TCGA-BH-A209-01A-01-TSA.pkl,Stage I,3959.0,BH,Breast,Dead,3959.0,77,,,No,No,No,0.0,1.0,3959.0,3959.0,I,brca
TCGA-BH-A28O,TCGA-BH-A28O-01A-01-MS1.pkl,Stage IIIC,1120.0,BH,Breast,Alive,,50,,,No,No,No,1.0,1.0,1120.0,1120.0,IIIC,brca
TCGA-BH-A28Q,TCGA-BH-A28Q-01A-01-TSA.pkl,Stage IIB,1119.0,BH,Breast,Alive,,46,,,No,No,No,1.0,1.0,1119.0,1119.0,IIB,brca
TCGA-BH-A2L8,TCGA-BH-A2L8-01A-01-TSA.pkl,Stage IIA,612.0,BH,Breast,Alive,,45,,,No,No,No,1.0,1.0,612.0,612.0,IIA,brca
TCGA-BH-A42T,TCGA-BH-A42T-01A-01-TSA.pkl,Stage IIA,320.0,BH,Breast,Dead,320.0,75,,,No,No,No,0.0,1.0,320.0,320.0,IIA,brca
TCGA-BH-A42U,TCGA-BH-A42U-01A-01-TSA.pkl,Stage IIA,3364.0,BH,Breast,Alive,,80,,,No,No,No,1.0,1.0,3364.0,3364.0,IIA,brca
TCGA-BH-A42V,TCGA-BH-A42V-01A-01-TS1.pkl,Stage IB,635.0,BH,Breast,Alive,,41,,,No,No,No,1.0,1.0,635.0,635.0,IB,brca
TCGA-BH-A5IZ,TCGA-BH-A5IZ-01A-01-TS1.pkl,Stage IIB,567.0,BH,Breast,Alive,,51,,,No,No,No,1.0,1.0,567.0,567.0,IIB,brca
TCGA-BH-A5J0,TCGA-BH-A5J0-01A-01-TS1.pkl,Stage IA,715.0,BH,Breast,Alive,,63,,,No,No,No,1.0,1.0,715.0,715.0,IA,brca
TCGA-BH-A6R8,TCGA-BH-A6R8-01A-02-TSB.pkl,Stage IIA,293.0,BH,Breast,Alive,,46,,,No,No,No,1.0,1.0,293.0,293.0,IIA,brca
TCGA-BH-A6R9,TCGA-BH-A6R9-01A-02-TSB.pkl,Stage IIA,160.0,BH,Breast,Alive,,61,,,No,No,No,1.0,1.0,160.0,160.0,IIA,brca
TCGA-BH-A8FY,TCGA-BH-A8FY-01A-01-TSA.pkl,Stage IA,295.0,BH,Breast,Dead,295.0,87,,,No,No,No,0.0,1.0,295.0,295.0,IA,brca
TCGA-BH-A8FZ,TCGA-BH-A8FZ-01A-01-TSA.pkl,Stage IA,574.0,BH,Breast,Alive,,58,,,No,No,No,1.0,1.0,574.0,574.0,IA,brca
TCGA-BH-A8G0,TCGA-BH-A8G0-01A-01-TSA.pkl,Stage IIB,662.0,BH,Breast,Alive,,54,,,No,No,No,1.0,1.0,662.0,662.0,IIB,brca
TCGA-BH-AB28,TCGA-BH-AB28-01A-03-TSC.pkl,Stage IIIA,287.0,BH,Breast,Alive,,53,,,No,No,No,1.0,1.0,287.0,287.0,IIIA,brca
TCGA-C8-A12K,TCGA-C8-A12K-01A-02-TSB.pkl,Stage IIB,0.0,C8,Breast,Alive,,80,,,No,No,No,1.0,1.0,0.0,0.0,IIB,brca
TCGA-C8-A12L,TCGA-C8-A12L-01A-01-BSA.pkl,Stage IIA,363.0,C8,Breast,Alive,,67,,,No,No,No,1.0,1.0,363.0,363.0,IIA,brca
TCGA-C8-A12M,TCGA-C8-A12M-01A-01-TSA.pkl,Stage IIA,358.0,C8,Breast,Alive,,70,,,No,No,No,1.0,1.0,358.0,358.0,IIA,brca
TCGA-C8-A12N,TCGA-C8-A12N-01A-01-TS1.pkl,Stage IIA,358.0,C8,Breast,Alive,,58,,,No,No,No,1.0,1.0,358.0,358.0,IIA,brca
TCGA-C8-A12O,TCGA-C8-A12O-01A-01-TSA.pkl,Stage IIA,385.0,C8,Breast,Alive,,50,,,No,No,No,1.0,1.0,385.0,385.0,IIA,brca
TCGA-C8-A12P,TCGA-C8-A12P-01A-01-TSA.pkl,Stage IIB,358.0,C8,Breast,Alive,,55,,,No,No,No,1.0,1.0,358.0,358.0,IIB,brca
TCGA-C8-A12T,TCGA-C8-A12T-01A-01-TSA.pkl,Stage IIA,0.0,C8,Breast,Alive,,43,,,No,No,No,1.0,1.0,0.0,0.0,IIA,brca
TCGA-C8-A12U,TCGA-C8-A12U-01A-01-BSA.pkl,Stage IIB,385.0,C8,Breast,Alive,,46,,,No,No,No,1.0,1.0,385.0,385.0,IIB,brca
TCGA-C8-A12V,TCGA-C8-A12V-01A-01-BSA.pkl,Stage IIA,385.0,C8,Breast,Alive,,55,,,No,No,No,1.0,1.0,385.0,385.0,IIA,brca
TCGA-C8-A12W,TCGA-C8-A12W-01A-01-BSA.pkl,Stage IIIB,385.0,C8,Breast,Alive,,49,,,No,No,No,1.0,1.0,385.0,385.0,IIIB,brca
TCGA-C8-A12X,TCGA-C8-A12X-01A-01-TSA.pkl,Stage IIB,385.0,C8,Breast,Alive,,62,,,No,No,No,1.0,1.0,385.0,385.0,IIB,brca
TCGA-C8-A12Y,TCGA-C8-A12Y-01A-01-TSA.pkl,Stage IIB,1476.0,C8,Breast,Alive,,44,,,No,No,No,1.0,1.0,1476.0,1476.0,IIB,brca
TCGA-C8-A12Z,TCGA-C8-A12Z-01A-01-TSA.pkl,Stage IIB,382.0,C8,Breast,Alive,,45,,,No,No,No,1.0,1.0,382.0,382.0,IIB,brca
TCGA-C8-A130,TCGA-C8-A130-01A-03-TSC.pkl,Stage IIIA,370.0,C8,Breast,Alive,,52,,,No,No,No,1.0,1.0,370.0,370.0,IIIA,brca
TCGA-C8-A131,TCGA-C8-A131-01A-01-TSA.pkl,Stage IIIA,411.0,C8,Breast,Alive,,82,,,No,No,No,1.0,1.0,411.0,411.0,IIIA,brca
TCGA-C8-A132,TCGA-C8-A132-01A-03-TSC.pkl,Stage IIB,383.0,C8,Breast,Alive,,56,,,No,No,No,1.0,1.0,383.0,383.0,IIB,brca
TCGA-C8-A133,TCGA-C8-A133-01A-03-BSC.pkl,Stage IIIA,0.0,C8,Breast,Alive,,65,,,No,No,No,1.0,1.0,0.0,0.0,IIIA,brca
TCGA-C8-A134,TCGA-C8-A134-01A-01-TSA.pkl,Stage IIA,383.0,C8,Breast,Alive,,52,,,No,No,No,1.0,1.0,383.0,383.0,IIA,brca
TCGA-C8-A135,TCGA-C8-A135-01A-01-TSA.pkl,Stage IIB,393.0,C8,Breast,Alive,,64,,,No,No,No,1.0,1.0,393.0,393.0,IIB,brca
TCGA-C8-A137,TCGA-C8-A137-01A-01-TSA.pkl,Stage IIB,379.0,C8,Breast,Alive,,34,,136.0,Yes,No,Yes,1.0,1.0,379.0,379.0,IIB,brca
TCGA-C8-A138,TCGA-C8-A138-01A-01-TSA.pkl,Stage IIIA,380.0,C8,Breast,Alive,,54,,,No,No,No,1.0,1.0,380.0,380.0,IIIA,brca
TCGA-C8-A1HE,TCGA-C8-A1HE-01A-01-TSA.pkl,Stage IIA,375.0,C8,Breast,Alive,,59,,,No,No,No,1.0,1.0,375.0,375.0,IIA,brca
TCGA-C8-A1HF,TCGA-C8-A1HF-01A-01-TSA.pkl,Stage IIA,332.0,C8,Breast,Alive,,48,,,No,No,No,1.0,1.0,332.0,332.0,IIA,brca
TCGA-C8-A1HG,TCGA-C8-A1HG-01A-01-TSA.pkl,Stage IIA,345.0,C8,Breast,Alive,,50,,,No,No,No,1.0,1.0,345.0,345.0,IIA,brca
TCGA-C8-A1HI,TCGA-C8-A1HI-01A-01-TSA.pkl,Stage IIIA,343.0,C8,Breast,Alive,,40,,,No,No,No,1.0,1.0,343.0,343.0,IIIA,brca
TCGA-C8-A1HJ,TCGA-C8-A1HJ-01A-01-TSA.pkl,Stage IIA,5.0,C8,Breast,Alive,,53,,,No,No,No,1.0,1.0,5.0,5.0,IIA,brca
TCGA-C8-A1HK,TCGA-C8-A1HK-01A-02-TSB.pkl,Stage IIB,366.0,C8,Breast,Alive,,53,,,No,No,No,1.0,1.0,366.0,366.0,IIB,brca
TCGA-C8-A1HL,TCGA-C8-A1HL-01A-01-TSA.pkl,Stage IIIA,317.0,C8,Breast,Alive,,38,,,No,No,No,1.0,1.0,317.0,317.0,IIIA,brca
TCGA-C8-A1HM,TCGA-C8-A1HM-01A-01-TSA.pkl,Stage IIA,375.0,C8,Breast,Alive,,74,,,No,No,No,1.0,1.0,375.0,375.0,IIA,brca
TCGA-C8-A1HN,TCGA-C8-A1HN-01A-01-TSA.pkl,Stage IIA,394.0,C8,Breast,Alive,,56,,,No,No,No,1.0,1.0,394.0,394.0,IIA,brca
TCGA-C8-A1HO,TCGA-C8-A1HO-01A-01-TSA.pkl,Stage IIIC,375.0,C8,Breast,Alive,,34,,,No,No,No,1.0,1.0,375.0,375.0,IIIC,brca
TCGA-C8-A26V,TCGA-C8-A26V-01A-01-TSA.pkl,Stage IIIA,616.0,C8,Breast,Alive,,47,,,No,No,No,1.0,1.0,616.0,616.0,IIIA,brca
TCGA-C8-A26W,TCGA-C8-A26W-01A-01-TSA.pkl,Stage IIB,381.0,C8,Breast,Alive,,58,,,No,No,No,1.0,1.0,381.0,381.0,IIB,brca
TCGA-C8-A26X,TCGA-C8-A26X-01A-03-TSC.pkl,Stage IIA,376.0,C8,Breast,Alive,,58,,,No,No,No,1.0,1.0,376.0,376.0,IIA,brca
TCGA-C8-A26Y,TCGA-C8-A26Y-01A-01-TSA.pkl,Stage IIA,0.0,C8,Breast,Alive,,89,,,No,No,No,1.0,1.0,0.0,0.0,IIA,brca
TCGA-C8-A26Z,TCGA-C8-A26Z-01A-01-TSA.pkl,Stage IIA,470.0,C8,Breast,Alive,,59,,,No,No,No,1.0,1.0,470.0,470.0,IIA,brca
TCGA-C8-A273,TCGA-C8-A273-01A-01-TSA.pkl,Stage IIB,513.0,C8,Breast,Alive,,29,,,No,No,No,1.0,1.0,513.0,513.0,IIB,brca
TCGA-C8-A274,TCGA-C8-A274-01A-01-TSA.pkl,Stage IIA,508.0,C8,Breast,Alive,,63,,,No,No,No,1.0,1.0,508.0,508.0,IIA,brca
TCGA-C8-A275,TCGA-C8-A275-01A-02-TSB.pkl,Stage IIA,1.0,C8,Breast,Alive,,56,,,No,No,No,1.0,1.0,1.0,1.0,IIA,brca
TCGA-C8-A278,TCGA-C8-A278-01A-01-TSA.pkl,Stage IIIA,297.0,C8,Breast,Alive,,61,,,No,No,No,1.0,1.0,297.0,297.0,IIIA,brca
TCGA-C8-A27A,TCGA-C8-A27A-01A-01-TSA.pkl,Stage IIB,747.0,C8,Breast,Alive,,48,,,No,No,No,1.0,1.0,747.0,747.0,IIB,brca
TCGA-C8-A27B,TCGA-C8-A27B-01A-01-TSA.pkl,Stage IIB,439.0,C8,Breast,Alive,,48,,,No,No,No,1.0,1.0,439.0,439.0,IIB,brca
TCGA-C8-A3M7,TCGA-C8-A3M7-01A-01-TS1.pkl,Stage IIIB,1034.0,C8,Breast,Dead,1034.0,60,,1034.0,Yes,No,Yes,0.0,1.0,1034.0,1034.0,IIIB,brca
TCGA-C8-A3M8,TCGA-C8-A3M8-01A-01-TSA.pkl,Stage IA,394.0,C8,Breast,Alive,,68,,,No,No,No,1.0,1.0,394.0,394.0,IA,brca
TCGA-C8-A8HP,TCGA-C8-A8HP-01A-01-TSA.pkl,Stage IIIA,396.0,C8,Breast,Alive,,59,,,No,No,No,1.0,1.0,396.0,396.0,IIIA,brca
TCGA-C8-A8HQ,TCGA-C8-A8HQ-01A-01-TS1.pkl,Stage IIB,380.0,C8,Breast,Alive,,53,,,No,No,No,1.0,1.0,380.0,380.0,IIB,brca
TCGA-C8-A8HR,TCGA-C8-A8HR-01A-01-TSA.pkl,Stage IIIA,408.0,C8,Breast,Alive,,49,,,No,No,No,1.0,1.0,408.0,408.0,IIIA,brca
TCGA-C8-A9FZ,TCGA-C8-A9FZ-01A-01-TSA.pkl,Stage IIB,592.0,C8,Breast,Alive,,49,,,No,No,No,1.0,1.0,592.0,592.0,IIB,brca
TCGA-D8-A13Y,TCGA-D8-A13Y-01A-01-BSA.pkl,Stage IA,1728.0,D8,Breast,Alive,,52,,,No,No,No,1.0,1.0,1728.0,1728.0,IA,brca
TCGA-D8-A140,TCGA-D8-A140-01A-01-TSA.pkl,Stage IIB,403.0,D8,Breast,Alive,,62,,,No,No,No,1.0,1.0,403.0,403.0,IIB,brca
TCGA-D8-A142,TCGA-D8-A142-01A-01-BS1.pkl,Stage IIB,425.0,D8,Breast,Alive,,74,,,No,No,No,1.0,1.0,425.0,425.0,IIB,brca
TCGA-D8-A143,TCGA-D8-A143-01A-01-BSA.pkl,Stage IIA,431.0,D8,Breast,Alive,,51,,,No,No,No,1.0,1.0,431.0,431.0,IIA,brca
TCGA-D8-A145,TCGA-D8-A145-01A-01-BS1.pkl,Stage IIA,410.0,D8,Breast,Alive,,80,,,No,No,No,1.0,1.0,410.0,410.0,IIA,brca
TCGA-D8-A146,TCGA-D8-A146-01A-03-TSC.pkl,Stage IIA,643.0,D8,Breast,Alive,,57,,,No,No,No,1.0,1.0,643.0,643.0,IIA,brca
TCGA-D8-A1J8,TCGA-D8-A1J8-01A-01-TS1.pkl,Stage IIB,431.0,D8,Breast,Alive,,77,,,No,No,No,1.0,1.0,431.0,431.0,IIB,brca
TCGA-D8-A1J9,TCGA-D8-A1J9-01A-01-TSA.pkl,Stage IA,532.0,D8,Breast,Alive,,48,,,No,No,No,1.0,1.0,532.0,532.0,IA,brca
TCGA-D8-A1JB,TCGA-D8-A1JB-01A-01-TS1.pkl,Stage IIB,1688.0,D8,Breast,Alive,,54,,,No,No,No,1.0,1.0,1688.0,1688.0,IIB,brca
TCGA-D8-A1JC,TCGA-D8-A1JC-01A-01-TS1.pkl,Stage IIIA,480.0,D8,Breast,Alive,,59,,,No,No,No,1.0,1.0,480.0,480.0,IIIA,brca
TCGA-D8-A1JD,TCGA-D8-A1JD-01A-01-TS1.pkl,Stage IIB,552.0,D8,Breast,Alive,,41,,,No,No,No,1.0,1.0,552.0,552.0,IIB,brca
TCGA-D8-A1JE,TCGA-D8-A1JE-01A-01-TSA.pkl,Stage IIA,575.0,D8,Breast,Alive,,62,,,No,No,No,1.0,1.0,575.0,575.0,IIA,brca
TCGA-D8-A1JF,TCGA-D8-A1JF-01A-01-TS1.pkl,Stage IIIA,366.0,D8,Breast,Alive,,79,,,No,No,No,1.0,1.0,366.0,366.0,IIIA,brca
TCGA-D8-A1JG,TCGA-D8-A1JG-01B-01-TSA.pkl,Stage IIA,1612.0,D8,Breast,Alive,,62,,,No,No,No,1.0,1.0,1612.0,1612.0,IIA,brca
TCGA-D8-A1JH,TCGA-D8-A1JH-01A-01-TS1.pkl,Stage IA,426.0,D8,Breast,Alive,,56,,,No,No,No,1.0,1.0,426.0,426.0,IA,brca
TCGA-D8-A1JI,TCGA-D8-A1JI-01A-01-TS1.pkl,Stage IIA,577.0,D8,Breast,Alive,,54,,,No,No,No,1.0,1.0,577.0,577.0,IIA,brca
TCGA-D8-A1JJ,TCGA-D8-A1JJ-01A-03-TS3.pkl,Stage IIA,611.0,D8,Breast,Alive,,54,,,No,No,No,1.0,1.0,611.0,611.0,IIA,brca
TCGA-D8-A1JK,TCGA-D8-A1JK-01A-01-TS1.pkl,Stage IIA,0.0,D8,Breast,Alive,,89,,,No,No,No,1.0,1.0,0.0,0.0,IIA,brca
TCGA-D8-A1JL,TCGA-D8-A1JL-01A-01-TS1.pkl,Stage IIA,611.0,D8,Breast,Alive,,72,,,No,No,No,1.0,1.0,611.0,611.0,IIA,brca
TCGA-D8-A1JM,TCGA-D8-A1JM-01A-01-TSA.pkl,Stage IIB,590.0,D8,Breast,Alive,,59,,,No,No,No,1.0,1.0,590.0,590.0,IIB,brca
TCGA-D8-A1JN,TCGA-D8-A1JN-01A-01-TS1.pkl,Stage IIIC,620.0,D8,Breast,Alive,,80,,,No,No,No,1.0,1.0,620.0,620.0,IIIC,brca
TCGA-D8-A1JP,TCGA-D8-A1JP-01A-01-TSA.pkl,Stage IA,639.0,D8,Breast,Alive,,73,,,No,No,No,1.0,1.0,639.0,639.0,IA,brca
TCGA-D8-A1JS,TCGA-D8-A1JS-01A-01-TS1.pkl,Stage IA,371.0,D8,Breast,Alive,,77,,,No,No,No,1.0,1.0,371.0,371.0,IA,brca
TCGA-D8-A1JT,TCGA-D8-A1JT-01A-03-TS3.pkl,Stage IIA,405.0,D8,Breast,Alive,,70,,,No,No,No,1.0,1.0,405.0,405.0,IIA,brca
TCGA-D8-A1JU,TCGA-D8-A1JU-01A-01-TS1.pkl,Stage IA,447.0,D8,Breast,Alive,,51,,,No,No,No,1.0,1.0,447.0,447.0,IA,brca
TCGA-D8-A1X5,TCGA-D8-A1X5-01A-01-TS1.pkl,Stage IIIC,565.0,D8,Breast,Alive,,81,,,No,No,No,1.0,1.0,565.0,565.0,IIIC,brca
TCGA-D8-A1X6,TCGA-D8-A1X6-01A-01-TS1.pkl,Stage IIIA,541.0,D8,Breast,Alive,,80,,,No,No,No,1.0,1.0,541.0,541.0,IIIA,brca
TCGA-D8-A1X7,TCGA-D8-A1X7-01A-01-TS1.pkl,Stage IIA,509.0,D8,Breast,Alive,,40,,,No,No,No,1.0,1.0,509.0,509.0,IIA,brca
TCGA-D8-A1X8,TCGA-D8-A1X8-01A-01-TS1.pkl,Stage IIIA,783.0,D8,Breast,Alive,,62,,,No,No,No,1.0,1.0,783.0,783.0,IIIA,brca
TCGA-D8-A1X9,TCGA-D8-A1X9-01A-01-TS1.pkl,Stage IIB,727.0,D8,Breast,Alive,,66,,,No,No,No,1.0,1.0,727.0,727.0,IIB,brca
TCGA-D8-A1XA,TCGA-D8-A1XA-01A-01-TS1.pkl,Stage IA,839.0,D8,Breast,Alive,,64,,,No,No,No,1.0,1.0,839.0,839.0,IA,brca
TCGA-D8-A1XB,TCGA-D8-A1XB-01A-01-TS1.pkl,Stage IIB,552.0,D8,Breast,Alive,,62,,,No,No,No,1.0,1.0,552.0,552.0,IIB,brca
TCGA-D8-A1XD,TCGA-D8-A1XD-01A-01-TS1.pkl,Stage IIIA,522.0,D8,Breast,Alive,,36,,,No,No,No,1.0,1.0,522.0,522.0,IIIA,brca
TCGA-D8-A1XF,TCGA-D8-A1XF-01A-01-TS1.pkl,Stage IIA,463.0,D8,Breast,Alive,,45,,,No,No,No,1.0,1.0,463.0,463.0,IIA,brca
TCGA-D8-A1XG,TCGA-D8-A1XG-01A-01-TS1.pkl,Stage IIIB,448.0,D8,Breast,Alive,,86,,,No,No,No,1.0,1.0,448.0,448.0,IIIB,brca
TCGA-D8-A1XJ,TCGA-D8-A1XJ-01A-01-TS1.pkl,Stage IIIA,664.0,D8,Breast,Alive,,76,,,No,No,No,1.0,1.0,664.0,664.0,IIIA,brca
TCGA-D8-A1XK,TCGA-D8-A1XK-01A-02-TS2.pkl,Stage IIB,441.0,D8,Breast,Alive,,55,,,No,No,No,1.0,1.0,441.0,441.0,IIB,brca
TCGA-D8-A1XL,TCGA-D8-A1XL-01A-01-TS1.pkl,Stage IIB,606.0,D8,Breast,Alive,,34,,,No,No,No,1.0,1.0,606.0,606.0,IIB,brca
TCGA-D8-A1XM,TCGA-D8-A1XM-01A-02-TS2.pkl,Stage IA,538.0,D8,Breast,Alive,,57,,,No,No,No,1.0,1.0,538.0,538.0,IA,brca
TCGA-D8-A1XO,TCGA-D8-A1XO-01A-01-TS1.pkl,Stage IIB,1682.0,D8,Breast,Alive,,56,,,No,No,No,1.0,1.0,1682.0,1682.0,IIB,brca
TCGA-D8-A1XQ,TCGA-D8-A1XQ-01A-01-TS1.pkl,Stage IIA,499.0,D8,Breast,Alive,,69,,,No,No,No,1.0,1.0,499.0,499.0,IIA,brca
TCGA-D8-A1XR,TCGA-D8-A1XR-01A-01-TS1.pkl,Stage IIB,482.0,D8,Breast,Alive,,56,,,No,No,No,1.0,1.0,482.0,482.0,IIB,brca
TCGA-D8-A1XS,TCGA-D8-A1XS-01A-01-TS1.pkl,Stage IIIC,496.0,D8,Breast,Alive,,48,,,No,No,No,1.0,1.0,496.0,496.0,IIIC,brca
TCGA-D8-A1XT,TCGA-D8-A1XT-01A-01-TS1.pkl,Stage IIA,506.0,D8,Breast,Alive,,61,,,No,No,No,1.0,1.0,506.0,506.0,IIA,brca
TCGA-D8-A1XU,TCGA-D8-A1XU-01A-01-TS1.pkl,Stage IA,395.0,D8,Breast,Alive,,56,,,No,No,No,1.0,1.0,395.0,395.0,IA,brca
TCGA-D8-A1XV,TCGA-D8-A1XV-01A-01-TS1.pkl,Stage IIA,461.0,D8,Breast,Alive,,84,,,No,No,No,1.0,1.0,461.0,461.0,IIA,brca
TCGA-D8-A1XW,TCGA-D8-A1XW-01A-01-TS1.pkl,Stage IIA,1309.0,D8,Breast,Alive,,53,,,No,No,No,1.0,1.0,1309.0,1309.0,IIA,brca
TCGA-D8-A1XY,TCGA-D8-A1XY-01A-01-TS1.pkl,Stage IIA,503.0,D8,Breast,Alive,,74,,,No,No,No,1.0,1.0,503.0,503.0,IIA,brca
TCGA-D8-A1XZ,TCGA-D8-A1XZ-01A-01-TS1.pkl,Stage IIIA,466.0,D8,Breast,Alive,,81,,,No,No,No,1.0,1.0,466.0,466.0,IIIA,brca
TCGA-D8-A1Y0,TCGA-D8-A1Y0-01A-01-TS1.pkl,Stage IIIA,472.0,D8,Breast,Alive,,65,,,No,No,No,1.0,1.0,472.0,472.0,IIIA,brca
TCGA-D8-A1Y1,TCGA-D8-A1Y1-01A-02-TS2.pkl,Stage IIIA,302.0,D8,Breast,Dead,302.0,80,,,No,No,No,0.0,1.0,302.0,302.0,IIIA,brca
TCGA-D8-A1Y2,TCGA-D8-A1Y2-01A-01-TS1.pkl,Stage IIA,433.0,D8,Breast,Alive,,71,,,No,No,No,1.0,1.0,433.0,433.0,IIA,brca
TCGA-D8-A1Y3,TCGA-D8-A1Y3-01A-01-TS1.pkl,Stage IIIA,430.0,D8,Breast,Alive,,61,,,No,No,No,1.0,1.0,430.0,430.0,IIIA,brca
TCGA-D8-A27E,TCGA-D8-A27E-01A-01-TSA.pkl,Stage IA,530.0,D8,Breast,Alive,,66,,,No,No,No,1.0,1.0,530.0,530.0,IA,brca
TCGA-D8-A27F,TCGA-D8-A27F-01A-01-TS1.pkl,Stage IIA,488.0,D8,Breast,Alive,,40,,,No,No,No,1.0,1.0,488.0,488.0,IIA,brca
TCGA-D8-A27G,TCGA-D8-A27G-01A-01-TS1.pkl,Stage IIA,409.0,D8,Breast,Alive,,75,,,No,No,No,1.0,1.0,409.0,409.0,IIA,brca
TCGA-D8-A27H,TCGA-D8-A27H-01A-01-TS1.pkl,Stage IIA,397.0,D8,Breast,Alive,,72,,,No,No,No,1.0,1.0,397.0,397.0,IIA,brca
TCGA-D8-A27I,TCGA-D8-A27I-01A-01-TS1.pkl,Stage IIIA,439.0,D8,Breast,Alive,,58,,,No,No,No,1.0,1.0,439.0,439.0,IIIA,brca
TCGA-D8-A27K,TCGA-D8-A27K-01A-01-TS1.pkl,Stage IIB,1461.0,D8,Breast,Alive,,47,,,No,No,No,1.0,1.0,1461.0,1461.0,IIB,brca
TCGA-D8-A27L,TCGA-D8-A27L-01A-01-TS1.pkl,Stage IIIA,499.0,D8,Breast,Alive,,49,,,No,No,No,1.0,1.0,499.0,499.0,IIIA,brca
TCGA-D8-A27M,TCGA-D8-A27M-01A-01-TSA.pkl,Stage IA,410.0,D8,Breast,Alive,,59,,,No,No,No,1.0,1.0,410.0,410.0,IA,brca
TCGA-D8-A27N,TCGA-D8-A27N-01A-01-TS1.pkl,Stage IIIA,519.0,D8,Breast,Alive,,36,,,No,No,No,1.0,1.0,519.0,519.0,IIIA,brca
TCGA-D8-A27P,TCGA-D8-A27P-01A-01-TSA.pkl,Stage IA,49.0,D8,Breast,Alive,,64,,,No,No,No,1.0,1.0,49.0,49.0,IA,brca
TCGA-D8-A27R,TCGA-D8-A27R-01A-01-TS1.pkl,Stage IIIC,307.0,D8,Breast,Alive,,41,,,No,No,No,1.0,1.0,307.0,307.0,IIIC,brca
TCGA-D8-A27T,TCGA-D8-A27T-01A-01-TS1.pkl,Stage IIIC,398.0,D8,Breast,Alive,,53,,,No,No,No,1.0,1.0,398.0,398.0,IIIC,brca
TCGA-D8-A27V,TCGA-D8-A27V-01A-01-TS1.pkl,Stage IIA,381.0,D8,Breast,Alive,,62,,,No,No,No,1.0,1.0,381.0,381.0,IIA,brca
TCGA-D8-A27W,TCGA-D8-A27W-01A-01-TSA.pkl,Stage IIIB,373.0,D8,Breast,Alive,,55,,,No,No,No,1.0,1.0,373.0,373.0,IIIB,brca
TCGA-D8-A3Z5,TCGA-D8-A3Z5-01A-04-TS4.pkl,Stage IIIC,1015.0,D8,Breast,Alive,,54,,,No,No,No,1.0,1.0,1015.0,1015.0,IIIC,brca
TCGA-D8-A3Z6,TCGA-D8-A3Z6-01A-01-TS1.pkl,Stage IIIC,563.0,D8,Breast,Alive,,56,,,No,No,No,1.0,1.0,563.0,563.0,IIIC,brca
TCGA-D8-A4Z1,TCGA-D8-A4Z1-01A-02-TS2.pkl,Stage IA,659.0,D8,Breast,Alive,,68,,,No,No,No,1.0,1.0,659.0,659.0,IA,brca
TCGA-D8-A73U,TCGA-D8-A73U-01A-01-TS1.pkl,Stage IIA,492.0,D8,Breast,Alive,,88,,,No,No,No,1.0,1.0,492.0,492.0,IIA,brca
TCGA-D8-A73W,TCGA-D8-A73W-01A-02-TS2.pkl,Stage IIIA,385.0,D8,Breast,Dead,385.0,79,21.0,,Yes,Yes,No,0.0,0.0,385.0,21.0,IIIA,brca
TCGA-D8-A73X,TCGA-D8-A73X-01A-01-TS1.pkl,Stage IIA,767.0,D8,Breast,Alive,,53,,,No,No,No,1.0,1.0,767.0,767.0,IIA,brca
TCGA-E2-A105,TCGA-E2-A105-01A-01-TS1.pkl,Stage IIA,1308.0,E2,Breast,Alive,,79,,,No,No,No,1.0,1.0,1308.0,1308.0,IIA,brca
TCGA-E2-A106,TCGA-E2-A106-01A-01-TS1.pkl,Stage IB,2541.0,E2,Breast,Alive,,34,,,No,No,No,1.0,1.0,2541.0,2541.0,IB,brca
TCGA-E2-A107,TCGA-E2-A107-01A-01-TS1.pkl,Stage IIIA,1047.0,E2,Breast,Alive,,54,,,No,No,No,1.0,1.0,1047.0,1047.0,IIIA,brca
TCGA-E2-A108,TCGA-E2-A108-01A-01-BSA.pkl,Stage IIIA,837.0,E2,Breast,Alive,,64,,,No,No,No,1.0,1.0,837.0,837.0,IIIA,brca
TCGA-E2-A109,TCGA-E2-A109-01A-01-TSA.pkl,Stage IIA,1417.0,E2,Breast,Alive,,64,,,No,No,No,1.0,1.0,1417.0,1417.0,IIA,brca
TCGA-E2-A10A,TCGA-E2-A10A-01A-02-BSB.pkl,Stage IIB,1229.0,E2,Breast,Alive,,41,75.0,,Yes,Yes,No,1.0,0.0,1229.0,75.0,IIB,brca
TCGA-E2-A10B,TCGA-E2-A10B-01A-01-TS1.pkl,Stage IIB,1141.0,E2,Breast,Alive,,67,,,No,No,No,1.0,1.0,1141.0,1141.0,IIB,brca
TCGA-E2-A10C,TCGA-E2-A10C-01A-02-TSB.pkl,Stage IIB,1220.0,E2,Breast,Alive,,54,,,No,No,No,1.0,1.0,1220.0,1220.0,IIB,brca
TCGA-E2-A10E,TCGA-E2-A10E-01A-02-BS2.pkl,Stage IIA,865.0,E2,Breast,Alive,,64,,,No,No,No,1.0,1.0,865.0,865.0,IIA,brca
TCGA-E2-A10F,TCGA-E2-A10F-01A-01-TS1.pkl,Stage IIA,878.0,E2,Breast,Alive,,47,,,No,No,No,1.0,1.0,878.0,878.0,IIA,brca
TCGA-E2-A14N,TCGA-E2-A14N-01A-03-TSC.pkl,Stage IIB,1434.0,E2,Breast,Alive,,37,,,No,No,No,1.0,1.0,1434.0,1434.0,IIB,brca
TCGA-E2-A14O,TCGA-E2-A14O-01A-03-TSC.pkl,Stage IIIA,1359.0,E2,Breast,Alive,,76,,,No,No,No,1.0,1.0,1359.0,1359.0,IIIA,brca
TCGA-E2-A14P,TCGA-E2-A14P-01A-03-TSC.pkl,Stage IIIC,1246.0,E2,Breast,Alive,,79,,,No,No,No,1.0,1.0,1246.0,1246.0,IIIC,brca
TCGA-E2-A14Q,TCGA-E2-A14Q-01A-01-TS1.pkl,Stage IIB,1163.0,E2,Breast,Alive,,50,,,No,No,No,1.0,1.0,1163.0,1163.0,IIB,brca
TCGA-E2-A14R,TCGA-E2-A14R-01A-01-TSA.pkl,Stage IIA,1174.0,E2,Breast,Alive,,62,,,No,No,No,1.0,1.0,1174.0,1174.0,IIA,brca
TCGA-E2-A14S,TCGA-E2-A14S-01A-01-TSA.pkl,Stage I,1009.0,E2,Breast,Alive,,65,,,No,No,No,1.0,1.0,1009.0,1009.0,I,brca
TCGA-E2-A14T,TCGA-E2-A14T-01A-01-TSA.pkl,Stage IIA,2311.0,E2,Breast,Alive,,52,,,No,No,No,1.0,1.0,2311.0,2311.0,IIA,brca
TCGA-E2-A14U,TCGA-E2-A14U-01A-01-MS1.pkl,Stage I,1318.0,E2,Breast,Alive,,74,,,No,No,No,1.0,1.0,1318.0,1318.0,I,brca
TCGA-E2-A14V,TCGA-E2-A14V-01A-01-TSA.pkl,Stage IIB,1042.0,E2,Breast,Alive,,53,,,No,No,No,1.0,1.0,1042.0,1042.0,IIB,brca
TCGA-E2-A14W,TCGA-E2-A14W-01A-01-TSA.pkl,Stage IIA,974.0,E2,Breast,Alive,,78,,,No,No,No,1.0,1.0,974.0,974.0,IIA,brca
TCGA-E2-A14X,TCGA-E2-A14X-01A-01-TSA.pkl,Stage IIIA,972.0,E2,Breast,Alive,,55,,,No,No,No,1.0,1.0,972.0,972.0,IIIA,brca
TCGA-E2-A14Y,TCGA-E2-A14Y-01A-02-TSB.pkl,Stage IIA,2109.0,E2,Breast,Alive,,35,,,No,No,No,1.0,1.0,2109.0,2109.0,IIA,brca
TCGA-E2-A14Z,TCGA-E2-A14Z-01A-01-TS1.pkl,Stage I,563.0,E2,Breast,Dead,563.0,64,188.0,,Yes,Yes,No,0.0,0.0,563.0,188.0,I,brca
TCGA-E2-A150,TCGA-E2-A150-01A-01-TSA.pkl,Stage IIA,1935.0,E2,Breast,Alive,,48,,,No,No,No,1.0,1.0,1935.0,1935.0,IIA,brca
TCGA-E2-A152,TCGA-E2-A152-01A-01-TS1.pkl,Stage I,2128.0,E2,Breast,Alive,,56,54.0,966.0,Yes,Yes,Yes,1.0,0.0,2128.0,54.0,I,brca
TCGA-E2-A153,TCGA-E2-A153-01A-01-TSA.pkl,Stage IIB,707.0,E2,Breast,Alive,,51,,,No,No,No,1.0,1.0,707.0,707.0,IIB,brca
TCGA-E2-A154,TCGA-E2-A154-01A-01-TS1.pkl,Stage I,591.0,E2,Breast,Alive,,68,,,No,No,No,1.0,1.0,591.0,591.0,I,brca
TCGA-E2-A155,TCGA-E2-A155-01A-01-TSA.pkl,Stage IIB,640.0,E2,Breast,Alive,,58,,,No,No,No,1.0,1.0,640.0,640.0,IIB,brca
TCGA-E2-A156,TCGA-E2-A156-01A-01-TSA.pkl,Stage I,726.0,E2,Breast,Alive,,61,,,No,No,No,1.0,1.0,726.0,726.0,I,brca
TCGA-E2-A158,TCGA-E2-A158-01A-01-TS1.pkl,Stage IIA,450.0,E2,Breast,Alive,,43,,,No,No,No,1.0,1.0,450.0,450.0,IIA,brca
TCGA-E2-A159,TCGA-E2-A159-01A-01-TSA.pkl,Stage IIA,762.0,E2,Breast,Alive,,50,,,No,No,No,1.0,1.0,762.0,762.0,IIA,brca
TCGA-E2-A15A,TCGA-E2-A15A-01A-01-TS1.pkl,Stage IIIC,710.0,E2,Breast,Alive,,45,,,No,No,No,1.0,1.0,710.0,710.0,IIIC,brca
TCGA-E2-A15C,TCGA-E2-A15C-01A-03-TSC.pkl,Stage I,694.0,E2,Breast,Alive,,61,,,No,No,No,1.0,1.0,694.0,694.0,I,brca
TCGA-E2-A15D,TCGA-E2-A15D-01A-01-TS1.pkl,Stage IIA,526.0,E2,Breast,Alive,,47,,,No,No,No,1.0,1.0,526.0,526.0,IIA,brca
TCGA-E2-A15E,TCGA-E2-A15E-01A-01-TSA.pkl,Stage IIA,630.0,E2,Breast,Alive,,40,,,No,No,No,1.0,1.0,630.0,630.0,IIA,brca
TCGA-E2-A15F,TCGA-E2-A15F-01A-01-TS1.pkl,Stage I,658.0,E2,Breast,Alive,,64,,,No,No,No,1.0,1.0,658.0,658.0,I,brca
TCGA-E2-A15G,TCGA-E2-A15G-01A-01-TSA.pkl,Stage IIA,554.0,E2,Breast,Alive,,76,,,No,No,No,1.0,1.0,554.0,554.0,IIA,brca
TCGA-E2-A15H,TCGA-E2-A15H-01A-01-TSA.pkl,Stage IIA,393.0,E2,Breast,Alive,,38,,,No,No,No,1.0,1.0,393.0,393.0,IIA,brca
TCGA-E2-A15I,TCGA-E2-A15I-01A-02-TSB.pkl,Stage IIA,1692.0,E2,Breast,Alive,,44,,,No,No,No,1.0,1.0,1692.0,1692.0,IIA,brca
TCGA-E2-A15J,TCGA-E2-A15J-01A-01-TS1.pkl,Stage I,1640.0,E2,Breast,Alive,,51,,,No,No,No,1.0,1.0,1640.0,1640.0,I,brca
TCGA-E2-A15K,TCGA-E2-A15K-01A-01-TS1.pkl,Stage IIB,275.0,E2,Breast,Alive,,58,,,No,No,No,1.0,1.0,275.0,275.0,IIB,brca
TCGA-E2-A15L,TCGA-E2-A15L-01A-01-TSA.pkl,Stage IIA,626.0,E2,Breast,Alive,,65,,,No,No,No,1.0,1.0,626.0,626.0,IIA,brca
TCGA-E2-A15M,TCGA-E2-A15M-01A-01-TSA.pkl,Stage IIA,336.0,E2,Breast,Dead,336.0,66,,,No,No,No,0.0,1.0,336.0,336.0,IIA,brca
TCGA-E2-A15O,TCGA-E2-A15O-01A-01-TSA.pkl,Stage I,289.0,E2,Breast,Alive,,89,,289.0,Yes,No,Yes,1.0,1.0,289.0,289.0,I,brca
TCGA-E2-A15P,TCGA-E2-A15P-01A-01-TSA.pkl,Stage IA,595.0,E2,Breast,Alive,,61,,,No,No,No,1.0,1.0,595.0,595.0,IA,brca
TCGA-E2-A15R,TCGA-E2-A15R-01A-01-TSA.pkl,Stage IIA,1732.0,E2,Breast,Alive,,64,,,No,No,No,1.0,1.0,1732.0,1732.0,IIA,brca
TCGA-E2-A15S,TCGA-E2-A15S-01A-01-TSA.pkl,Stage IIB,428.0,E2,Breast,Alive,,34,,,No,No,No,1.0,1.0,428.0,428.0,IIB,brca
TCGA-E2-A15T,TCGA-E2-A15T-01A-01-TS1.pkl,Stage IIA,1563.0,E2,Breast,Alive,,65,,,No,No,No,1.0,1.0,1563.0,1563.0,IIA,brca
TCGA-E2-A1AZ,TCGA-E2-A1AZ-01A-01-TS1.pkl,Stage IIB,2329.0,E2,Breast,Alive,,63,,,No,No,No,1.0,1.0,2329.0,2329.0,IIB,brca
TCGA-E2-A1B0,TCGA-E2-A1B0-01A-01-TSA.pkl,Stage IIIA,1631.0,E2,Breast,Alive,,50,,,No,No,No,1.0,1.0,1631.0,1631.0,IIIA,brca
TCGA-E2-A1B1,TCGA-E2-A1B1-01A-02-TSB.pkl,Stage IIB,2653.0,E2,Breast,Alive,,45,,,No,No,No,1.0,1.0,2653.0,2653.0,IIB,brca
TCGA-E2-A1B4,TCGA-E2-A1B4-01A-01-TSA.pkl,Stage IIIA,1004.0,E2,Breast,Dead,1004.0,74,,,No,No,No,0.0,1.0,1004.0,1004.0,IIIA,brca
TCGA-E2-A1B5,TCGA-E2-A1B5-01A-02-TSB.pkl,Stage IIA,984.0,E2,Breast,Alive,,46,,,No,No,No,1.0,1.0,984.0,984.0,IIA,brca
TCGA-E2-A1B6,TCGA-E2-A1B6-01A-03-TSC.pkl,Stage IIA,867.0,E2,Breast,Alive,,44,,,No,No,No,1.0,1.0,867.0,867.0,IIA,brca
TCGA-E2-A1BC,TCGA-E2-A1BC-01A-01-TSA.pkl,Stage IA,501.0,E2,Breast,Alive,,63,,,No,No,No,1.0,1.0,501.0,501.0,IA,brca
TCGA-E2-A1BD,TCGA-E2-A1BD-01A-01-TSA.pkl,Stage IIA,1133.0,E2,Breast,Alive,,53,,,No,No,No,1.0,1.0,1133.0,1133.0,IIA,brca
TCGA-E2-A1IE,TCGA-E2-A1IE-01A-01-TSA.pkl,Stage IIB,2362.0,E2,Breast,Alive,,61,1810.0,,Yes,Yes,No,1.0,0.0,2362.0,1810.0,IIB,brca
TCGA-E2-A1IF,TCGA-E2-A1IF-01A-01-TSA.pkl,Stage I,1138.0,E2,Breast,Alive,,74,,,No,No,No,1.0,1.0,1138.0,1138.0,I,brca
TCGA-E2-A1IG,TCGA-E2-A1IG-01A-01-TSA.pkl,Stage IIB,2140.0,E2,Breast,Alive,,45,,,No,No,No,1.0,1.0,2140.0,2140.0,IIB,brca
TCGA-E2-A1IH,TCGA-E2-A1IH-01A-01-TSA.pkl,Stage I,1026.0,E2,Breast,Alive,,80,,,No,No,No,1.0,1.0,1026.0,1026.0,I,brca
TCGA-E2-A1II,TCGA-E2-A1II-01A-01-TSA.pkl,Stage I,1025.0,E2,Breast,Alive,,51,,,No,No,No,1.0,1.0,1025.0,1025.0,I,brca
TCGA-E2-A1IJ,TCGA-E2-A1IJ-01A-01-TSA.pkl,Stage I,865.0,E2,Breast,Alive,,57,,,No,No,No,1.0,1.0,865.0,865.0,I,brca
TCGA-E2-A1IK,TCGA-E2-A1IK-01A-01-TSA.pkl,Stage IIA,1800.0,E2,Breast,Alive,,71,,,No,No,No,1.0,1.0,1800.0,1800.0,IIA,brca
TCGA-E2-A1IL,TCGA-E2-A1IL-01A-01-TSA.pkl,Stage IIA,118.0,E2,Breast,Alive,,78,,,No,No,No,1.0,1.0,118.0,118.0,IIA,brca
TCGA-E2-A1IN,TCGA-E2-A1IN-01A-01-TSA.pkl,Stage I,675.0,E2,Breast,Alive,,60,,,No,No,No,1.0,1.0,675.0,675.0,I,brca
TCGA-E2-A1IO,TCGA-E2-A1IO-01A-01-TSA.pkl,Stage I,1855.0,E2,Breast,Alive,,37,,,No,No,No,1.0,1.0,1855.0,1855.0,I,brca
TCGA-E2-A1IU,TCGA-E2-A1IU-01A-01-TSA.pkl,Stage IA,337.0,E2,Breast,Alive,,60,,,No,No,No,1.0,1.0,337.0,337.0,IA,brca
TCGA-E2-A1L6,TCGA-E2-A1L6-01A-01-TSA.pkl,Stage IIA,1648.0,E2,Breast,Alive,,44,,,No,No,No,1.0,1.0,1648.0,1648.0,IIA,brca
TCGA-E2-A1L7,TCGA-E2-A1L7-01A-01-TSA.pkl,Stage IIIA,1836.0,E2,Breast,Alive,,40,,,No,No,No,1.0,1.0,1836.0,1836.0,IIIA,brca
TCGA-E2-A1L8,TCGA-E2-A1L8-01A-01-TSA.pkl,Stage IIB,2240.0,E2,Breast,Alive,,52,,,No,No,No,1.0,1.0,2240.0,2240.0,IIB,brca
TCGA-E2-A1L9,TCGA-E2-A1L9-01A-01-TS1.pkl,Stage IIA,598.0,E2,Breast,Alive,,40,,,No,No,No,1.0,1.0,598.0,598.0,IIA,brca
TCGA-E2-A1LA,TCGA-E2-A1LA-01A-01-TS1.pkl,Stage IIA,748.0,E2,Breast,Alive,,59,,,No,No,No,1.0,1.0,748.0,748.0,IIA,brca
TCGA-E2-A1LB,TCGA-E2-A1LB-01A-01-TSA.pkl,Stage IIB,2306.0,E2,Breast,Alive,,41,,,No,No,No,1.0,1.0,2306.0,2306.0,IIB,brca
TCGA-E2-A1LE,TCGA-E2-A1LE-01A-01-TSA.pkl,Stage IIIC,879.0,E2,Breast,Dead,879.0,71,361.0,,Yes,Yes,No,0.0,0.0,879.0,361.0,IIIC,brca
TCGA-E2-A1LG,TCGA-E2-A1LG-01A-02-TSB.pkl,Stage IIA,1523.0,E2,Breast,Alive,,50,,,No,No,No,1.0,1.0,1523.0,1523.0,IIA,brca
TCGA-E2-A1LH,TCGA-E2-A1LH-01A-01-TS1.pkl,Stage I,3247.0,E2,Breast,Alive,,59,,,No,No,No,1.0,1.0,3247.0,3247.0,I,brca
TCGA-E2-A1LI,TCGA-E2-A1LI-01A-01-TS1.pkl,Stage IIB,3121.0,E2,Breast,Alive,,57,,,No,No,No,1.0,1.0,3121.0,3121.0,IIB,brca
TCGA-E2-A1LK,TCGA-E2-A1LK-01A-02-TSB.pkl,Stage IIIC,266.0,E2,Breast,Dead,266.0,84,,155.0,Yes,No,Yes,0.0,1.0,266.0,266.0,IIIC,brca
TCGA-E2-A1LL,TCGA-E2-A1LL-01A-01-TSA.pkl,Stage IIIA,1309.0,E2,Breast,Alive,,73,1303.0,,Yes,Yes,No,1.0,0.0,1309.0,1303.0,IIIA,brca
TCGA-E2-A1LS,TCGA-E2-A1LS-01A-01-TSA.pkl,Stage IA,1604.0,E2,Breast,Alive,,46,,,No,No,No,1.0,1.0,1604.0,1604.0,IA,brca
TCGA-E2-A2P5,TCGA-E2-A2P5-01A-01-TS1.pkl,Stage IIIC,821.0,E2,Breast,Dead,821.0,78,597.0,,Yes,Yes,No,0.0,0.0,821.0,597.0,IIIC,brca
TCGA-E2-A2P6,TCGA-E2-A2P6-01A-01-TS1.pkl,Stage IIB,1051.0,E2,Breast,Alive,,77,,,No,No,No,1.0,1.0,1051.0,1051.0,IIB,brca
TCGA-E2-A3DX,TCGA-E2-A3DX-01A-02-TSB.pkl,Stage IIIC,1325.0,E2,Breast,Alive,,43,,,No,No,No,1.0,1.0,1325.0,1325.0,IIIC,brca
TCGA-E2-A56Z,TCGA-E2-A56Z-01A-01-TSA.pkl,Stage IIB,252.0,E2,Breast,Alive,,69,,,No,No,No,1.0,1.0,252.0,252.0,IIB,brca
TCGA-E2-A570,TCGA-E2-A570-01A-01-TSA.pkl,Stage IB,931.0,E2,Breast,Alive,,47,,,No,No,No,1.0,1.0,931.0,931.0,IB,brca
TCGA-E2-A572,TCGA-E2-A572-01A-01-TSA.pkl,Stage IIIA,1208.0,E2,Breast,Alive,,72,,,No,No,No,1.0,1.0,1208.0,1208.0,IIIA,brca
TCGA-E2-A573,TCGA-E2-A573-01A-01-TS1.pkl,Stage IA,1062.0,E2,Breast,Alive,,48,,,No,No,No,1.0,1.0,1062.0,1062.0,IA,brca
TCGA-E2-A574,TCGA-E2-A574-01A-01-TSA.pkl,Stage IIA,1179.0,E2,Breast,Alive,,44,,,No,No,No,1.0,1.0,1179.0,1179.0,IIA,brca
TCGA-E2-A576,TCGA-E2-A576-01A-01-TSA.pkl,Stage IA,1043.0,E2,Breast,Alive,,69,,,No,No,No,1.0,1.0,1043.0,1043.0,IA,brca
TCGA-E2-A9RU,TCGA-E2-A9RU-01A-01-TS1.pkl,Stage IIIC,0.0,E2,Breast,Alive,,89,,,No,No,No,1.0,1.0,0.0,0.0,IIIC,brca
TCGA-E9-A1N3,TCGA-E9-A1N3-01A-01-TSA.pkl,Stage IIIA,1059.0,E9,Breast,Alive,,70,,,No,No,No,1.0,1.0,1059.0,1059.0,IIIA,brca
TCGA-E9-A1N4,TCGA-E9-A1N4-01A-01-TSA.pkl,Stage IIIA,1000.0,E9,Breast,Alive,,41,,,No,No,No,1.0,1.0,1000.0,1000.0,IIIA,brca
TCGA-E9-A1N5,TCGA-E9-A1N5-01A-01-TSA.pkl,Stage IIB,1120.0,E9,Breast,Alive,,45,,,No,No,No,1.0,1.0,1120.0,1120.0,IIB,brca
TCGA-E9-A1N6,TCGA-E9-A1N6-01A-01-TSA.pkl,Stage IIB,678.0,E9,Breast,Dead,678.0,52,443.0,,Yes,Yes,No,0.0,0.0,678.0,443.0,IIB,brca
TCGA-E9-A1N8,TCGA-E9-A1N8-01A-01-TSA.pkl,Stage IIA,1039.0,E9,Breast,Alive,,48,,,No,No,No,1.0,1.0,1039.0,1039.0,IIA,brca
TCGA-E9-A1N9,TCGA-E9-A1N9-01A-01-TSA.pkl,Stage IIA,1101.0,E9,Breast,Alive,,58,,,No,No,No,1.0,1.0,1101.0,1101.0,IIA,brca
TCGA-E9-A1NA,TCGA-E9-A1NA-01A-01-TSA.pkl,Stage IIA,1112.0,E9,Breast,Alive,,58,,,No,No,No,1.0,1.0,1112.0,1112.0,IIA,brca
TCGA-E9-A1NC,TCGA-E9-A1NC-01A-02-TSB.pkl,Stage IIB,1203.0,E9,Breast,Alive,,61,,,No,No,No,1.0,1.0,1203.0,1203.0,IIB,brca
TCGA-E9-A1ND,TCGA-E9-A1ND-01A-01-TSA.pkl,Stage IIB,1266.0,E9,Breast,Alive,,75,,,No,No,No,1.0,1.0,1266.0,1266.0,IIB,brca
TCGA-E9-A1NE,TCGA-E9-A1NE-01A-02-TSB.pkl,Stage IIB,1088.0,E9,Breast,Alive,,28,,,No,No,No,1.0,1.0,1088.0,1088.0,IIB,brca
TCGA-E9-A1NF,TCGA-E9-A1NF-01A-01-TSA.pkl,Stage IIA,1072.0,E9,Breast,Dead,1072.0,60,90.0,,Yes,Yes,No,0.0,0.0,1072.0,90.0,IIA,brca
TCGA-E9-A1NG,TCGA-E9-A1NG-01A-02-TSB.pkl,Stage IIA,786.0,E9,Breast,Dead,786.0,62,,,No,No,No,0.0,1.0,786.0,786.0,IIA,brca
TCGA-E9-A1NH,TCGA-E9-A1NH-01A-01-TSA.pkl,Stage IIB,576.0,E9,Breast,Alive,,71,,,No,No,No,1.0,1.0,576.0,576.0,IIB,brca
TCGA-E9-A1NI,TCGA-E9-A1NI-01A-01-TSA.pkl,Stage IIA,300.0,E9,Breast,Alive,,51,,,No,No,No,1.0,1.0,300.0,300.0,IIA,brca
TCGA-E9-A1QZ,TCGA-E9-A1QZ-01A-02-TSB.pkl,Stage IIA,755.0,E9,Breast,Alive,,61,,,No,No,No,1.0,1.0,755.0,755.0,IIA,brca
TCGA-E9-A1R0,TCGA-E9-A1R0-01A-02-TSB.pkl,Stage IIA,860.0,E9,Breast,Alive,,58,,,No,No,No,1.0,1.0,860.0,860.0,IIA,brca
TCGA-E9-A1R2,TCGA-E9-A1R2-01A-01-TSA.pkl,Stage IIIC,1063.0,E9,Breast,Alive,,51,,,No,No,No,1.0,1.0,1063.0,1063.0,IIIC,brca
TCGA-E9-A1R3,TCGA-E9-A1R3-01A-03-TSC.pkl,Stage IIIC,78.0,E9,Breast,Alive,,70,,,No,No,No,1.0,1.0,78.0,78.0,IIIC,brca
TCGA-E9-A1R4,TCGA-E9-A1R4-01A-02-TSB.pkl,Stage IA,186.0,E9,Breast,Alive,,66,,,No,No,No,1.0,1.0,186.0,186.0,IA,brca
TCGA-E9-A1R5,TCGA-E9-A1R5-01A-01-TSA.pkl,Stage IA,92.0,E9,Breast,Alive,,63,,,No,No,No,1.0,1.0,92.0,92.0,IA,brca
TCGA-E9-A1R6,TCGA-E9-A1R6-01A-01-TSA.pkl,Stage IIA,339.0,E9,Breast,Alive,,63,,,No,No,No,1.0,1.0,339.0,339.0,IIA,brca
TCGA-E9-A1R7,TCGA-E9-A1R7-01A-01-TSA.pkl,Stage IIA,1467.0,E9,Breast,Alive,,64,,,No,No,No,1.0,1.0,1467.0,1467.0,IIA,brca
TCGA-E9-A1RA,TCGA-E9-A1RA-01A-01-TSA.pkl,Stage IA,1369.0,E9,Breast,Alive,,48,,,No,No,No,1.0,1.0,1369.0,1369.0,IA,brca
TCGA-E9-A1RB,TCGA-E9-A1RB-01A-01-TSA.pkl,Stage IIA,976.0,E9,Breast,Dead,976.0,40,,,No,No,No,0.0,1.0,976.0,976.0,IIA,brca
TCGA-E9-A1RC,TCGA-E9-A1RC-01A-01-TSA.pkl,Stage IIIC,1224.0,E9,Breast,Alive,,56,,,No,No,No,1.0,1.0,1224.0,1224.0,IIIC,brca
TCGA-E9-A1RD,TCGA-E9-A1RD-01A-01-TSA.pkl,Stage IIA,34.0,E9,Breast,Alive,,67,,,No,No,No,1.0,1.0,34.0,34.0,IIA,brca
TCGA-E9-A1RE,TCGA-E9-A1RE-01A-01-TSA.pkl,Stage IIIA,1419.0,E9,Breast,Alive,,74,,,No,No,No,1.0,1.0,1419.0,1419.0,IIIA,brca
TCGA-E9-A1RF,TCGA-E9-A1RF-01A-01-TSA.pkl,Stage IIIA,200.0,E9,Breast,Alive,,68,,,No,No,No,1.0,1.0,200.0,200.0,IIIA,brca
TCGA-E9-A1RG,TCGA-E9-A1RG-01A-01-TSA.pkl,Stage IIIA,647.0,E9,Breast,Alive,,62,,,No,No,No,1.0,1.0,647.0,647.0,IIIA,brca
TCGA-E9-A1RH,TCGA-E9-A1RH-01A-02-TSB.pkl,Stage IIA,1417.0,E9,Breast,Alive,,63,,,No,No,No,1.0,1.0,1417.0,1417.0,IIA,brca
TCGA-E9-A1RI,TCGA-E9-A1RI-01A-01-TSA.pkl,Stage IIIA,1449.0,E9,Breast,Alive,,43,,,No,No,No,1.0,1.0,1449.0,1449.0,IIIA,brca
TCGA-E9-A226,TCGA-E9-A226-01A-02-TSB.pkl,Stage IIIA,1048.0,E9,Breast,Dead,1048.0,45,790.0,,Yes,Yes,No,0.0,0.0,1048.0,790.0,IIIA,brca
TCGA-E9-A227,TCGA-E9-A227-01A-01-TSA.pkl,Stage IIB,975.0,E9,Breast,Alive,,42,,,No,No,No,1.0,1.0,975.0,975.0,IIB,brca
TCGA-E9-A228,TCGA-E9-A228-01A-03-TSC.pkl,Stage IIB,1285.0,E9,Breast,Alive,,58,,,No,No,No,1.0,1.0,1285.0,1285.0,IIB,brca
TCGA-E9-A229,TCGA-E9-A229-01A-03-TSC.pkl,Stage IA,1148.0,E9,Breast,Alive,,37,,,No,No,No,1.0,1.0,1148.0,1148.0,IA,brca
TCGA-E9-A22A,TCGA-E9-A22A-01A-01-TSA.pkl,Stage IIA,1189.0,E9,Breast,Alive,,74,,,No,No,No,1.0,1.0,1189.0,1189.0,IIA,brca
TCGA-E9-A22B,TCGA-E9-A22B-01A-01-TSA.pkl,Stage IA,1167.0,E9,Breast,Alive,,71,,,No,No,No,1.0,1.0,1167.0,1167.0,IA,brca
TCGA-E9-A22D,TCGA-E9-A22D-01A-01-TSA.pkl,Stage IIA,1248.0,E9,Breast,Alive,,38,,,No,No,No,1.0,1.0,1248.0,1248.0,IIA,brca
TCGA-E9-A22E,TCGA-E9-A22E-01A-01-TSA.pkl,Stage IIIA,1269.0,E9,Breast,Alive,,56,,,No,No,No,1.0,1.0,1269.0,1269.0,IIIA,brca
TCGA-E9-A22G,TCGA-E9-A22G-01A-01-TSA.pkl,Stage IIA,1239.0,E9,Breast,Alive,,47,,,No,No,No,1.0,1.0,1239.0,1239.0,IIA,brca
TCGA-E9-A22H,TCGA-E9-A22H-01A-01-TSA.pkl,Stage IIB,1232.0,E9,Breast,Alive,,42,,,No,No,No,1.0,1.0,1232.0,1232.0,IIB,brca
TCGA-E9-A243,TCGA-E9-A243-01A-02-TSB.pkl,Stage IIA,612.0,E9,Breast,Alive,,52,305.0,,Yes,Yes,No,1.0,0.0,612.0,305.0,IIA,brca
TCGA-E9-A244,TCGA-E9-A244-01A-01-TSA.pkl,Stage IIA,21.0,E9,Breast,Alive,,54,,,No,No,No,1.0,1.0,21.0,21.0,IIA,brca
TCGA-E9-A247,TCGA-E9-A247-01A-01-TSA.pkl,Stage IA,1186.0,E9,Breast,Alive,,59,,,No,No,No,1.0,1.0,1186.0,1186.0,IA,brca
TCGA-E9-A248,TCGA-E9-A248-01A-01-TSA.pkl,Stage IIA,59.0,E9,Breast,Alive,,51,,,No,No,No,1.0,1.0,59.0,59.0,IIA,brca
TCGA-E9-A249,TCGA-E9-A249-01A-01-TSA.pkl,Stage IIA,217.0,E9,Breast,Alive,,45,,,No,No,No,1.0,1.0,217.0,217.0,IIA,brca
TCGA-E9-A24A,TCGA-E9-A24A-01A-01-TSA.pkl,Stage IIA,747.0,E9,Breast,Alive,,69,,,No,No,No,1.0,1.0,747.0,747.0,IIA,brca
TCGA-E9-A295,TCGA-E9-A295-01A-01-TSA.pkl,Stage IIA,375.0,E9,Breast,Alive,,71,,,No,No,No,1.0,1.0,375.0,375.0,IIA,brca
TCGA-E9-A2JS,TCGA-E9-A2JS-01A-01-TSA.pkl,Stage IIB,904.0,E9,Breast,Dead,904.0,72,524.0,,Yes,Yes,No,0.0,0.0,904.0,524.0,IIB,brca
TCGA-E9-A2JT,TCGA-E9-A2JT-01A-02-TSB.pkl,Stage IIA,288.0,E9,Breast,Alive,,63,,,No,No,No,1.0,1.0,288.0,288.0,IIA,brca
TCGA-E9-A3HO,TCGA-E9-A3HO-01A-01-TSA.pkl,Stage IIA,1158.0,E9,Breast,Alive,,49,,,No,No,No,1.0,1.0,1158.0,1158.0,IIA,brca
TCGA-E9-A3Q9,TCGA-E9-A3Q9-01A-01-TSA.pkl,Stage IIIC,1001.0,E9,Breast,Alive,,78,,,No,No,No,1.0,1.0,1001.0,1001.0,IIIC,brca
TCGA-E9-A3QA,TCGA-E9-A3QA-01A-06-TSF.pkl,Stage IIA,918.0,E9,Breast,Alive,,33,,,No,No,No,1.0,1.0,918.0,918.0,IIA,brca
TCGA-E9-A3X8,TCGA-E9-A3X8-01A-03-TSC.pkl,Stage IIB,926.0,E9,Breast,Alive,,48,,,No,No,No,1.0,1.0,926.0,926.0,IIB,brca
TCGA-E9-A54X,TCGA-E9-A54X-01A-01-TSA.pkl,Stage IA,727.0,E9,Breast,Alive,,85,,,No,No,No,1.0,1.0,727.0,727.0,IA,brca
TCGA-E9-A54Y,TCGA-E9-A54Y-01A-01-TSA.pkl,Stage IIIA,725.0,E9,Breast,Alive,,63,,,No,No,No,1.0,1.0,725.0,725.0,IIIA,brca
TCGA-E9-A5FK,TCGA-E9-A5FK-01A-01-TSA.pkl,Stage IIIC,812.0,E9,Breast,Alive,,60,,,No,No,No,1.0,1.0,812.0,812.0,IIIC,brca
TCGA-E9-A5FL,TCGA-E9-A5FL-01A-01-TSA.pkl,Stage IIB,24.0,E9,Breast,Alive,,65,,,No,No,No,1.0,1.0,24.0,24.0,IIB,brca
TCGA-E9-A5UO,TCGA-E9-A5UO-01A-01-TSA.pkl,Stage IIA,785.0,E9,Breast,Alive,,41,,,No,No,No,1.0,1.0,785.0,785.0,IIA,brca
TCGA-E9-A5UP,TCGA-E9-A5UP-01A-01-TSA.pkl,Stage IIA,803.0,E9,Breast,Alive,,63,,,No,No,No,1.0,1.0,803.0,803.0,IIA,brca
TCGA-E9-A6HE,TCGA-E9-A6HE-01A-01-TSA.pkl,Stage IIIC,847.0,E9,Breast,Alive,,45,,,No,No,No,1.0,1.0,847.0,847.0,IIIC,brca
TCGA-EW-A1IW,TCGA-EW-A1IW-01A-01-TSA.pkl,Stage IIB,371.0,EW,Breast,Alive,,80,,,No,No,No,1.0,1.0,371.0,371.0,IIB,brca
TCGA-EW-A1IX,TCGA-EW-A1IX-01A-01-TSA.pkl,Stage IIA,1208.0,EW,Breast,Alive,,48,,,No,No,No,1.0,1.0,1208.0,1208.0,IIA,brca
TCGA-EW-A1IY,TCGA-EW-A1IY-01A-01-TSA.pkl,Stage I,258.0,EW,Breast,Alive,,38,,,No,No,No,1.0,1.0,258.0,258.0,I,brca
TCGA-EW-A1IZ,TCGA-EW-A1IZ-01A-01-TSA.pkl,Stage IIIA,554.0,EW,Breast,Alive,,53,,,No,No,No,1.0,1.0,554.0,554.0,IIIA,brca
TCGA-EW-A1J1,TCGA-EW-A1J1-01A-01-TSA.pkl,Stage IIB,575.0,EW,Breast,Alive,,38,,,No,No,No,1.0,1.0,575.0,575.0,IIB,brca
TCGA-EW-A1J3,TCGA-EW-A1J3-01A-01-TSA.pkl,Stage IA,504.0,EW,Breast,Alive,,61,,,No,No,No,1.0,1.0,504.0,504.0,IA,brca
TCGA-EW-A1J5,TCGA-EW-A1J5-01A-01-TSA.pkl,Stage IIB,477.0,EW,Breast,Alive,,59,,,No,No,No,1.0,1.0,477.0,477.0,IIB,brca
TCGA-EW-A1J6,TCGA-EW-A1J6-01A-01-TS1.pkl,Stage I,875.0,EW,Breast,Alive,,70,,,No,No,No,1.0,1.0,875.0,875.0,I,brca
TCGA-EW-A1OV,TCGA-EW-A1OV-01A-01-TSA.pkl,Stage IIB,789.0,EW,Breast,Alive,,56,,,No,No,No,1.0,1.0,789.0,789.0,IIB,brca
TCGA-EW-A1OW,TCGA-EW-A1OW-01A-02-TSB.pkl,Stage IIA,694.0,EW,Breast,Alive,,58,,,No,No,No,1.0,1.0,694.0,694.0,IIA,brca
TCGA-EW-A1OX,TCGA-EW-A1OX-01A-01-TSA.pkl,Stage IIA,911.0,EW,Breast,Alive,,43,,,No,No,No,1.0,1.0,911.0,911.0,IIA,brca
TCGA-EW-A1OY,TCGA-EW-A1OY-01A-01-TSA.pkl,Stage IIA,908.0,EW,Breast,Alive,,63,,,No,No,No,1.0,1.0,908.0,908.0,IIA,brca
TCGA-EW-A1OZ,TCGA-EW-A1OZ-01A-01-TSA.pkl,Stage IIA,1229.0,EW,Breast,Alive,,56,,,No,No,No,1.0,1.0,1229.0,1229.0,IIA,brca
TCGA-EW-A1P0,TCGA-EW-A1P0-01A-01-TSA.pkl,Stage IIB,1251.0,EW,Breast,Alive,,55,1094.0,,Yes,Yes,No,1.0,0.0,1251.0,1094.0,IIB,brca
TCGA-EW-A1P1,TCGA-EW-A1P1-01A-03-TSC.pkl,Stage IIIC,1210.0,EW,Breast,Alive,,68,1014.0,,Yes,Yes,No,1.0,0.0,1210.0,1014.0,IIIC,brca
TCGA-EW-A1P3,TCGA-EW-A1P3-01A-01-TSA.pkl,Stage IIA,1611.0,EW,Breast,Alive,,48,,,No,No,No,1.0,1.0,1611.0,1611.0,IIA,brca
TCGA-EW-A1P4,TCGA-EW-A1P4-01A-02-TSB.pkl,Stage IIA,907.0,EW,Breast,Alive,,43,,,No,No,No,1.0,1.0,907.0,907.0,IIA,brca
TCGA-EW-A1P5,TCGA-EW-A1P5-01A-01-TSA.pkl,Stage IIB,703.0,EW,Breast,Alive,,77,,,No,No,No,1.0,1.0,703.0,703.0,IIB,brca
TCGA-EW-A1P6,TCGA-EW-A1P6-01A-01-TSA.pkl,Stage IIB,562.0,EW,Breast,Alive,,64,,,No,No,No,1.0,1.0,562.0,562.0,IIB,brca
TCGA-EW-A1P7,TCGA-EW-A1P7-01A-02-TSB.pkl,Stage IIA,915.0,EW,Breast,Alive,,59,729.0,,Yes,Yes,No,1.0,0.0,915.0,729.0,IIA,brca
TCGA-EW-A1P8,TCGA-EW-A1P8-01A-01-TSA.pkl,Stage IIIC,239.0,EW,Breast,Dead,239.0,58,207.0,,Yes,Yes,No,0.0,0.0,239.0,207.0,IIIC,brca
TCGA-EW-A1PA,TCGA-EW-A1PA-01A-01-TSA.pkl,Stage IIB,575.0,EW,Breast,Alive,,59,,,No,No,No,1.0,1.0,575.0,575.0,IIB,brca
TCGA-EW-A1PB,TCGA-EW-A1PB-01A-01-TSA.pkl,Stage IIIA,608.0,EW,Breast,Alive,,70,,,No,No,No,1.0,1.0,608.0,608.0,IIIA,brca
TCGA-EW-A1PC,TCGA-EW-A1PC-01B-01-TSA.pkl,Stage IIB,187.0,EW,Breast,Alive,,66,,,No,No,No,1.0,1.0,187.0,187.0,IIB,brca
TCGA-EW-A1PD,TCGA-EW-A1PD-01A-01-TSA.pkl,Stage IIA,424.0,EW,Breast,Alive,,61,,,No,No,No,1.0,1.0,424.0,424.0,IIA,brca
TCGA-EW-A1PE,TCGA-EW-A1PE-01A-01-TSA.pkl,Stage IIA,320.0,EW,Breast,Alive,,56,,,No,No,No,1.0,1.0,320.0,320.0,IIA,brca
TCGA-EW-A1PF,TCGA-EW-A1PF-01A-01-TSA.pkl,Stage IA,439.0,EW,Breast,Alive,,50,,,No,No,No,1.0,1.0,439.0,439.0,IA,brca
TCGA-EW-A1PG,TCGA-EW-A1PG-01A-01-TSA.pkl,Stage IIB,1051.0,EW,Breast,Alive,,53,,,No,No,No,1.0,1.0,1051.0,1051.0,IIB,brca
TCGA-EW-A1PH,TCGA-EW-A1PH-01A-01-TS1.pkl,Stage IIA,607.0,EW,Breast,Alive,,52,,,No,No,No,1.0,1.0,607.0,607.0,IIA,brca
TCGA-EW-A2FR,TCGA-EW-A2FR-01A-01-TSA.pkl,Stage IIIC,1673.0,EW,Breast,Alive,,59,,,No,No,No,1.0,1.0,1673.0,1673.0,IIIC,brca
TCGA-EW-A2FS,TCGA-EW-A2FS-01A-01-TSA.pkl,Stage IIB,1604.0,EW,Breast,Alive,,41,,,No,No,No,1.0,1.0,1604.0,1604.0,IIB,brca
TCGA-EW-A2FV,TCGA-EW-A2FV-01A-01-TSA.pkl,Stage IIIC,788.0,EW,Breast,Alive,,39,,,No,No,No,1.0,1.0,788.0,788.0,IIIC,brca
TCGA-EW-A2FW,TCGA-EW-A2FW-01A-01-TSA.pkl,Stage IIA,672.0,EW,Breast,Alive,,52,,,No,No,No,1.0,1.0,672.0,672.0,IIA,brca
TCGA-EW-A3E8,TCGA-EW-A3E8-01B-01-TS1.pkl,Stage IIB,1035.0,EW,Breast,Alive,,60,,,No,No,No,1.0,1.0,1035.0,1035.0,IIB,brca
TCGA-EW-A3U0,TCGA-EW-A3U0-01A-01-TSA.pkl,Stage IIIA,532.0,EW,Breast,Alive,,61,,,No,No,No,1.0,1.0,532.0,532.0,IIIA,brca
TCGA-EW-A423,TCGA-EW-A423-01A-01-TS1.pkl,Stage IIA,533.0,EW,Breast,Alive,,75,,,No,No,No,1.0,1.0,533.0,533.0,IIA,brca
TCGA-EW-A424,TCGA-EW-A424-01A-01-TSA.pkl,Stage IIIA,715.0,EW,Breast,Alive,,51,,,No,No,No,1.0,1.0,715.0,715.0,IIIA,brca
TCGA-EW-A6S9,TCGA-EW-A6S9-01A-02-TS2.pkl,Stage IIA,463.0,EW,Breast,Alive,,34,,,No,No,No,1.0,1.0,463.0,463.0,IIA,brca
TCGA-EW-A6SA,TCGA-EW-A6SA-01A-02-TS2.pkl,Stage II,510.0,EW,Breast,Alive,,59,,,No,No,No,1.0,1.0,510.0,510.0,II,brca
TCGA-EW-A6SB,TCGA-EW-A6SB-01A-01-TS1.pkl,Stage II,760.0,EW,Breast,Alive,,62,,,No,No,No,1.0,1.0,760.0,760.0,II,brca
TCGA-EW-A6SC,TCGA-EW-A6SC-01A-01-TS1.pkl,Stage IIA,952.0,EW,Breast,Alive,,60,,,No,No,No,1.0,1.0,952.0,952.0,IIA,brca
TCGA-EW-A6SD,TCGA-EW-A6SD-01A-01-TS1.pkl,Stage IIB,1010.0,EW,Breast,Alive,,32,,,No,No,No,1.0,1.0,1010.0,1010.0,IIB,brca
TCGA-GI-A2C8,TCGA-GI-A2C8-01A-01-TSA.pkl,Stage IIIB,225.0,GI,Breast,Alive,,63,,,No,No,No,1.0,1.0,225.0,225.0,IIIB,brca
TCGA-GI-A2C9,TCGA-GI-A2C9-01A-01-TS1.pkl,Stage IIB,3342.0,GI,Breast,Alive,,58,,,No,No,No,1.0,1.0,3342.0,3342.0,IIB,brca
TCGA-GM-A2D9,TCGA-GM-A2D9-01A-01-TS1.pkl,Stage I,1812.0,GM,Breast,Dead,1812.0,69,536.0,,Yes,Yes,No,0.0,0.0,1812.0,536.0,I,brca
TCGA-GM-A2DA,TCGA-GM-A2DA-01A-01-TS1.pkl,Stage IIB,6593.0,GM,Breast,Dead,6593.0,46,3014.0,,Yes,Yes,No,0.0,0.0,6593.0,3014.0,IIB,brca
TCGA-GM-A2DB,TCGA-GM-A2DB-01A-03-TSC.pkl,Stage IIA,2406.0,GM,Breast,Alive,,62,,,No,No,No,1.0,1.0,2406.0,2406.0,IIA,brca
TCGA-GM-A2DC,TCGA-GM-A2DC-01A-01-TSA.pkl,Stage IIA,2535.0,GM,Breast,Alive,,57,,,No,No,No,1.0,1.0,2535.0,2535.0,IIA,brca
TCGA-GM-A2DD,TCGA-GM-A2DD-01A-01-TSA.pkl,Stage I,2282.0,GM,Breast,Alive,,53,,,No,No,No,1.0,1.0,2282.0,2282.0,I,brca
TCGA-GM-A2DF,TCGA-GM-A2DF-01A-01-TSA.pkl,Stage IIA,2155.0,GM,Breast,Alive,,53,,,No,No,No,1.0,1.0,2155.0,2155.0,IIA,brca
TCGA-GM-A2DH,TCGA-GM-A2DH-01A-01-TSA.pkl,Stage I,2193.0,GM,Breast,Alive,,58,,,No,No,No,1.0,1.0,2193.0,2193.0,I,brca
TCGA-GM-A2DI,TCGA-GM-A2DI-01A-03-TSC.pkl,Stage I,2590.0,GM,Breast,Alive,,52,,,No,No,No,1.0,1.0,2590.0,2590.0,I,brca
TCGA-GM-A2DK,TCGA-GM-A2DK-01A-02-TSB.pkl,Stage I,2645.0,GM,Breast,Alive,,58,,,No,No,No,1.0,1.0,2645.0,2645.0,I,brca
TCGA-GM-A2DL,TCGA-GM-A2DL-01A-01-TSA.pkl,Stage I,3519.0,GM,Breast,Alive,,50,,,No,No,No,1.0,1.0,3519.0,3519.0,I,brca
TCGA-GM-A2DM,TCGA-GM-A2DM-01A-01-TSA.pkl,Stage IIA,3226.0,GM,Breast,Alive,,57,,,No,No,No,1.0,1.0,3226.0,3226.0,IIA,brca
TCGA-GM-A2DN,TCGA-GM-A2DN-01A-01-TSA.pkl,Stage IIA,3091.0,GM,Breast,Alive,,58,,,No,No,No,1.0,1.0,3091.0,3091.0,IIA,brca
TCGA-GM-A2DO,TCGA-GM-A2DO-01A-01-TSA.pkl,Stage I,2596.0,GM,Breast,Alive,,54,,,No,No,No,1.0,1.0,2596.0,2596.0,I,brca
TCGA-GM-A3NW,TCGA-GM-A3NW-01A-02-MSB.pkl,Stage IIA,3361.0,GM,Breast,Alive,,63,,,No,No,No,1.0,1.0,3361.0,3361.0,IIA,brca
TCGA-GM-A3NY,TCGA-GM-A3NY-01A-01-TSA.pkl,Stage IIB,1162.0,GM,Breast,Alive,,72,,,No,No,No,1.0,1.0,1162.0,1162.0,IIB,brca
TCGA-GM-A3XG,TCGA-GM-A3XG-01A-03-TSC.pkl,Stage IIIA,1330.0,GM,Breast,Alive,,46,,,No,No,No,1.0,1.0,1330.0,1330.0,IIIA,brca
TCGA-GM-A3XL,TCGA-GM-A3XL-01A-01-TSA.pkl,Stage IIA,2108.0,GM,Breast,Alive,,49,,,No,No,No,1.0,1.0,2108.0,2108.0,IIA,brca
TCGA-GM-A3XN,TCGA-GM-A3XN-01A-01-TS1.pkl,Stage IIIA,2019.0,GM,Breast,Alive,,44,,,No,No,No,1.0,1.0,2019.0,2019.0,IIIA,brca
TCGA-GM-A4E0,TCGA-GM-A4E0-01A-01-TS1.pkl,Stage IIIC,2191.0,GM,Breast,Alive,,67,,,No,No,No,1.0,1.0,2191.0,2191.0,IIIC,brca
TCGA-GM-A5PV,TCGA-GM-A5PV-01A-01-TS1.pkl,Stage IIB,412.0,GM,Breast,Alive,,63,,,No,No,No,1.0,1.0,412.0,412.0,IIB,brca
TCGA-GM-A5PX,TCGA-GM-A5PX-01A-01-TS1.pkl,Stage IIB,551.0,GM,Breast,Alive,,65,,,No,No,No,1.0,1.0,551.0,551.0,IIB,brca
TCGA-HN-A2NL,TCGA-HN-A2NL-01A-01-TSA.pkl,Stage IIA,79.0,HN,Breast,Alive,,56,,,No,No,No,1.0,1.0,79.0,79.0,IIA,brca
TCGA-HN-A2OB,TCGA-HN-A2OB-01A-02-TSB.pkl,Stage IIB,1900.0,HN,Breast,Dead,1900.0,45,1543.0,,Yes,Yes,No,0.0,0.0,1900.0,1543.0,IIB,brca
TCGA-JL-A3YW,TCGA-JL-A3YW-01A-01-TS1.pkl,Stage IIB,360.0,JL,Breast,Alive,,49,,,No,No,No,1.0,1.0,360.0,360.0,IIB,brca
TCGA-JL-A3YX,TCGA-JL-A3YX-01A-01-TS1.pkl,Stage IIA,352.0,JL,Breast,Alive,,46,,,No,No,No,1.0,1.0,352.0,352.0,IIA,brca
TCGA-LD-A66U,TCGA-LD-A66U-01A-01-TS1.pkl,Stage IIB,646.0,LD,Breast,Alive,,44,,,No,No,No,1.0,1.0,646.0,646.0,IIB,brca
TCGA-LD-A74U,TCGA-LD-A74U-01A-01-TSA.pkl,Stage IIIC,402.0,LD,Breast,Alive,,79,,,No,No,No,1.0,1.0,402.0,402.0,IIIC,brca
TCGA-LD-A7W5,TCGA-LD-A7W5-01A-02-TSB.pkl,Stage IIIC,216.0,LD,Breast,Alive,,52,,,No,No,No,1.0,1.0,216.0,216.0,IIIC,brca
TCGA-LD-A7W6,TCGA-LD-A7W6-01A-08-TSH.pkl,Stage IIB,404.0,LD,Breast,Alive,,54,,,No,No,No,1.0,1.0,404.0,404.0,IIB,brca
TCGA-LD-A9QF,TCGA-LD-A9QF-01A-03-TSC.pkl,Stage IA,323.0,LD,Breast,Alive,,73,,,No,No,No,1.0,1.0,323.0,323.0,IA,brca
TCGA-LL-A440,TCGA-LL-A440-01A-01-TSA.pkl,Stage IA,759.0,LL,Breast,Alive,,61,,,No,No,No,1.0,1.0,759.0,759.0,IA,brca
TCGA-LL-A441,TCGA-LL-A441-01A-01-TS1.pkl,Stage IA,996.0,LL,Breast,Alive,,62,,,No,No,No,1.0,1.0,996.0,996.0,IA,brca
TCGA-LL-A442,TCGA-LL-A442-01A-01-TSA.pkl,Stage IIA,889.0,LL,Breast,Alive,,56,,,No,No,No,1.0,1.0,889.0,889.0,IIA,brca
TCGA-LL-A50Y,TCGA-LL-A50Y-01A-01-TSA.pkl,Stage IIA,762.0,LL,Breast,Alive,,84,,,No,No,No,1.0,1.0,762.0,762.0,IIA,brca
TCGA-LL-A5YL,TCGA-LL-A5YL-01A-01-TS1.pkl,Stage IIB,519.0,LL,Breast,Alive,,64,,,No,No,No,1.0,1.0,519.0,519.0,IIB,brca
TCGA-LL-A5YM,TCGA-LL-A5YM-01A-01-TS1.pkl,Stage IIIB,394.0,LL,Breast,Alive,,88,,258.0,Yes,No,Yes,1.0,1.0,394.0,394.0,IIIB,brca
TCGA-LL-A5YN,TCGA-LL-A5YN-01A-01-TS1.pkl,Stage IIA,447.0,LL,Breast,Alive,,46,,,No,No,No,1.0,1.0,447.0,447.0,IIA,brca
TCGA-LL-A5YO,TCGA-LL-A5YO-01A-02-TS2.pkl,Stage IA,440.0,LL,Breast,Alive,,50,,,No,No,No,1.0,1.0,440.0,440.0,IA,brca
TCGA-LL-A5YP,TCGA-LL-A5YP-01A-02-TS2.pkl,Stage IIB,450.0,LL,Breast,Alive,,49,,,No,No,No,1.0,1.0,450.0,450.0,IIB,brca
TCGA-LL-A6FP,TCGA-LL-A6FP-01A-01-TS1.pkl,Stage IIA,0.0,LL,Breast,Alive,,89,,,No,No,No,1.0,1.0,0.0,0.0,IIA,brca
TCGA-LL-A6FQ,TCGA-LL-A6FQ-01A-01-TS1.pkl,Stage IIIA,80.0,LL,Breast,Alive,,77,,,No,No,No,1.0,1.0,80.0,80.0,IIIA,brca
TCGA-LL-A6FR,TCGA-LL-A6FR-01A-01-TS1.pkl,Stage IIA,489.0,LL,Breast,Alive,,50,,,No,No,No,1.0,1.0,489.0,489.0,IIA,brca
TCGA-LL-A73Y,TCGA-LL-A73Y-01A-01-TS1.pkl,Stage IA,477.0,LL,Breast,Alive,,67,,,No,No,No,1.0,1.0,477.0,477.0,IA,brca
TCGA-LL-A73Z,TCGA-LL-A73Z-01A-01-TSA.pkl,Stage IV,227.0,LL,Breast,Dead,227.0,55,192.0,,Yes,Yes,No,0.0,0.0,227.0,192.0,IV,brca
TCGA-LL-A740,TCGA-LL-A740-01A-02-TSB.pkl,Stage IA,441.0,LL,Breast,Alive,,61,,,No,No,No,1.0,1.0,441.0,441.0,IA,brca
TCGA-LL-A7SZ,TCGA-LL-A7SZ-01A-03-TS3.pkl,Stage IIB,594.0,LL,Breast,Alive,,49,,,No,No,No,1.0,1.0,594.0,594.0,IIB,brca
TCGA-LL-A7T0,TCGA-LL-A7T0-01A-03-TS3.pkl,Stage IIB,376.0,LL,Breast,Alive,,70,,,No,No,No,1.0,1.0,376.0,376.0,IIB,brca
TCGA-LL-A8F5,TCGA-LL-A8F5-01A-01-TS1.pkl,Stage IIA,596.0,LL,Breast,Alive,,61,,,No,No,No,1.0,1.0,596.0,596.0,IIA,brca
TCGA-LL-A9Q3,TCGA-LL-A9Q3-01A-01-TS1.pkl,Stage IIIC,532.0,LL,Breast,Alive,,69,,,No,No,No,1.0,1.0,532.0,532.0,IIIC,brca
TCGA-LQ-A4E4,TCGA-LQ-A4E4-01A-01-TSA.pkl,Stage IIIA,849.0,LQ,Breast,Alive,,73,681.0,,Yes,Yes,No,1.0,0.0,849.0,681.0,IIIA,brca
TCGA-MS-A51U,TCGA-MS-A51U-01A-03-TSC.pkl,Stage IIB,681.0,MS,Breast,Alive,,44,,,No,No,No,1.0,1.0,681.0,681.0,IIB,brca
TCGA-OK-A5Q2,TCGA-OK-A5Q2-01A-01-TS1.pkl,Stage II,64.0,OK,Breast,Alive,,59,,,No,No,No,1.0,1.0,64.0,64.0,II,brca
TCGA-OL-A5D6,TCGA-OL-A5D6-01A-02-TSB.pkl,Stage IIA,1104.0,OL,Breast,Dead,1104.0,71,,,No,No,No,0.0,1.0,1104.0,1104.0,IIA,brca
TCGA-OL-A5D7,TCGA-OL-A5D7-01A-01-TS1.pkl,Stage IIA,1780.0,OL,Breast,Alive,,70,,,No,No,No,1.0,1.0,1780.0,1780.0,IIA,brca
TCGA-OL-A5D8,TCGA-OL-A5D8-01A-01-TSA.pkl,Stage IIB,973.0,OL,Breast,Alive,,40,,,No,No,No,1.0,1.0,973.0,973.0,IIB,brca
TCGA-OL-A5DA,TCGA-OL-A5DA-01A-01-TSA.pkl,Stage IIA,1783.0,OL,Breast,Alive,,61,,,No,No,No,1.0,1.0,1783.0,1783.0,IIA,brca
TCGA-OL-A5RU,TCGA-OL-A5RU-01A-01-TSA.pkl,Stage IIA,1219.0,OL,Breast,Alive,,63,,,No,No,No,1.0,1.0,1219.0,1219.0,IIA,brca
TCGA-OL-A5RV,TCGA-OL-A5RV-01A-01-TSA.pkl,Stage IIIC,1062.0,OL,Breast,Alive,,43,,,No,No,No,1.0,1.0,1062.0,1062.0,IIIC,brca
TCGA-OL-A5RW,TCGA-OL-A5RW-01A-01-TS1.pkl,Stage IIA,1106.0,OL,Breast,Alive,,40,,,No,No,No,1.0,1.0,1106.0,1106.0,IIA,brca
TCGA-OL-A5RX,TCGA-OL-A5RX-01A-01-TSA.pkl,Stage IA,878.0,OL,Breast,Alive,,51,,,No,No,No,1.0,1.0,878.0,878.0,IA,brca
TCGA-OL-A5RY,TCGA-OL-A5RY-01A-02-TSB.pkl,Stage IIA,752.0,OL,Breast,Alive,,52,,,No,No,No,1.0,1.0,752.0,752.0,IIA,brca
TCGA-OL-A5RZ,TCGA-OL-A5RZ-01A-01-TSA.pkl,Stage IA,679.0,OL,Breast,Alive,,57,,,No,No,No,1.0,1.0,679.0,679.0,IA,brca
TCGA-OL-A5S0,TCGA-OL-A5S0-01A-01-TSA.pkl,Stage IIB,620.0,OL,Breast,Alive,,66,,,No,No,No,1.0,1.0,620.0,620.0,IIB,brca
TCGA-OL-A66H,TCGA-OL-A66H-01A-01-TS1.pkl,Stage IB,812.0,OL,Breast,Alive,,74,,,No,No,No,1.0,1.0,812.0,812.0,IB,brca
TCGA-OL-A66I,TCGA-OL-A66I-01A-02-TS2.pkl,Stage IIA,714.0,OL,Breast,Alive,,36,,,No,No,No,1.0,1.0,714.0,714.0,IIA,brca
TCGA-OL-A66J,TCGA-OL-A66J-01A-01-TSA.pkl,Stage I,1996.0,OL,Breast,Alive,,80,,,No,No,No,1.0,1.0,1996.0,1996.0,I,brca
TCGA-OL-A66K,TCGA-OL-A66K-01A-01-TS1.pkl,Stage IIA,1275.0,OL,Breast,Dead,1275.0,72,,,No,No,No,0.0,1.0,1275.0,1275.0,IIA,brca
TCGA-OL-A66L,TCGA-OL-A66L-01A-01-TSA.pkl,Stage IA,1301.0,OL,Breast,Alive,,71,,,No,No,No,1.0,1.0,1301.0,1301.0,IA,brca
TCGA-OL-A66N,TCGA-OL-A66N-01A-01-TS1.pkl,Stage IIIC,792.0,OL,Breast,Alive,,59,,,No,No,No,1.0,1.0,792.0,792.0,IIIC,brca
TCGA-OL-A66O,TCGA-OL-A66O-01A-01-TS1.pkl,Stage IIB,528.0,OL,Breast,Alive,,39,,,No,No,No,1.0,1.0,528.0,528.0,IIB,brca
TCGA-OL-A66P,TCGA-OL-A66P-01A-01-TS1.pkl,Stage IIA,428.0,OL,Breast,Alive,,75,,,No,No,No,1.0,1.0,428.0,428.0,IIA,brca
TCGA-OL-A6VO,TCGA-OL-A6VO-01A-01-TSA.pkl,Stage IA,858.0,OL,Breast,Alive,,43,,,No,No,No,1.0,1.0,858.0,858.0,IA,brca
TCGA-OL-A6VQ,TCGA-OL-A6VQ-01A-01-TSA.pkl,Stage IIA,600.0,OL,Breast,Alive,,49,,,No,No,No,1.0,1.0,600.0,600.0,IIA,brca
TCGA-OL-A6VR,TCGA-OL-A6VR-01A-03-TSC.pkl,Stage IA,1220.0,OL,Breast,Alive,,48,,,No,No,No,1.0,1.0,1220.0,1220.0,IA,brca
TCGA-OL-A97C,TCGA-OL-A97C-01A-03-TSC.pkl,Stage IIB,275.0,OL,Breast,Alive,,67,275.0,,Yes,Yes,No,1.0,0.0,275.0,275.0,IIB,brca
TCGA-PE-A5DC,TCGA-PE-A5DC-01A-01-TS1.pkl,Stage IIIA,1430.0,PE,Breast,Dead,1430.0,72,,,No,No,No,0.0,1.0,1430.0,1430.0,IIIA,brca
TCGA-PE-A5DD,TCGA-PE-A5DD-01A-01-TSA.pkl,Stage IIA,1953.0,PE,Breast,Alive,,64,,,No,No,No,1.0,1.0,1953.0,1953.0,IIA,brca
TCGA-PE-A5DE,TCGA-PE-A5DE-01A-01-TS1.pkl,Stage IIA,2645.0,PE,Breast,Alive,,41,,,No,No,No,1.0,1.0,2645.0,2645.0,IIA,brca
TCGA-S3-A6ZF,TCGA-S3-A6ZF-01A-03-TS3.pkl,Stage IIA,572.0,S3,Breast,Alive,,64,,,No,No,No,1.0,1.0,572.0,572.0,IIA,brca
TCGA-S3-A6ZG,TCGA-S3-A6ZG-01A-02-TS2.pkl,Stage IIB,562.0,S3,Breast,Alive,,71,,,No,No,No,1.0,1.0,562.0,562.0,IIB,brca
TCGA-S3-A6ZH,TCGA-S3-A6ZH-01A-02-TS2.pkl,Stage IIIC,641.0,S3,Breast,Alive,,29,,,No,No,No,1.0,1.0,641.0,641.0,IIIC,brca
TCGA-S3-AA0Z,TCGA-S3-AA0Z-01A-01-TS1.pkl,Stage IIB,629.0,S3,Breast,Alive,,63,,,No,No,No,1.0,1.0,629.0,629.0,IIB,brca
TCGA-S3-AA10,TCGA-S3-AA10-01A-02-TS2.pkl,Stage IIA,586.0,S3,Breast,Alive,,65,,,No,No,No,1.0,1.0,586.0,586.0,IIA,brca
TCGA-S3-AA11,TCGA-S3-AA11-01A-03-TS3.pkl,Stage IIA,421.0,S3,Breast,Alive,,67,,,No,No,No,1.0,1.0,421.0,421.0,IIA,brca
TCGA-S3-AA12,TCGA-S3-AA12-01A-01-TS1.pkl,Stage IIIA,574.0,S3,Breast,Alive,,82,,,No,No,No,1.0,1.0,574.0,574.0,IIIA,brca
TCGA-S3-AA14,TCGA-S3-AA14-01A-01-TS1.pkl,Stage I,529.0,S3,Breast,Alive,,47,,,No,No,No,1.0,1.0,529.0,529.0,I,brca
TCGA-S3-AA15,TCGA-S3-AA15-01A-01-TS1.pkl,Stage IIB,525.0,S3,Breast,Alive,,51,,,No,No,No,1.0,1.0,525.0,525.0,IIB,brca
TCGA-S3-AA17,TCGA-S3-AA17-01A-01-TS1.pkl,Stage IIB,424.0,S3,Breast,Alive,,64,,,No,No,No,1.0,1.0,424.0,424.0,IIB,brca
TCGA-UL-AAZ6,TCGA-UL-AAZ6-01A-01-TSA.pkl,Stage IIA,518.0,UL,Breast,Alive,,73,,,No,No,No,1.0,1.0,518.0,518.0,IIA,brca
TCGA-UU-A93S,TCGA-UU-A93S-01A-02-TSB.pkl,Stage IV,116.0,UU,Breast,Dead,116.0,63,,,No,No,No,0.0,1.0,116.0,116.0,IV,brca
TCGA-V7-A7HQ,TCGA-V7-A7HQ-01A-01-TS1.pkl,Stage IIIA,2033.0,V7,Breast,Alive,,75,,,No,No,No,1.0,1.0,2033.0,2033.0,IIIA,brca
TCGA-W8-A86G,TCGA-W8-A86G-01A-02-TS2.pkl,Stage IIA,347.0,W8,Breast,Alive,,66,,,No,No,No,1.0,1.0,347.0,347.0,IIA,brca
TCGA-WT-AB41,TCGA-WT-AB41-01A-01-TSA.pkl,Stage IIB,1611.0,WT,Breast,Alive,,55,,,No,No,No,1.0,1.0,1611.0,1611.0,IIB,brca
TCGA-WT-AB44,TCGA-WT-AB44-01A-01-TS1.pkl,Stage IA,883.0,WT,Breast,Alive,,77,,,No,No,No,1.0,1.0,883.0,883.0,IA,brca
TCGA-XX-A899,TCGA-XX-A899-01A-01-TS1.pkl,Stage IIIA,467.0,XX,Breast,Alive,,46,,,No,No,No,1.0,1.0,467.0,467.0,IIIA,brca
TCGA-XX-A89A,TCGA-XX-A89A-01A-01-TS1.pkl,Stage IIB,488.0,XX,Breast,Alive,,68,,,No,No,No,1.0,1.0,488.0,488.0,IIB,brca
TCGA-Z7-A8R5,TCGA-Z7-A8R5-01A-04-TSD.pkl,Stage IIIA,3287.0,Z7,Breast,Alive,,60,,181.0,Yes,No,Yes,1.0,1.0,3287.0,3287.0,IIIA,brca
TCGA-Z7-A8R6,TCGA-Z7-A8R6-01A-01-TSA.pkl,Stage I,3256.0,Z7,Breast,Alive,,46,,,No,No,No,1.0,1.0,3256.0,3256.0,I,brca
TCGA-3M-AB46,TCGA-3M-AB46-01A-01-TS1.pkl,Stage IB,1765.0,3M,Stomach,Alive,,70.0,,,No,No,No,1.0,1.0,1765.0,1765.0,IB,stad
TCGA-B7-5816,TCGA-B7-5816-01A-01-BS1.pkl,Stage IIB,812.0,B7,Stomach,Alive,,51.0,,,No,No,No,1.0,1.0,812.0,812.0,IIB,stad
TCGA-B7-5818,TCGA-B7-5818-01A-01-BS1.pkl,Stage IB,356.0,B7,Stomach,Alive,,62.0,,,No,No,No,1.0,1.0,356.0,356.0,IB,stad
TCGA-B7-A5TI,TCGA-B7-A5TI-01A-01-TSA.pkl,Stage IIIC,595.0,B7,Stomach,Alive,,52.0,,,No,No,No,1.0,1.0,595.0,595.0,IIIC,stad
TCGA-B7-A5TJ,TCGA-B7-A5TJ-01A-01-TSA.pkl,Stage IIB,335.0,B7,Stomach,Alive,,74.0,,,No,No,No,1.0,1.0,335.0,335.0,IIB,stad
TCGA-B7-A5TK,TCGA-B7-A5TK-01A-01-TSA.pkl,Stage IIIA,288.0,B7,Stomach,Alive,,51.0,,,No,No,No,1.0,1.0,288.0,288.0,IIIA,stad
TCGA-B7-A5TN,TCGA-B7-A5TN-01A-02-TSB.pkl,Stage IIB,287.0,B7,Stomach,Alive,,60.0,,,No,No,No,1.0,1.0,287.0,287.0,IIB,stad
TCGA-BR-4183,TCGA-BR-4183-01A-01-BS1.pkl,Stage IIIA,201.0,BR,Stomach,Dead,201.0,55.0,,,No,No,No,0.0,1.0,201.0,201.0,IIIA,stad
TCGA-BR-4184,TCGA-BR-4184-01A-01-BS1.pkl,Stage IIIA,212.0,BR,Stomach,Dead,212.0,70.0,,,No,No,No,0.0,1.0,212.0,212.0,IIIA,stad
TCGA-BR-4253,TCGA-BR-4253-01A-01-TS1.pkl,Stage IIIA,124.0,BR,Stomach,Dead,124.0,80.0,,,No,No,No,0.0,1.0,124.0,124.0,IIIA,stad
TCGA-BR-4255,TCGA-BR-4255-01A-01-BS1.pkl,Stage IIIA,124.0,BR,Stomach,Dead,124.0,76.0,,,No,No,No,0.0,1.0,124.0,124.0,IIIA,stad
TCGA-BR-4267,TCGA-BR-4267-01A-01-TS1.pkl,Stage IB,188.0,BR,Stomach,Dead,188.0,51.0,,,No,No,No,0.0,1.0,188.0,188.0,IB,stad
TCGA-BR-4279,TCGA-BR-4279-01A-01-TS1.pkl,Stage II,291.0,BR,Stomach,Dead,291.0,43.0,,,No,No,No,0.0,1.0,291.0,291.0,II,stad
TCGA-BR-4280,TCGA-BR-4280-01A-01-TS1.pkl,Stage III,201.0,BR,Stomach,Dead,201.0,78.0,,,No,No,No,0.0,1.0,201.0,201.0,III,stad
TCGA-BR-4361,TCGA-BR-4361-01A-01-TS1.pkl,Stage IIIA,0.0,BR,Stomach,Alive,,66.0,,,No,No,No,1.0,1.0,0.0,0.0,IIIA,stad
TCGA-BR-4368,TCGA-BR-4368-01A-01-TS1.pkl,Stage IV,0.0,BR,Stomach,Alive,,78.0,,,No,No,No,1.0,1.0,0.0,0.0,IV,stad
TCGA-BR-6452,TCGA-BR-6452-01A-01-BS1.pkl,Stage IIA,1055.0,BR,Stomach,Alive,,78.0,,,No,No,No,1.0,1.0,1055.0,1055.0,IIA,stad
TCGA-BR-6453,TCGA-BR-6453-01A-01-BS1.pkl,Stage IIA,485.0,BR,Stomach,Alive,,54.0,,,No,No,No,1.0,1.0,485.0,485.0,IIA,stad
TCGA-BR-6454,TCGA-BR-6454-01A-01-TS1.pkl,Stage IIA,0.0,BR,Stomach,Alive,,58.0,,,No,No,No,1.0,1.0,0.0,0.0,IIA,stad
TCGA-BR-6455,TCGA-BR-6455-01A-01-BS1.pkl,Stage IIB,422.0,BR,Stomach,Dead,422.0,59.0,385.0,,Yes,Yes,No,0.0,0.0,422.0,385.0,IIB,stad
TCGA-BR-6456,TCGA-BR-6456-01A-01-BS1.pkl,Stage IIB,526.0,BR,Stomach,Dead,526.0,74.0,,,No,No,No,0.0,1.0,526.0,526.0,IIB,stad
TCGA-BR-6457,TCGA-BR-6457-01A-01-BS1.pkl,Stage IIA,416.0,BR,Stomach,Alive,,69.0,,,No,No,No,1.0,1.0,416.0,416.0,IIA,stad
TCGA-BR-6458,TCGA-BR-6458-01A-01-BS1.pkl,Stage IIB,588.0,BR,Stomach,Dead,588.0,57.0,574.0,,Yes,Yes,No,0.0,0.0,588.0,574.0,IIB,stad
TCGA-BR-6563,TCGA-BR-6563-01A-01-TS1.pkl,Stage IIB,1190.0,BR,Stomach,Alive,,60.0,,,No,No,No,1.0,1.0,1190.0,1190.0,IIB,stad
TCGA-BR-6564,TCGA-BR-6564-01A-01-BS1.pkl,Stage IIIA,794.0,BR,Stomach,Dead,794.0,46.0,,,No,No,No,0.0,1.0,794.0,794.0,IIIA,stad
TCGA-BR-6565,TCGA-BR-6565-01A-01-BS1.pkl,Stage IIB,279.0,BR,Stomach,Dead,279.0,67.0,,,No,No,No,0.0,1.0,279.0,279.0,IIB,stad
TCGA-BR-6566,TCGA-BR-6566-01A-01-BS1.pkl,Stage IIA,997.0,BR,Stomach,Alive,,64.0,,,No,No,No,1.0,1.0,997.0,997.0,IIA,stad
TCGA-BR-6705,TCGA-BR-6705-01A-01-BS1.pkl,Stage IIIB,779.0,BR,Stomach,Dead,779.0,68.0,,,No,No,No,0.0,1.0,779.0,779.0,IIIB,stad
TCGA-BR-6706,TCGA-BR-6706-01A-01-TS1.pkl,Stage IIIA,549.0,BR,Stomach,Dead,549.0,63.0,402.0,,Yes,Yes,No,0.0,0.0,549.0,402.0,IIIA,stad
TCGA-BR-6707,TCGA-BR-6707-01A-01-BS1.pkl,Stage IIA,605.0,BR,Stomach,Dead,605.0,75.0,426.0,,Yes,Yes,No,0.0,0.0,605.0,426.0,IIA,stad
TCGA-BR-6709,TCGA-BR-6709-01A-01-TS1.pkl,Stage IIIB,370.0,BR,Stomach,Dead,370.0,57.0,,,No,No,No,0.0,1.0,370.0,370.0,IIIB,stad
TCGA-BR-6710,TCGA-BR-6710-01A-01-BS1.pkl,Stage IB,273.0,BR,Stomach,Alive,,41.0,,,No,No,No,1.0,1.0,273.0,273.0,IB,stad
TCGA-BR-6801,TCGA-BR-6801-01A-01-BS1.pkl,Stage IIA,1223.0,BR,Stomach,Alive,,70.0,,,No,No,No,1.0,1.0,1223.0,1223.0,IIA,stad
TCGA-BR-6802,TCGA-BR-6802-01A-01-BS1.pkl,Stage IIIA,940.0,BR,Stomach,Alive,,65.0,807.0,,Yes,Yes,No,1.0,0.0,940.0,807.0,IIIA,stad
TCGA-BR-6803,TCGA-BR-6803-01A-01-TS1.pkl,Stage IIA,949.0,BR,Stomach,Alive,,54.0,,,No,No,No,1.0,1.0,949.0,949.0,IIA,stad
TCGA-BR-6852,TCGA-BR-6852-01A-01-BS1.pkl,Stage IIA,1367.0,BR,Stomach,Alive,,64.0,,,No,No,No,1.0,1.0,1367.0,1367.0,IIA,stad
TCGA-BR-7196,TCGA-BR-7196-01A-01-BS1.pkl,Stage IV,666.0,BR,Stomach,Alive,,64.0,348.0,,Yes,Yes,No,1.0,0.0,666.0,348.0,IV,stad
TCGA-BR-7197,TCGA-BR-7197-01A-01-TS1.pkl,Stage II,280.0,BR,Stomach,Alive,,69.0,,,No,No,No,1.0,1.0,280.0,280.0,II,stad
TCGA-BR-7703,TCGA-BR-7703-01A-01-BS1.pkl,Stage IA,1100.0,BR,Stomach,Alive,,81.0,,,No,No,No,1.0,1.0,1100.0,1100.0,IA,stad
TCGA-BR-7704,TCGA-BR-7704-01A-01-TS1.pkl,Stage II,1072.0,BR,Stomach,Alive,,69.0,,,No,No,No,1.0,1.0,1072.0,1072.0,II,stad
TCGA-BR-7707,TCGA-BR-7707-01A-01-TS1.pkl,Stage IB,1090.0,BR,Stomach,Alive,,69.0,,,No,No,No,1.0,1.0,1090.0,1090.0,IB,stad
TCGA-BR-7715,TCGA-BR-7715-01A-01-BS1.pkl,Stage IIA,1023.0,BR,Stomach,Alive,,65.0,,,No,No,No,1.0,1.0,1023.0,1023.0,IIA,stad
TCGA-BR-7716,TCGA-BR-7716-01A-01-BS1.pkl,Stage IIB,1210.0,BR,Stomach,Alive,,62.0,,,No,No,No,1.0,1.0,1210.0,1210.0,IIB,stad
TCGA-BR-7717,TCGA-BR-7717-01A-01-TS1.pkl,Stage IV,552.0,BR,Stomach,Dead,552.0,63.0,,,No,No,No,0.0,1.0,552.0,552.0,IV,stad
TCGA-BR-7722,TCGA-BR-7722-01A-02-BS2.pkl,Stage IIB,466.0,BR,Stomach,Dead,466.0,62.0,,,No,No,No,0.0,1.0,466.0,466.0,IIB,stad
TCGA-BR-7723,TCGA-BR-7723-01A-01-TS1.pkl,Stage IIIB,874.0,BR,Stomach,Dead,874.0,59.0,559.0,,Yes,Yes,No,0.0,0.0,874.0,559.0,IIIB,stad
TCGA-BR-7901,TCGA-BR-7901-01A-01-TS1.pkl,Stage IIB,105.0,BR,Stomach,Dead,105.0,74.0,91.0,,Yes,Yes,No,0.0,0.0,105.0,91.0,IIB,stad
TCGA-BR-7957,TCGA-BR-7957-01A-01-TS1.pkl,Stage IV,276.0,BR,Stomach,Dead,276.0,50.0,,,No,No,No,0.0,1.0,276.0,276.0,IV,stad
TCGA-BR-7958,TCGA-BR-7958-01A-01-BS1.pkl,Stage IIIB,899.0,BR,Stomach,Alive,,60.0,,,No,No,No,1.0,1.0,899.0,899.0,IIIB,stad
TCGA-BR-7959,TCGA-BR-7959-01A-01-BS1.pkl,Stage IIIA,1010.0,BR,Stomach,Alive,,59.0,,,No,No,No,1.0,1.0,1010.0,1010.0,IIIA,stad
TCGA-BR-8059,TCGA-BR-8059-01A-01-BS1.pkl,Stage III,439.0,BR,Stomach,Dead,439.0,72.0,,,No,No,No,0.0,1.0,439.0,439.0,III,stad
TCGA-BR-8060,TCGA-BR-8060-01A-01-TS1.pkl,Stage IIB,348.0,BR,Stomach,Dead,348.0,75.0,,,No,No,No,0.0,1.0,348.0,348.0,IIB,stad
TCGA-BR-8077,TCGA-BR-8077-01A-01-TS1.pkl,Stage IIIB,21.0,BR,Stomach,Alive,,58.0,,,No,No,No,1.0,1.0,21.0,21.0,IIIB,stad
TCGA-BR-8078,TCGA-BR-8078-01A-01-TS1.pkl,Stage IIB,900.0,BR,Stomach,Alive,,70.0,,,No,No,No,1.0,1.0,900.0,900.0,IIB,stad
TCGA-BR-8080,TCGA-BR-8080-01A-01-BS1.pkl,Stage IIIC,292.0,BR,Stomach,Dead,292.0,72.0,,,No,No,No,0.0,1.0,292.0,292.0,IIIC,stad
TCGA-BR-8081,TCGA-BR-8081-01A-01-TS1.pkl,Stage IIB,981.0,BR,Stomach,Alive,,71.0,,,No,No,No,1.0,1.0,981.0,981.0,IIB,stad
TCGA-BR-8284,TCGA-BR-8284-01A-01-BS1.pkl,Stage IIIC,245.0,BR,Stomach,Dead,245.0,72.0,,,No,No,No,0.0,1.0,245.0,245.0,IIIC,stad
TCGA-BR-8285,TCGA-BR-8285-01A-01-BS1.pkl,Stage IIIC,17.0,BR,Stomach,Dead,17.0,57.0,,,No,No,No,0.0,1.0,17.0,17.0,IIIC,stad
TCGA-BR-8286,TCGA-BR-8286-01A-01-TS1.pkl,Stage II,895.0,BR,Stomach,Alive,,49.0,,,No,No,No,1.0,1.0,895.0,895.0,II,stad
TCGA-BR-8289,TCGA-BR-8289-01A-01-BS1.pkl,Stage IV,81.0,BR,Stomach,Dead,81.0,57.0,,,No,No,No,0.0,1.0,81.0,81.0,IV,stad
TCGA-BR-8291,TCGA-BR-8291-01A-01-TS1.pkl,Stage IIB,607.0,BR,Stomach,Dead,607.0,61.0,,,No,No,No,0.0,1.0,607.0,607.0,IIB,stad
TCGA-BR-8295,TCGA-BR-8295-01A-01-BS1.pkl,Stage IIB,67.0,BR,Stomach,Dead,67.0,60.0,,,No,No,No,0.0,1.0,67.0,67.0,IIB,stad
TCGA-BR-8296,TCGA-BR-8296-01A-01-BS1.pkl,Stage IIIC,474.0,BR,Stomach,Dead,474.0,58.0,390.0,,Yes,Yes,No,0.0,0.0,474.0,390.0,IIIC,stad
TCGA-BR-8297,TCGA-BR-8297-01A-01-TS1.pkl,Stage IIIC,225.0,BR,Stomach,Alive,,58.0,,,No,No,No,1.0,1.0,225.0,225.0,IIIC,stad
TCGA-BR-8360,TCGA-BR-8360-01A-01-TS1.pkl,Stage IIA,188.0,BR,Stomach,Alive,,66.0,,,No,No,No,1.0,1.0,188.0,188.0,IIA,stad
TCGA-BR-8361,TCGA-BR-8361-01A-01-BS1.pkl,Stage IIIC,946.0,BR,Stomach,Alive,,71.0,,,No,No,No,1.0,1.0,946.0,946.0,IIIC,stad
TCGA-BR-8362,TCGA-BR-8362-01A-01-BS1.pkl,Stage IIIC,398.0,BR,Stomach,Dead,398.0,65.0,356.0,,Yes,Yes,No,0.0,0.0,398.0,356.0,IIIC,stad
TCGA-BR-8363,TCGA-BR-8363-01A-01-TS1.pkl,Stage IB,8.0,BR,Stomach,Dead,8.0,73.0,,,No,No,No,0.0,1.0,8.0,8.0,IB,stad
TCGA-BR-8364,TCGA-BR-8364-01A-01-BS1.pkl,Stage IIIC,675.0,BR,Stomach,Alive,,42.0,,,No,No,No,1.0,1.0,675.0,675.0,IIIC,stad
TCGA-BR-8365,TCGA-BR-8365-01A-01-BS1.pkl,Stage IIA,533.0,BR,Stomach,Dead,533.0,70.0,,,No,No,No,0.0,1.0,533.0,533.0,IIA,stad
TCGA-BR-8366,TCGA-BR-8366-01A-01-TS1.pkl,Stage IIA,29.0,BR,Stomach,Alive,,80.0,,,No,No,No,1.0,1.0,29.0,29.0,IIA,stad
TCGA-BR-8367,TCGA-BR-8367-01A-01-TS1.pkl,Stage IIIB,801.0,BR,Stomach,Dead,801.0,55.0,580.0,,Yes,Yes,No,0.0,0.0,801.0,580.0,IIIB,stad
TCGA-BR-8368,TCGA-BR-8368-01A-01-BS1.pkl,Stage IB,131.0,BR,Stomach,Alive,,84.0,,,No,No,No,1.0,1.0,131.0,131.0,IB,stad
TCGA-BR-8369,TCGA-BR-8369-01A-01-TS1.pkl,Stage IIIB,427.0,BR,Stomach,Alive,,76.0,419.0,,Yes,Yes,No,1.0,0.0,427.0,419.0,IIIB,stad
TCGA-BR-8370,TCGA-BR-8370-01A-01-BS1.pkl,Stage IIIB,101.0,BR,Stomach,Alive,,64.0,,,No,No,No,1.0,1.0,101.0,101.0,IIIB,stad
TCGA-BR-8371,TCGA-BR-8371-01A-01-TS1.pkl,Stage IIIB,359.0,BR,Stomach,Dead,359.0,62.0,357.0,,Yes,Yes,No,0.0,0.0,359.0,357.0,IIIB,stad
TCGA-BR-8372,TCGA-BR-8372-01A-01-BS1.pkl,Stage IIIC,951.0,BR,Stomach,Alive,,63.0,,,No,No,No,1.0,1.0,951.0,951.0,IIIC,stad
TCGA-BR-8373,TCGA-BR-8373-01A-01-TS1.pkl,Stage IIIA,450.0,BR,Stomach,Alive,,65.0,,,No,No,No,1.0,1.0,450.0,450.0,IIIA,stad
TCGA-BR-8381,TCGA-BR-8381-01A-01-BS1.pkl,Stage IIB,224.0,BR,Stomach,Alive,,51.0,,,No,No,No,1.0,1.0,224.0,224.0,IIB,stad
TCGA-BR-8382,TCGA-BR-8382-01A-01-TS1.pkl,Stage IIIC,762.0,BR,Stomach,Dead,762.0,67.0,,,No,No,No,0.0,1.0,762.0,762.0,IIIC,stad
TCGA-BR-8384,TCGA-BR-8384-01A-01-BS1.pkl,Stage IIIC,113.0,BR,Stomach,Alive,,69.0,,,No,No,No,1.0,1.0,113.0,113.0,IIIC,stad
TCGA-BR-8484,TCGA-BR-8484-01A-01-TS1.pkl,Stage IIIA,766.0,BR,Stomach,Dead,766.0,61.0,,,No,No,No,0.0,1.0,766.0,766.0,IIIA,stad
TCGA-BR-8485,TCGA-BR-8485-01A-01-BS1.pkl,Stage IIIC,280.0,BR,Stomach,Alive,,68.0,,,No,No,No,1.0,1.0,280.0,280.0,IIIC,stad
TCGA-BR-8487,TCGA-BR-8487-01A-01-TS1.pkl,Stage IIA,34.0,BR,Stomach,Alive,,64.0,,,No,No,No,1.0,1.0,34.0,34.0,IIA,stad
TCGA-BR-8588,TCGA-BR-8588-01A-01-TS1.pkl,Stage IIB,389.0,BR,Stomach,Alive,,55.0,,,No,No,No,1.0,1.0,389.0,389.0,IIB,stad
TCGA-BR-8589,TCGA-BR-8589-01A-01-BS1.pkl,Stage IIIB,825.0,BR,Stomach,Alive,,56.0,,,No,No,No,1.0,1.0,825.0,825.0,IIIB,stad
TCGA-BR-8590,TCGA-BR-8590-01A-01-TS1.pkl,Stage IIIC,284.0,BR,Stomach,Dead,284.0,62.0,223.0,,Yes,Yes,No,0.0,0.0,284.0,223.0,IIIC,stad
TCGA-BR-8591,TCGA-BR-8591-01A-01-BS1.pkl,Stage IIIC,856.0,BR,Stomach,Alive,,79.0,,,No,No,No,1.0,1.0,856.0,856.0,IIIC,stad
TCGA-BR-8592,TCGA-BR-8592-01A-01-BS1.pkl,Stage IIIB,191.0,BR,Stomach,Dead,191.0,63.0,,,No,No,No,0.0,1.0,191.0,191.0,IIIB,stad
TCGA-BR-8676,TCGA-BR-8676-01A-01-BS1.pkl,Stage IIIB,229.0,BR,Stomach,Alive,,59.0,,,No,No,No,1.0,1.0,229.0,229.0,IIIB,stad
TCGA-BR-8677,TCGA-BR-8677-01A-01-TS1.pkl,Stage IIIB,813.0,BR,Stomach,Alive,,74.0,,,No,No,No,1.0,1.0,813.0,813.0,IIIB,stad
TCGA-BR-8678,TCGA-BR-8678-01A-01-BS1.pkl,Stage IB,754.0,BR,Stomach,Alive,,76.0,,,No,No,No,1.0,1.0,754.0,754.0,IB,stad
TCGA-BR-8679,TCGA-BR-8679-01A-01-BS1.pkl,Stage IB,0.0,BR,Stomach,Alive,,63.0,,,No,No,No,1.0,1.0,0.0,0.0,IB,stad
TCGA-BR-8680,TCGA-BR-8680-01A-01-TS1.pkl,Stage IV,972.0,BR,Stomach,Alive,,45.0,,,No,No,No,1.0,1.0,972.0,972.0,IV,stad
TCGA-BR-8682,TCGA-BR-8682-01A-01-TS1.pkl,Stage IIB,991.0,BR,Stomach,Alive,,52.0,,,No,No,No,1.0,1.0,991.0,991.0,IIB,stad
TCGA-BR-8683,TCGA-BR-8683-01A-01-BS1.pkl,Stage IIIB,300.0,BR,Stomach,Dead,300.0,75.0,,,No,No,No,0.0,1.0,300.0,300.0,IIIB,stad
TCGA-BR-8686,TCGA-BR-8686-01A-01-BS1.pkl,Stage IIIB,635.0,BR,Stomach,Dead,635.0,69.0,,,No,No,No,0.0,1.0,635.0,635.0,IIIB,stad
TCGA-BR-8687,TCGA-BR-8687-01A-01-BS1.pkl,Stage IIIC,250.0,BR,Stomach,Dead,250.0,67.0,,,No,No,No,0.0,1.0,250.0,250.0,IIIC,stad
TCGA-BR-8690,TCGA-BR-8690-01A-01-BS1.pkl,Stage IIIB,325.0,BR,Stomach,Alive,,54.0,,,No,No,No,1.0,1.0,325.0,325.0,IIIB,stad
TCGA-BR-A44T,TCGA-BR-A44T-01A-03-TSC.pkl,Stage IIA,1038.0,BR,Stomach,Alive,,53.0,682.0,,Yes,Yes,No,1.0,0.0,1038.0,682.0,IIA,stad
TCGA-BR-A44U,TCGA-BR-A44U-01A-01-TSA.pkl,Stage IIIB,422.0,BR,Stomach,Dead,422.0,70.0,,,No,No,No,0.0,1.0,422.0,422.0,IIIB,stad
TCGA-BR-A452,TCGA-BR-A452-01A-09-TSI.pkl,Stage IIIA,229.0,BR,Stomach,Dead,229.0,57.0,,,No,No,No,0.0,1.0,229.0,229.0,IIIA,stad
TCGA-BR-A453,TCGA-BR-A453-01A-01-TSA.pkl,Stage IV,185.0,BR,Stomach,Dead,185.0,51.0,,,No,No,No,0.0,1.0,185.0,185.0,IV,stad
TCGA-BR-A4CQ,TCGA-BR-A4CQ-01A-01-TSA.pkl,Stage IIIA,1064.0,BR,Stomach,Alive,,58.0,962.0,,Yes,Yes,No,1.0,0.0,1064.0,962.0,IIIA,stad
TCGA-BR-A4CR,TCGA-BR-A4CR-01A-01-TSA.pkl,Stage IIIC,0.0,BR,Stomach,Alive,,70.0,,,No,No,No,1.0,1.0,0.0,0.0,IIIC,stad
TCGA-BR-A4CS,TCGA-BR-A4CS-01A-01-TSA.pkl,Stage IIIC,45.0,BR,Stomach,Dead,45.0,77.0,,,No,No,No,0.0,1.0,45.0,45.0,IIIC,stad
TCGA-BR-A4IU,TCGA-BR-A4IU-01A-02-TSB.pkl,Stage IIIA,838.0,BR,Stomach,Alive,,34.0,,,No,No,No,1.0,1.0,838.0,838.0,IIIA,stad
TCGA-BR-A4IV,TCGA-BR-A4IV-01A-03-TSC.pkl,Stage IIIB,869.0,BR,Stomach,Dead,869.0,47.0,737.0,,Yes,Yes,No,0.0,0.0,869.0,737.0,IIIB,stad
TCGA-BR-A4IY,TCGA-BR-A4IY-01A-01-TSA.pkl,Stage IIB,392.0,BR,Stomach,Alive,,58.0,,,No,No,No,1.0,1.0,392.0,392.0,IIB,stad
TCGA-BR-A4IZ,TCGA-BR-A4IZ-01A-03-TSC.pkl,Stage IIIB,273.0,BR,Stomach,Dead,273.0,45.0,,,No,No,No,0.0,1.0,273.0,273.0,IIIB,stad
TCGA-BR-A4J1,TCGA-BR-A4J1-01A-01-TSA.pkl,Stage IIIA,22.0,BR,Stomach,Dead,22.0,63.0,,,No,No,No,0.0,1.0,22.0,22.0,IIIA,stad
TCGA-BR-A4J2,TCGA-BR-A4J2-01A-02-TSB.pkl,Stage IIB,431.0,BR,Stomach,Alive,,70.0,,,No,No,No,1.0,1.0,431.0,431.0,IIB,stad
TCGA-BR-A4J4,TCGA-BR-A4J4-01A-01-TSA.pkl,Stage IIIB,16.0,BR,Stomach,Alive,,39.0,,,No,No,No,1.0,1.0,16.0,16.0,IIIB,stad
TCGA-BR-A4J5,TCGA-BR-A4J5-01A-02-TSB.pkl,Stage IIIA,862.0,BR,Stomach,Alive,,56.0,,,No,No,No,1.0,1.0,862.0,862.0,IIIA,stad
TCGA-BR-A4J6,TCGA-BR-A4J6-01A-01-TSA.pkl,Stage IIA,20.0,BR,Stomach,Alive,,69.0,,,No,No,No,1.0,1.0,20.0,20.0,IIA,stad
TCGA-BR-A4J7,TCGA-BR-A4J7-01A-03-TSC.pkl,Stage IIB,989.0,BR,Stomach,Alive,,49.0,,,No,No,No,1.0,1.0,989.0,989.0,IIB,stad
TCGA-BR-A4J8,TCGA-BR-A4J8-01A-01-TSA.pkl,Stage IIIB,411.0,BR,Stomach,Alive,,71.0,,,No,No,No,1.0,1.0,411.0,411.0,IIIB,stad
TCGA-BR-A4J9,TCGA-BR-A4J9-01A-01-TSA.pkl,Stage IIA,14.0,BR,Stomach,Alive,,55.0,,,No,No,No,1.0,1.0,14.0,14.0,IIA,stad
TCGA-BR-A4PD,TCGA-BR-A4PD-01A-01-TSA.pkl,Stage IIB,628.0,BR,Stomach,Alive,,72.0,,,No,No,No,1.0,1.0,628.0,628.0,IIB,stad
TCGA-BR-A4PE,TCGA-BR-A4PE-01A-03-TSC.pkl,Stage IB,621.0,BR,Stomach,Alive,,68.0,,,No,No,No,1.0,1.0,621.0,621.0,IB,stad
TCGA-BR-A4PF,TCGA-BR-A4PF-01A-01-TSA.pkl,Stage IIIB,35.0,BR,Stomach,Alive,,72.0,,,No,No,No,1.0,1.0,35.0,35.0,IIIB,stad
TCGA-BR-A4QI,TCGA-BR-A4QI-01A-01-TSA.pkl,Stage IIA,652.0,BR,Stomach,Dead,652.0,70.0,383.0,,Yes,Yes,No,0.0,0.0,652.0,383.0,IIA,stad
TCGA-BR-A4QL,TCGA-BR-A4QL-01A-03-TSC.pkl,Stage IIIB,491.0,BR,Stomach,Dead,491.0,75.0,,,No,No,No,0.0,1.0,491.0,491.0,IIIB,stad
TCGA-BR-A4QM,TCGA-BR-A4QM-01A-01-TSA.pkl,Stage IIIA,156.0,BR,Stomach,Alive,,65.0,127.0,,Yes,Yes,No,1.0,0.0,156.0,127.0,IIIA,stad
TCGA-CD-5798,TCGA-CD-5798-01A-01-BS1.pkl,Stage II,408.0,CD,Stomach,Alive,,82.0,,,No,No,No,1.0,1.0,408.0,408.0,II,stad
TCGA-CD-5799,TCGA-CD-5799-01A-01-TS1.pkl,Stage II,396.0,CD,Stomach,Alive,,45.0,,,No,No,No,1.0,1.0,396.0,396.0,II,stad
TCGA-CD-5800,TCGA-CD-5800-01A-01-BS1.pkl,Stage II,400.0,CD,Stomach,Alive,,51.0,,,No,No,No,1.0,1.0,400.0,400.0,II,stad
TCGA-CD-5801,TCGA-CD-5801-01A-01-TS1.pkl,Stage IIIA,401.0,CD,Stomach,Dead,401.0,69.0,,,No,No,No,0.0,1.0,401.0,401.0,IIIA,stad
TCGA-CD-5802,TCGA-CD-5802-01A-01-TS1.pkl,Stage II,406.0,CD,Stomach,Alive,,58.0,,,No,No,No,1.0,1.0,406.0,406.0,II,stad
TCGA-CD-5803,TCGA-CD-5803-01A-01-TS1.pkl,Stage II,341.0,CD,Stomach,Dead,341.0,78.0,300.0,,Yes,Yes,No,0.0,0.0,341.0,300.0,II,stad
TCGA-CD-5813,TCGA-CD-5813-01A-01-TS1.pkl,Stage II,377.0,CD,Stomach,Dead,377.0,60.0,315.0,,Yes,Yes,No,0.0,0.0,377.0,315.0,II,stad
TCGA-CD-8524,TCGA-CD-8524-01A-01-BS1.pkl,Stage II,388.0,CD,Stomach,Alive,,61.0,69.0,,Yes,Yes,No,1.0,0.0,388.0,69.0,II,stad
TCGA-CD-8525,TCGA-CD-8525-01A-01-BS1.pkl,Stage IIIA,383.0,CD,Stomach,Alive,,82.0,,,No,No,No,1.0,1.0,383.0,383.0,IIIA,stad
TCGA-CD-8526,TCGA-CD-8526-01A-01-TS1.pkl,Stage IIIA,381.0,CD,Stomach,Alive,,73.0,,,No,No,No,1.0,1.0,381.0,381.0,IIIA,stad
TCGA-CD-8527,TCGA-CD-8527-01A-01-BS1.pkl,Stage II,218.0,CD,Stomach,Dead,218.0,72.0,159.0,,Yes,Yes,No,0.0,0.0,218.0,159.0,II,stad
TCGA-CD-8528,TCGA-CD-8528-01A-01-BS1.pkl,Stage IIIA,375.0,CD,Stomach,Alive,,43.0,,,No,No,No,1.0,1.0,375.0,375.0,IIIA,stad
TCGA-CD-8529,TCGA-CD-8529-01A-01-TS1.pkl,Stage IV,374.0,CD,Stomach,Alive,,65.0,,,No,No,No,1.0,1.0,374.0,374.0,IV,stad
TCGA-CD-8530,TCGA-CD-8530-01A-01-TS1.pkl,Stage II,377.0,CD,Stomach,Alive,,51.0,,,No,No,No,1.0,1.0,377.0,377.0,II,stad
TCGA-CD-8531,TCGA-CD-8531-01A-01-BS1.pkl,Stage IIIA,383.0,CD,Stomach,Alive,,66.0,,,No,No,No,1.0,1.0,383.0,383.0,IIIA,stad
TCGA-CD-8532,TCGA-CD-8532-01A-01-TS1.pkl,Stage II,354.0,CD,Stomach,Dead,354.0,52.0,282.0,,Yes,Yes,No,0.0,0.0,354.0,282.0,II,stad
TCGA-CD-8533,TCGA-CD-8533-01A-01-BS1.pkl,Stage II,468.0,CD,Stomach,Alive,,48.0,226.0,,Yes,Yes,No,1.0,0.0,468.0,226.0,II,stad
TCGA-CD-8534,TCGA-CD-8534-01A-01-BS1.pkl,Stage II,367.0,CD,Stomach,Alive,,41.0,201.0,,Yes,Yes,No,1.0,0.0,367.0,201.0,II,stad
TCGA-CD-8535,TCGA-CD-8535-01A-01-BS1.pkl,Stage IIIA,390.0,CD,Stomach,Alive,,59.0,,,No,No,No,1.0,1.0,390.0,390.0,IIIA,stad
TCGA-CD-8536,TCGA-CD-8536-01A-01-BS1.pkl,Stage II,378.0,CD,Stomach,Alive,,74.0,,,No,No,No,1.0,1.0,378.0,378.0,II,stad
TCGA-CD-A486,TCGA-CD-A486-01A-01-TSA.pkl,Stage IIA,192.0,CD,Stomach,Dead,192.0,68.0,79.0,,Yes,Yes,No,0.0,0.0,192.0,79.0,IIA,stad
TCGA-CD-A487,TCGA-CD-A487-01A-02-TSB.pkl,Stage IIB,374.0,CD,Stomach,Alive,,51.0,,,No,No,No,1.0,1.0,374.0,374.0,IIB,stad
TCGA-CD-A489,TCGA-CD-A489-01A-01-TSA.pkl,Stage IIA,344.0,CD,Stomach,Dead,344.0,58.0,277.0,,Yes,Yes,No,0.0,0.0,344.0,277.0,IIA,stad
TCGA-CD-A48A,TCGA-CD-A48A-01A-01-TSA.pkl,Stage IIA,378.0,CD,Stomach,Alive,,57.0,,,No,No,No,1.0,1.0,378.0,378.0,IIA,stad
TCGA-CD-A48C,TCGA-CD-A48C-01A-01-TS1.pkl,Stage IIB,353.0,CD,Stomach,Dead,353.0,79.0,230.0,,Yes,Yes,No,0.0,0.0,353.0,230.0,IIB,stad
TCGA-CD-A4MG,TCGA-CD-A4MG-01A-01-TSA.pkl,Stage IIA,200.0,CD,Stomach,Dead,200.0,76.0,74.0,,Yes,Yes,No,0.0,0.0,200.0,74.0,IIA,stad
TCGA-CD-A4MH,TCGA-CD-A4MH-01A-01-TSA.pkl,Stage IIA,371.0,CD,Stomach,Alive,,86.0,,,No,No,No,1.0,1.0,371.0,371.0,IIA,stad
TCGA-CD-A4MI,TCGA-CD-A4MI-01A-02-TSB.pkl,Stage IIIA,358.0,CD,Stomach,Dead,358.0,62.0,271.0,,Yes,Yes,No,0.0,0.0,358.0,271.0,IIIA,stad
TCGA-CD-A4MJ,TCGA-CD-A4MJ-01A-01-TSA.pkl,Stage IB,384.0,CD,Stomach,Alive,,60.0,69.0,,Yes,Yes,No,1.0,0.0,384.0,69.0,IB,stad
TCGA-CG-4300,TCGA-CG-4300-01A-01-BS1.pkl,Stage IIIB,609.0,CG,Stomach,Dead,609.0,79.0,,,No,No,No,0.0,1.0,609.0,609.0,IIIB,stad
TCGA-CG-4301,TCGA-CG-4301-01A-01-BS1.pkl,Stage IV,92.0,CG,Stomach,Alive,,75.0,,,No,No,No,1.0,1.0,92.0,92.0,IV,stad
TCGA-CG-4306,TCGA-CG-4306-01A-01-BS1.pkl,Stage IV,1.0,CG,Stomach,Dead,1.0,89.0,,,No,No,No,0.0,1.0,1.0,1.0,IV,stad
TCGA-CG-4436,TCGA-CG-4436-01A-01-BS1.pkl,Stage IB,243.0,CG,Stomach,Alive,,57.0,,,No,No,No,1.0,1.0,243.0,243.0,IB,stad
TCGA-CG-4437,TCGA-CG-4437-01A-01-BS1.pkl,Stage II,245.0,CG,Stomach,Alive,,83.0,,,No,No,No,1.0,1.0,245.0,245.0,II,stad
TCGA-CG-4438,TCGA-CG-4438-01A-01-TS1.pkl,Stage IV,1645.0,CG,Stomach,Alive,,56.0,,,No,No,No,1.0,1.0,1645.0,1645.0,IV,stad
TCGA-CG-4440,TCGA-CG-4440-01A-01-TS1.pkl,Stage IV,122.0,CG,Stomach,Dead,122.0,68.0,,,No,No,No,0.0,1.0,122.0,122.0,IV,stad
TCGA-CG-4441,TCGA-CG-4441-01A-01-BS1.pkl,Stage IIIA,426.0,CG,Stomach,Dead,426.0,83.0,,,No,No,No,0.0,1.0,426.0,426.0,IIIA,stad
TCGA-CG-4442,TCGA-CG-4442-01A-01-TS1.pkl,Stage IB,0.0,CG,Stomach,Alive,,85.0,,,No,No,No,1.0,1.0,0.0,0.0,IB,stad
TCGA-CG-4443,TCGA-CG-4443-01A-01-TS1.pkl,Stage IA,912.0,CG,Stomach,Alive,,68.0,,,No,No,No,1.0,1.0,912.0,912.0,IA,stad
TCGA-CG-4444,TCGA-CG-4444-01A-01-TS1.pkl,Stage IIIA,1431.0,CG,Stomach,Alive,,76.0,,,No,No,No,1.0,1.0,1431.0,1431.0,IIIA,stad
TCGA-CG-4455,TCGA-CG-4455-01A-01-TS1.pkl,Stage II,366.0,CG,Stomach,Alive,,72.0,,,No,No,No,1.0,1.0,366.0,366.0,II,stad
TCGA-CG-4462,TCGA-CG-4462-01A-01-TS1.pkl,Stage IV,0.0,CG,Stomach,Dead,0.0,72.0,,,No,No,No,0.0,1.0,0.0,0.0,IV,stad
TCGA-CG-4465,TCGA-CG-4465-01A-01-TS1.pkl,Stage IV,274.0,CG,Stomach,Dead,274.0,69.0,,,No,No,No,0.0,1.0,274.0,274.0,IV,stad
TCGA-CG-4466,TCGA-CG-4466-01A-01-TS1.pkl,Stage IB,577.0,CG,Stomach,Alive,,81.0,,,No,No,No,1.0,1.0,577.0,577.0,IB,stad
TCGA-CG-4469,TCGA-CG-4469-01A-01-TS1.pkl,Stage IV,215.0,CG,Stomach,Dead,215.0,70.0,,,No,No,No,0.0,1.0,215.0,215.0,IV,stad
TCGA-CG-4474,TCGA-CG-4474-01A-01-BS1.pkl,Stage IV,0.0,CG,Stomach,Alive,,67.0,,,No,No,No,1.0,1.0,0.0,0.0,IV,stad
TCGA-CG-4475,TCGA-CG-4475-01A-01-TS1.pkl,Stage IIB,699.0,CG,Stomach,Alive,,76.0,,,No,No,No,1.0,1.0,699.0,699.0,IIB,stad
TCGA-CG-4476,TCGA-CG-4476-01A-01-TS1.pkl,Stage IIIC,0.0,CG,Stomach,Alive,,69.0,,,No,No,No,1.0,1.0,0.0,0.0,IIIC,stad
TCGA-CG-5716,TCGA-CG-5716-01A-01-BS1.pkl,Stage IV,0.0,CG,Stomach,Alive,,85.0,,,No,No,No,1.0,1.0,0.0,0.0,IV,stad
TCGA-CG-5718,TCGA-CG-5718-01A-01-TS1.pkl,Stage II,1095.0,CG,Stomach,Dead,1095.0,78.0,,,No,No,No,0.0,1.0,1095.0,1095.0,II,stad
TCGA-CG-5719,TCGA-CG-5719-01A-01-BS1.pkl,Stage IV,31.0,CG,Stomach,Alive,,54.0,,,No,No,No,1.0,1.0,31.0,31.0,IV,stad
TCGA-CG-5720,TCGA-CG-5720-01A-01-TS1.pkl,Stage IB,30.0,CG,Stomach,Dead,30.0,71.0,,,No,No,No,0.0,1.0,30.0,30.0,IB,stad
TCGA-CG-5721,TCGA-CG-5721-01A-01-BS1.pkl,Stage IV,183.0,CG,Stomach,Alive,,58.0,,,No,No,No,1.0,1.0,183.0,183.0,IV,stad
TCGA-CG-5722,TCGA-CG-5722-01A-01-BS1.pkl,Stage IV,30.0,CG,Stomach,Alive,,67.0,,,No,No,No,1.0,1.0,30.0,30.0,IV,stad
TCGA-CG-5723,TCGA-CG-5723-01A-01-BS1.pkl,Stage II,2496.0,CG,Stomach,Alive,,83.0,,,No,No,No,1.0,1.0,2496.0,2496.0,II,stad
TCGA-CG-5726,TCGA-CG-5726-01A-01-TS1.pkl,Stage IA,881.0,CG,Stomach,Dead,881.0,73.0,,,No,No,No,0.0,1.0,881.0,881.0,IA,stad
TCGA-CG-5727,TCGA-CG-5727-01A-01-BS1.pkl,Stage II,2405.0,CG,Stomach,Alive,,66.0,,,No,No,No,1.0,1.0,2405.0,2405.0,II,stad
TCGA-CG-5728,TCGA-CG-5728-01A-01-BS1.pkl,Stage IB,579.0,CG,Stomach,Alive,,88.0,,,No,No,No,1.0,1.0,579.0,579.0,IB,stad
TCGA-CG-5730,TCGA-CG-5730-01A-01-TS1.pkl,Stage IV,122.0,CG,Stomach,Alive,,80.0,,,No,No,No,1.0,1.0,122.0,122.0,IV,stad
TCGA-CG-5734,TCGA-CG-5734-01A-01-BS1.pkl,Stage IIIA,243.0,CG,Stomach,Dead,243.0,68.0,,,No,No,No,0.0,1.0,243.0,243.0,IIIA,stad
TCGA-D7-5577,TCGA-D7-5577-01A-01-BS1.pkl,Stage IIIA,782.0,D7,Stomach,Dead,782.0,53.0,376.0,,Yes,Yes,No,0.0,0.0,782.0,376.0,IIIA,stad
TCGA-D7-5578,TCGA-D7-5578-01A-01-TS1.pkl,Stage IIIA,385.0,D7,Stomach,Alive,,80.0,,,No,No,No,1.0,1.0,385.0,385.0,IIIA,stad
TCGA-D7-5579,TCGA-D7-5579-01A-01-BS1.pkl,Stage IIIA,636.0,D7,Stomach,Alive,,74.0,,,No,No,No,1.0,1.0,636.0,636.0,IIIA,stad
TCGA-D7-6518,TCGA-D7-6518-01A-01-BS1.pkl,Stage IIIA,582.0,D7,Stomach,Alive,,75.0,,,No,No,No,1.0,1.0,582.0,582.0,IIIA,stad
TCGA-D7-6520,TCGA-D7-6520-01A-01-BS1.pkl,Stage IIIA,573.0,D7,Stomach,Alive,,53.0,46.0,,Yes,Yes,No,1.0,0.0,573.0,46.0,IIIA,stad
TCGA-D7-6522,TCGA-D7-6522-01A-01-TS1.pkl,Stage IB,566.0,D7,Stomach,Alive,,58.0,,,No,No,No,1.0,1.0,566.0,566.0,IB,stad
TCGA-D7-6524,TCGA-D7-6524-01A-01-BS1.pkl,Stage II,543.0,D7,Stomach,Alive,,53.0,543.0,,Yes,Yes,No,1.0,0.0,543.0,543.0,II,stad
TCGA-D7-6525,TCGA-D7-6525-01A-01-BS1.pkl,Stage IIIA,406.0,D7,Stomach,Dead,406.0,58.0,171.0,,Yes,Yes,No,0.0,0.0,406.0,171.0,IIIA,stad
TCGA-D7-6526,TCGA-D7-6526-01A-01-TS1.pkl,Stage IIIA,523.0,D7,Stomach,Alive,,67.0,,,No,No,No,1.0,1.0,523.0,523.0,IIIA,stad
TCGA-D7-6527,TCGA-D7-6527-01A-01-TS1.pkl,Stage II,312.0,D7,Stomach,Dead,312.0,62.0,75.0,,Yes,Yes,No,0.0,0.0,312.0,75.0,II,stad
TCGA-D7-6528,TCGA-D7-6528-01A-01-TS1.pkl,Stage IB,463.0,D7,Stomach,Alive,,70.0,,,No,No,No,1.0,1.0,463.0,463.0,IB,stad
TCGA-D7-6815,TCGA-D7-6815-01A-01-TS1.pkl,Stage IIB,486.0,D7,Stomach,Alive,,70.0,,,No,No,No,1.0,1.0,486.0,486.0,IIB,stad
TCGA-D7-6817,TCGA-D7-6817-01A-01-BS1.pkl,Stage IIIA,389.0,D7,Stomach,Alive,,63.0,,,No,No,No,1.0,1.0,389.0,389.0,IIIA,stad
TCGA-D7-6818,TCGA-D7-6818-01A-01-BS1.pkl,Stage IIIA,376.0,D7,Stomach,Dead,376.0,53.0,247.0,,Yes,Yes,No,0.0,0.0,376.0,247.0,IIIA,stad
TCGA-D7-6820,TCGA-D7-6820-01A-01-TS1.pkl,Stage IIB,344.0,D7,Stomach,Alive,,64.0,,,No,No,No,1.0,1.0,344.0,344.0,IIB,stad
TCGA-D7-6822,TCGA-D7-6822-01A-01-TS1.pkl,Stage IB,375.0,D7,Stomach,Alive,,77.0,,,No,No,No,1.0,1.0,375.0,375.0,IB,stad
TCGA-D7-8570,TCGA-D7-8570-01A-01-BS1.pkl,Stage IIIB,752.0,D7,Stomach,Alive,,44.0,,,No,No,No,1.0,1.0,752.0,752.0,IIIB,stad
TCGA-D7-8572,TCGA-D7-8572-01A-01-TS1.pkl,Stage IIB,511.0,D7,Stomach,Alive,,57.0,,,No,No,No,1.0,1.0,511.0,511.0,IIB,stad
TCGA-D7-8573,TCGA-D7-8573-01A-01-BS1.pkl,Stage IIA,593.0,D7,Stomach,Alive,,57.0,,,No,No,No,1.0,1.0,593.0,593.0,IIA,stad
TCGA-D7-8574,TCGA-D7-8574-01A-01-TS1.pkl,Stage IIIA,523.0,D7,Stomach,Alive,,72.0,,,No,No,No,1.0,1.0,523.0,523.0,IIIA,stad
TCGA-D7-8575,TCGA-D7-8575-01A-01-TS1.pkl,Stage IIIA,554.0,D7,Stomach,Dead,554.0,75.0,427.0,,Yes,Yes,No,0.0,0.0,554.0,427.0,IIIA,stad
TCGA-D7-8576,TCGA-D7-8576-01A-01-TS1.pkl,Stage IIIB,446.0,D7,Stomach,Dead,446.0,54.0,204.0,,Yes,Yes,No,0.0,0.0,446.0,204.0,IIIB,stad
TCGA-D7-8578,TCGA-D7-8578-01A-01-BS1.pkl,Stage IB,643.0,D7,Stomach,Alive,,72.0,451.0,,Yes,Yes,No,1.0,0.0,643.0,451.0,IB,stad
TCGA-D7-8579,TCGA-D7-8579-01A-01-TS1.pkl,Stage IIB,636.0,D7,Stomach,Alive,,66.0,,,No,No,No,1.0,1.0,636.0,636.0,IIB,stad
TCGA-D7-A4YT,TCGA-D7-A4YT-01A-01-TS1.pkl,Stage IIIA,434.0,D7,Stomach,Alive,,56.0,,,No,No,No,1.0,1.0,434.0,434.0,IIIA,stad
TCGA-D7-A4YU,TCGA-D7-A4YU-01A-02-TS2.pkl,Stage IIIB,500.0,D7,Stomach,Alive,,73.0,,,No,No,No,1.0,1.0,500.0,500.0,IIIB,stad
TCGA-D7-A4YV,TCGA-D7-A4YV-01A-01-TS1.pkl,Stage IIB,180.0,D7,Stomach,Dead,180.0,69.0,,,No,No,No,0.0,1.0,180.0,180.0,IIB,stad
TCGA-D7-A4YX,TCGA-D7-A4YX-01A-01-TS1.pkl,Stage IIB,1108.0,D7,Stomach,Alive,,63.0,,,No,No,No,1.0,1.0,1108.0,1108.0,IIB,stad
TCGA-D7-A4YY,TCGA-D7-A4YY-01A-01-TS1.pkl,Stage IIIB,419.0,D7,Stomach,Alive,,61.0,,,No,No,No,1.0,1.0,419.0,419.0,IIIB,stad
TCGA-D7-A4Z0,TCGA-D7-A4Z0-01A-02-TS2.pkl,Stage IIB,449.0,D7,Stomach,Alive,,60.0,,,No,No,No,1.0,1.0,449.0,449.0,IIB,stad
TCGA-D7-A6ET,TCGA-D7-A6ET-01A-03-TS3.pkl,Stage IIIB,804.0,D7,Stomach,Alive,,76.0,777.0,,Yes,Yes,No,1.0,0.0,804.0,777.0,IIIB,stad
TCGA-D7-A6EV,TCGA-D7-A6EV-01A-01-TS1.pkl,Stage IIB,342.0,D7,Stomach,Alive,,71.0,,,No,No,No,1.0,1.0,342.0,342.0,IIB,stad
TCGA-D7-A6EX,TCGA-D7-A6EX-01A-01-TS1.pkl,Stage IIIA,344.0,D7,Stomach,Alive,,72.0,,,No,No,No,1.0,1.0,344.0,344.0,IIIA,stad
TCGA-D7-A6EY,TCGA-D7-A6EY-01A-02-TS2.pkl,Stage IIIB,348.0,D7,Stomach,Dead,348.0,72.0,,,No,No,No,0.0,1.0,348.0,348.0,IIIB,stad
TCGA-D7-A6EZ,TCGA-D7-A6EZ-01A-01-TS1.pkl,Stage IIIA,618.0,D7,Stomach,Dead,618.0,66.0,,,No,No,No,0.0,1.0,618.0,618.0,IIIA,stad
TCGA-D7-A6F0,TCGA-D7-A6F0-01A-01-TS1.pkl,Stage IB,678.0,D7,Stomach,Alive,,79.0,,,No,No,No,1.0,1.0,678.0,678.0,IB,stad
TCGA-D7-A6F2,TCGA-D7-A6F2-01A-01-TS1.pkl,Stage IB,476.0,D7,Stomach,Alive,,62.0,,,No,No,No,1.0,1.0,476.0,476.0,IB,stad
TCGA-D7-A747,TCGA-D7-A747-01A-02-TS2.pkl,Stage IIB,255.0,D7,Stomach,Dead,255.0,57.0,,,No,No,No,0.0,1.0,255.0,255.0,IIB,stad
TCGA-D7-A748,TCGA-D7-A748-01A-01-TS1.pkl,Stage IV,132.0,D7,Stomach,Dead,132.0,41.0,99.0,,Yes,Yes,No,0.0,0.0,132.0,99.0,IV,stad
TCGA-D7-A74A,TCGA-D7-A74A-01A-01-TSA.pkl,Stage IIIA,607.0,D7,Stomach,Alive,,61.0,,,No,No,No,1.0,1.0,607.0,607.0,IIIA,stad
TCGA-D7-A74B,TCGA-D7-A74B-01A-01-TS1.pkl,Stage IIIB,217.0,D7,Stomach,Dead,217.0,52.0,174.0,,Yes,Yes,No,0.0,0.0,217.0,174.0,IIIB,stad
TCGA-EQ-5647,TCGA-EQ-5647-01A-01-TS1.pkl,Stage IV,19.0,EQ,Stomach,Dead,19.0,86.0,,,No,No,No,0.0,1.0,19.0,19.0,IV,stad
TCGA-EQ-8122,TCGA-EQ-8122-01A-01-TS1.pkl,Stage IIB,243.0,EQ,Stomach,Dead,243.0,71.0,,,No,No,No,0.0,1.0,243.0,243.0,IIB,stad
TCGA-EQ-A4SO,TCGA-EQ-A4SO-01A-01-TS1.pkl,Stage IIIB,494.0,EQ,Stomach,Alive,,70.0,,,No,No,No,1.0,1.0,494.0,494.0,IIIB,stad
TCGA-F1-6874,TCGA-F1-6874-01A-01-BS1.pkl,Stage IB,440.0,F1,Stomach,Alive,,79.0,,,No,No,No,1.0,1.0,440.0,440.0,IB,stad
TCGA-F1-6875,TCGA-F1-6875-01A-01-BS1.pkl,Stage IA,2197.0,F1,Stomach,Dead,2197.0,79.0,,,No,No,No,0.0,1.0,2197.0,2197.0,IA,stad
TCGA-F1-A448,TCGA-F1-A448-01A-01-TS1.pkl,Stage IIIB,647.0,F1,Stomach,Alive,,70.0,,,No,No,No,1.0,1.0,647.0,647.0,IIIB,stad
TCGA-F1-A72C,TCGA-F1-A72C-01A-02-TS2.pkl,Stage IIA,346.0,F1,Stomach,Alive,,68.0,343.0,,Yes,Yes,No,1.0,0.0,346.0,343.0,IIA,stad
TCGA-FP-7735,TCGA-FP-7735-01A-01-TS1.pkl,Stage IB,106.0,FP,Stomach,Dead,106.0,77.0,,,No,No,No,0.0,1.0,106.0,106.0,IB,stad
TCGA-FP-7829,TCGA-FP-7829-01A-01-TS1.pkl,Stage IIB,594.0,FP,Stomach,Alive,,69.0,,,No,No,No,1.0,1.0,594.0,594.0,IIB,stad
TCGA-FP-7916,TCGA-FP-7916-01A-01-BS1.pkl,Stage IIIC,428.0,FP,Stomach,Dead,428.0,77.0,,,No,No,No,0.0,1.0,428.0,428.0,IIIC,stad
TCGA-FP-7998,TCGA-FP-7998-01A-01-BS1.pkl,Stage IIIC,678.0,FP,Stomach,Alive,,77.0,,,No,No,No,1.0,1.0,678.0,678.0,IIIC,stad
TCGA-FP-8099,TCGA-FP-8099-01A-01-TS1.pkl,Stage IIA,519.0,FP,Stomach,Alive,,79.0,,,No,No,No,1.0,1.0,519.0,519.0,IIA,stad
TCGA-FP-8209,TCGA-FP-8209-01A-01-TS1.pkl,Stage IB,1811.0,FP,Stomach,Dead,1811.0,49.0,1676.0,,Yes,Yes,No,0.0,0.0,1811.0,1676.0,IB,stad
TCGA-FP-8211,TCGA-FP-8211-01A-01-TS1.pkl,Stage IIB,413.0,FP,Stomach,Alive,,62.0,,,No,No,No,1.0,1.0,413.0,413.0,IIB,stad
TCGA-FP-8631,TCGA-FP-8631-01A-01-TS1.pkl,Stage IIIA,17.0,FP,Stomach,Alive,,68.0,,,No,No,No,1.0,1.0,17.0,17.0,IIIA,stad
TCGA-FP-A4BE,TCGA-FP-A4BE-01A-01-TS1.pkl,Stage IIA,337.0,FP,Stomach,Alive,,55.0,,,No,No,No,1.0,1.0,337.0,337.0,IIA,stad
TCGA-FP-A4BF,TCGA-FP-A4BF-01A-01-TS1.pkl,Stage IIIA,168.0,FP,Stomach,Dead,168.0,68.0,159.0,,Yes,Yes,No,0.0,0.0,168.0,159.0,IIIA,stad
TCGA-FP-A8CX,TCGA-FP-A8CX-01A-01-TS1.pkl,Stage IIIC,7.0,FP,Stomach,Alive,,60.0,,,No,No,No,1.0,1.0,7.0,7.0,IIIC,stad
TCGA-HF-7132,TCGA-HF-7132-01A-01-BS1.pkl,Stage II,2351.0,HF,Stomach,Alive,,,,,No,No,No,1.0,1.0,2351.0,2351.0,II,stad
TCGA-HF-7133,TCGA-HF-7133-01A-01-TS1.pkl,Stage IV,1918.0,HF,Stomach,Alive,,,,,No,No,No,1.0,1.0,1918.0,1918.0,IV,stad
TCGA-HF-7134,TCGA-HF-7134-01A-01-BS1.pkl,Stage IA,1588.0,HF,Stomach,Alive,,,,,No,No,No,1.0,1.0,1588.0,1588.0,IA,stad
TCGA-HF-A5NB,TCGA-HF-A5NB-01A-01-TS1.pkl,Stage IIIC,928.0,HF,Stomach,Alive,,75.0,,,No,No,No,1.0,1.0,928.0,928.0,IIIC,stad
TCGA-HJ-7597,TCGA-HJ-7597-01A-01-BS1.pkl,Stage IB,805.0,HJ,Stomach,Dead,805.0,71.0,795.0,,Yes,Yes,No,0.0,0.0,805.0,795.0,IB,stad
TCGA-HU-8243,TCGA-HU-8243-01A-01-TS1.pkl,Stage IIIC,180.0,HU,Stomach,Dead,180.0,66.0,132.0,,Yes,Yes,No,0.0,0.0,180.0,132.0,IIIC,stad
TCGA-HU-8244,TCGA-HU-8244-01A-01-TS1.pkl,Stage IA,742.0,HU,Stomach,Alive,,77.0,,,No,No,No,1.0,1.0,742.0,742.0,IA,stad
TCGA-HU-8245,TCGA-HU-8245-01A-01-TS1.pkl,Stage IIA,552.0,HU,Stomach,Alive,,72.0,,,No,No,No,1.0,1.0,552.0,552.0,IIA,stad
TCGA-HU-8249,TCGA-HU-8249-01A-01-TS1.pkl,Stage IIIA,881.0,HU,Stomach,Alive,,76.0,,,No,No,No,1.0,1.0,881.0,881.0,IIIA,stad
TCGA-HU-8602,TCGA-HU-8602-01A-01-TS1.pkl,Stage IIB,679.0,HU,Stomach,Alive,,58.0,,,No,No,No,1.0,1.0,679.0,679.0,IIB,stad
TCGA-HU-8604,TCGA-HU-8604-01A-01-TS1.pkl,Stage IIA,694.0,HU,Stomach,Alive,,82.0,,,No,No,No,1.0,1.0,694.0,694.0,IIA,stad
TCGA-HU-8608,TCGA-HU-8608-01A-01-TS1.pkl,Stage IIIB,641.0,HU,Stomach,Alive,,70.0,277.0,,Yes,Yes,No,1.0,0.0,641.0,277.0,IIIB,stad
TCGA-HU-8610,TCGA-HU-8610-01A-01-BS1.pkl,Stage IA,23.0,HU,Stomach,Alive,,75.0,,,No,No,No,1.0,1.0,23.0,23.0,IA,stad
TCGA-HU-A4G2,TCGA-HU-A4G2-01A-01-TS1.pkl,Stage IIB,739.0,HU,Stomach,Alive,,45.0,,,No,No,No,1.0,1.0,739.0,739.0,IIB,stad
TCGA-HU-A4G3,TCGA-HU-A4G3-01A-01-TS1.pkl,Stage IIB,170.0,HU,Stomach,Alive,,54.0,,,No,No,No,1.0,1.0,170.0,170.0,IIB,stad
TCGA-HU-A4G6,TCGA-HU-A4G6-01A-01-TS1.pkl,Stage IA,738.0,HU,Stomach,Alive,,74.0,,,No,No,No,1.0,1.0,738.0,738.0,IA,stad
TCGA-HU-A4G8,TCGA-HU-A4G8-01A-01-TS1.pkl,Stage IIB,690.0,HU,Stomach,Alive,,71.0,,,No,No,No,1.0,1.0,690.0,690.0,IIB,stad
TCGA-HU-A4G9,TCGA-HU-A4G9-01A-01-TS1.pkl,Stage IA,736.0,HU,Stomach,Alive,,67.0,,,No,No,No,1.0,1.0,736.0,736.0,IA,stad
TCGA-HU-A4GC,TCGA-HU-A4GC-01A-01-TS1.pkl,Stage IIIB,99.0,HU,Stomach,Alive,,74.0,,,No,No,No,1.0,1.0,99.0,99.0,IIIB,stad
TCGA-HU-A4GD,TCGA-HU-A4GD-01A-01-TS1.pkl,Stage IIB,692.0,HU,Stomach,Alive,,56.0,399.0,,Yes,Yes,No,1.0,0.0,692.0,399.0,IIB,stad
TCGA-HU-A4GF,TCGA-HU-A4GF-01A-01-TS1.pkl,Stage IIA,785.0,HU,Stomach,Alive,,69.0,,,No,No,No,1.0,1.0,785.0,785.0,IIA,stad
TCGA-HU-A4GH,TCGA-HU-A4GH-01A-01-TS1.pkl,Stage IA,358.0,HU,Stomach,Alive,,75.0,,,No,No,No,1.0,1.0,358.0,358.0,IA,stad
TCGA-HU-A4GJ,TCGA-HU-A4GJ-01A-01-TS1.pkl,Stage IIIC,650.0,HU,Stomach,Alive,,60.0,547.0,,Yes,Yes,No,1.0,0.0,650.0,547.0,IIIC,stad
TCGA-HU-A4GP,TCGA-HU-A4GP-01A-01-TS1.pkl,Stage IIA,273.0,HU,Stomach,Alive,,62.0,,,No,No,No,1.0,1.0,273.0,273.0,IIA,stad
TCGA-HU-A4GQ,TCGA-HU-A4GQ-01A-01-TSA.pkl,Stage IIIC,3.0,HU,Stomach,Dead,3.0,71.0,,,No,No,No,0.0,1.0,3.0,3.0,IIIC,stad
TCGA-HU-A4GT,TCGA-HU-A4GT-01A-02-TS2.pkl,Stage IIA,198.0,HU,Stomach,Alive,,71.0,,,No,No,No,1.0,1.0,198.0,198.0,IIA,stad
TCGA-HU-A4GU,TCGA-HU-A4GU-01A-01-TS1.pkl,Stage IIB,200.0,HU,Stomach,Alive,,73.0,,,No,No,No,1.0,1.0,200.0,200.0,IIB,stad
TCGA-HU-A4GX,TCGA-HU-A4GX-01A-01-TS1.pkl,Stage IIIC,616.0,HU,Stomach,Alive,,70.0,,,No,No,No,1.0,1.0,616.0,616.0,IIIC,stad
TCGA-HU-A4GY,TCGA-HU-A4GY-01A-02-TS2.pkl,Stage IIIA,8.0,HU,Stomach,Alive,,76.0,,,No,No,No,1.0,1.0,8.0,8.0,IIIA,stad
TCGA-HU-A4H0,TCGA-HU-A4H0-01A-01-TS1.pkl,Stage IIIC,64.0,HU,Stomach,Alive,,72.0,,,No,No,No,1.0,1.0,64.0,64.0,IIIC,stad
TCGA-HU-A4H2,TCGA-HU-A4H2-01A-01-TS1.pkl,Stage IIIB,394.0,HU,Stomach,Alive,,58.0,,,No,No,No,1.0,1.0,394.0,394.0,IIIB,stad
TCGA-HU-A4H3,TCGA-HU-A4H3-01A-02-TS2.pkl,Stage IIIC,882.0,HU,Stomach,Alive,,56.0,410.0,,Yes,Yes,No,1.0,0.0,882.0,410.0,IIIC,stad
TCGA-HU-A4H4,TCGA-HU-A4H4-01A-02-TS2.pkl,Stage IIB,725.0,HU,Stomach,Alive,,53.0,,,No,No,No,1.0,1.0,725.0,725.0,IIB,stad
TCGA-HU-A4H5,TCGA-HU-A4H5-01A-02-TS2.pkl,Stage IB,724.0,HU,Stomach,Alive,,71.0,,,No,No,No,1.0,1.0,724.0,724.0,IB,stad
TCGA-HU-A4H6,TCGA-HU-A4H6-01A-01-TS1.pkl,Stage IIIA,644.0,HU,Stomach,Alive,,72.0,,,No,No,No,1.0,1.0,644.0,644.0,IIIA,stad
TCGA-HU-A4H8,TCGA-HU-A4H8-01A-01-TS1.pkl,Stage IB,428.0,HU,Stomach,Alive,,77.0,354.0,,Yes,Yes,No,1.0,0.0,428.0,354.0,IB,stad
TCGA-HU-A4HB,TCGA-HU-A4HB-01A-01-TS1.pkl,Stage IIB,477.0,HU,Stomach,Dead,477.0,68.0,390.0,,Yes,Yes,No,0.0,0.0,477.0,390.0,IIB,stad
TCGA-HU-A4HD,TCGA-HU-A4HD-01A-01-TS1.pkl,Stage IIIA,1016.0,HU,Stomach,Alive,,73.0,,,No,No,No,1.0,1.0,1016.0,1016.0,IIIA,stad
TCGA-IN-7806,TCGA-IN-7806-01A-01-TS1.pkl,Stage IIB,1106.0,IN,Stomach,Alive,,50.0,,,No,No,No,1.0,1.0,1106.0,1106.0,IIB,stad
TCGA-IN-8462,TCGA-IN-8462-01A-01-TS1.pkl,Stage IIB,572.0,IN,Stomach,Alive,,80.0,270.0,,Yes,Yes,No,1.0,0.0,572.0,270.0,IIB,stad
TCGA-IN-8663,TCGA-IN-8663-01A-01-BS1.pkl,Stage IIB,103.0,IN,Stomach,Dead,103.0,68.0,,,No,No,No,0.0,1.0,103.0,103.0,IIB,stad
TCGA-IN-A6RI,TCGA-IN-A6RI-01A-01-TS1.pkl,Stage I,559.0,IN,Stomach,Alive,,45.0,,,No,No,No,1.0,1.0,559.0,559.0,I,stad
TCGA-IN-A6RJ,TCGA-IN-A6RJ-01A-02-TSB.pkl,Stage IA,379.0,IN,Stomach,Alive,,64.0,,,No,No,No,1.0,1.0,379.0,379.0,IA,stad
TCGA-IN-A6RN,TCGA-IN-A6RN-01A-01-TS1.pkl,Stage IIA,594.0,IN,Stomach,Alive,,72.0,,,No,No,No,1.0,1.0,594.0,594.0,IIA,stad
TCGA-IN-A6RS,TCGA-IN-A6RS-01A-01-TSA.pkl,Stage IA,383.0,IN,Stomach,Alive,,76.0,,,No,No,No,1.0,1.0,383.0,383.0,IA,stad
TCGA-IN-A7NR,TCGA-IN-A7NR-01A-01-TSA.pkl,Stage IV,198.0,IN,Stomach,Alive,,64.0,,,No,No,No,1.0,1.0,198.0,198.0,IV,stad
TCGA-IN-A7NT,TCGA-IN-A7NT-01A-02-TSB.pkl,Stage IIB,323.0,IN,Stomach,Alive,,73.0,,,No,No,No,1.0,1.0,323.0,323.0,IIB,stad
TCGA-IN-A7NU,TCGA-IN-A7NU-01A-02-TSB.pkl,Stage IIIB,356.0,IN,Stomach,Alive,,69.0,337.0,,Yes,Yes,No,1.0,0.0,356.0,337.0,IIIB,stad
TCGA-IN-AB1V,TCGA-IN-AB1V-01A-02-TS2.pkl,Stage IA,479.0,IN,Stomach,Alive,,63.0,,,No,No,No,1.0,1.0,479.0,479.0,IA,stad
TCGA-IN-AB1X,TCGA-IN-AB1X-01A-01-TSA.pkl,Stage IIA,411.0,IN,Stomach,Alive,,78.0,,,No,No,No,1.0,1.0,411.0,411.0,IIA,stad
TCGA-IP-7968,TCGA-IP-7968-01A-01-TS1.pkl,Stage IIIB,77.0,IP,Stomach,Alive,,74.0,,,No,No,No,1.0,1.0,77.0,77.0,IIIB,stad
TCGA-KB-A6F5,TCGA-KB-A6F5-01A-01-TS1.pkl,Stage IIIA,169.0,KB,Stomach,Alive,,73.0,,,No,No,No,1.0,1.0,169.0,169.0,IIIA,stad
TCGA-KB-A6F7,TCGA-KB-A6F7-01A-01-TS1.pkl,Stage IB,1935.0,KB,Stomach,Alive,,54.0,,,No,No,No,1.0,1.0,1935.0,1935.0,IB,stad
TCGA-KB-A93G,TCGA-KB-A93G-01A-01-TS1.pkl,Stage IB,613.0,KB,Stomach,Alive,,68.0,,,No,No,No,1.0,1.0,613.0,613.0,IB,stad
TCGA-KB-A93H,TCGA-KB-A93H-01A-01-TS1.pkl,Stage IIB,1145.0,KB,Stomach,Alive,,79.0,,,No,No,No,1.0,1.0,1145.0,1145.0,IIB,stad
TCGA-KB-A93J,TCGA-KB-A93J-01A-01-TS1.pkl,Stage II,1124.0,KB,Stomach,Alive,,78.0,,,No,No,No,1.0,1.0,1124.0,1124.0,II,stad
TCGA-MX-A5UG,TCGA-MX-A5UG-01A-02-TSB.pkl,Stage IIIA,113.0,MX,Stomach,Dead,113.0,78.0,,,No,No,No,0.0,1.0,113.0,113.0,IIIA,stad
TCGA-MX-A5UJ,TCGA-MX-A5UJ-01A-01-TS1.pkl,Stage IIIA,600.0,MX,Stomach,Alive,,86.0,,,No,No,No,1.0,1.0,600.0,600.0,IIIA,stad
TCGA-MX-A663,TCGA-MX-A663-01A-01-TS1.pkl,Stage IIA,300.0,MX,Stomach,Dead,300.0,66.0,218.0,,Yes,Yes,No,0.0,0.0,300.0,218.0,IIA,stad
TCGA-MX-A666,TCGA-MX-A666-01A-01-TS1.pkl,Stage IIA,427.0,MX,Stomach,Alive,,61.0,,,No,No,No,1.0,1.0,427.0,427.0,IIA,stad
TCGA-RD-A7BS,TCGA-RD-A7BS-01A-01-TS1.pkl,Stage IIIA,336.0,RD,Stomach,Dead,336.0,46.0,244.0,,Yes,Yes,No,0.0,0.0,336.0,244.0,IIIA,stad
TCGA-RD-A7BT,TCGA-RD-A7BT-01A-01-TS1.pkl,Stage IV,262.0,RD,Stomach,Dead,262.0,66.0,123.0,,Yes,Yes,No,0.0,0.0,262.0,123.0,IV,stad
TCGA-RD-A7BW,TCGA-RD-A7BW-01A-01-TS1.pkl,Stage IB,156.0,RD,Stomach,Dead,156.0,68.0,,,No,No,No,0.0,1.0,156.0,156.0,IB,stad
TCGA-RD-A7C1,TCGA-RD-A7C1-01A-01-TS1.pkl,Stage IB,507.0,RD,Stomach,Dead,507.0,82.0,438.0,,Yes,Yes,No,0.0,0.0,507.0,438.0,IB,stad
TCGA-RD-A8MV,TCGA-RD-A8MV-01A-01-TS1.pkl,Stage IIIB,3720.0,RD,Stomach,Alive,,56.0,,,No,No,No,1.0,1.0,3720.0,3720.0,IIIB,stad
TCGA-RD-A8MW,TCGA-RD-A8MW-01A-01-TS1.pkl,Stage IIIB,1153.0,RD,Stomach,Dead,1153.0,72.0,98.0,,Yes,Yes,No,0.0,0.0,1153.0,98.0,IIIB,stad
TCGA-RD-A8N0,TCGA-RD-A8N0-01A-01-TS1.pkl,Stage IIIB,1236.0,RD,Stomach,Alive,,53.0,,,No,No,No,1.0,1.0,1236.0,1236.0,IIIB,stad
TCGA-RD-A8N1,TCGA-RD-A8N1-01A-01-TS1.pkl,Stage IIIB,3519.0,RD,Stomach,Alive,,70.0,,,No,No,No,1.0,1.0,3519.0,3519.0,IIIB,stad
TCGA-RD-A8N2,TCGA-RD-A8N2-01A-01-TS1.pkl,Stage IB,3540.0,RD,Stomach,Alive,,59.0,,,No,No,No,1.0,1.0,3540.0,3540.0,IB,stad
TCGA-RD-A8N4,TCGA-RD-A8N4-01A-02-TS2.pkl,Stage IIIA,2171.0,RD,Stomach,Alive,,58.0,,,No,No,No,1.0,1.0,2171.0,2171.0,IIIA,stad
TCGA-RD-A8N5,TCGA-RD-A8N5-01A-01-TS1.pkl,Stage IIIA,1747.0,RD,Stomach,Dead,1747.0,78.0,,,No,No,No,0.0,1.0,1747.0,1747.0,IIIA,stad
TCGA-RD-A8N6,TCGA-RD-A8N6-01A-01-TS1.pkl,Stage IIIA,272.0,RD,Stomach,Dead,272.0,78.0,163.0,,Yes,Yes,No,0.0,0.0,272.0,163.0,IIIA,stad
TCGA-RD-A8N9,TCGA-RD-A8N9-01A-01-TS1.pkl,Stage II,1083.0,RD,Stomach,Alive,,63.0,,,No,No,No,1.0,1.0,1083.0,1083.0,II,stad
TCGA-RD-A8NB,TCGA-RD-A8NB-01A-01-TS1.pkl,Stage IIIA,513.0,RD,Stomach,Dead,513.0,80.0,230.0,,Yes,Yes,No,0.0,0.0,513.0,230.0,IIIA,stad
TCGA-SW-A7EA,TCGA-SW-A7EA-01A-01-TSA.pkl,Stage IB,579.0,SW,Stomach,Alive,,61.0,,,No,No,No,1.0,1.0,579.0,579.0,IB,stad
TCGA-SW-A7EB,TCGA-SW-A7EB-01A-01-TSA.pkl,Stage IIIA,176.0,SW,Stomach,Alive,,45.0,,,No,No,No,1.0,1.0,176.0,176.0,IIIA,stad
TCGA-VQ-A8DL,TCGA-VQ-A8DL-01A-01-TS1.pkl,Stage IIA,28.0,VQ,Stomach,Dead,28.0,69.0,,,No,No,No,0.0,1.0,28.0,28.0,IIA,stad
TCGA-VQ-A8DT,TCGA-VQ-A8DT-01A-01-TS1.pkl,Stage IIIB,1484.0,VQ,Stomach,Alive,,43.0,1376.0,,Yes,Yes,No,1.0,0.0,1484.0,1376.0,IIIB,stad
TCGA-VQ-A8DU,TCGA-VQ-A8DU-01A-01-TS1.pkl,Stage IIIA,166.0,VQ,Stomach,Dead,166.0,63.0,158.0,,Yes,Yes,No,0.0,0.0,166.0,158.0,IIIA,stad
TCGA-VQ-A8DV,TCGA-VQ-A8DV-01A-01-TS1.pkl,Stage IB,403.0,VQ,Stomach,Dead,403.0,48.0,288.0,,Yes,Yes,No,0.0,0.0,403.0,288.0,IB,stad
TCGA-VQ-A8DZ,TCGA-VQ-A8DZ-01A-01-TS1.pkl,Stage IV,396.0,VQ,Stomach,Dead,396.0,70.0,,,No,No,No,0.0,1.0,396.0,396.0,IV,stad
TCGA-VQ-A8E0,TCGA-VQ-A8E0-01A-01-TS1.pkl,Stage IIIA,562.0,VQ,Stomach,Dead,562.0,68.0,531.0,,Yes,Yes,No,0.0,0.0,562.0,531.0,IIIA,stad
TCGA-VQ-A8E2,TCGA-VQ-A8E2-01A-01-TS1.pkl,Stage IIIB,1319.0,VQ,Stomach,Alive,,57.0,,,No,No,No,1.0,1.0,1319.0,1319.0,IIIB,stad
TCGA-VQ-A8E3,TCGA-VQ-A8E3-01A-01-TS1.pkl,Stage IIA,661.0,VQ,Stomach,Dead,661.0,79.0,,538.0,Yes,No,Yes,0.0,1.0,661.0,661.0,IIA,stad
TCGA-VQ-A8E7,TCGA-VQ-A8E7-01B-01-TS1.pkl,Stage IV,1138.0,VQ,Stomach,Alive,,59.0,1048.0,,Yes,Yes,No,1.0,0.0,1138.0,1048.0,IV,stad
TCGA-VQ-A8P2,TCGA-VQ-A8P2-01A-01-TS1.pkl,Stage IIIA,1160.0,VQ,Stomach,Alive,,68.0,,,No,No,No,1.0,1.0,1160.0,1160.0,IIIA,stad
TCGA-VQ-A8P3,TCGA-VQ-A8P3-01A-01-TS1.pkl,Stage IIIA,1132.0,VQ,Stomach,Alive,,72.0,,,No,No,No,1.0,1.0,1132.0,1132.0,IIIA,stad
TCGA-VQ-A8P5,TCGA-VQ-A8P5-01A-01-TS1.pkl,Stage IIA,235.0,VQ,Stomach,Dead,235.0,67.0,,,No,No,No,0.0,1.0,235.0,235.0,IIA,stad
TCGA-VQ-A8P8,TCGA-VQ-A8P8-01A-01-TS1.pkl,Stage IIB,942.0,VQ,Stomach,Alive,,72.0,,,No,No,No,1.0,1.0,942.0,942.0,IIB,stad
TCGA-VQ-A8PB,TCGA-VQ-A8PB-01A-01-TS1.pkl,Stage II,1043.0,VQ,Stomach,Dead,1043.0,65.0,,,No,No,No,0.0,1.0,1043.0,1043.0,II,stad
TCGA-VQ-A8PC,TCGA-VQ-A8PC-01A-01-TS1.pkl,Stage IIIA,1407.0,VQ,Stomach,Dead,1407.0,65.0,,1287.0,Yes,No,Yes,0.0,1.0,1407.0,1407.0,IIIA,stad
TCGA-VQ-A8PD,TCGA-VQ-A8PD-01A-01-TS1.pkl,Stage IIIC,496.0,VQ,Stomach,Dead,496.0,69.0,134.0,,Yes,Yes,No,0.0,0.0,496.0,134.0,IIIC,stad
TCGA-VQ-A8PE,TCGA-VQ-A8PE-01A-01-TS1.pkl,Stage IIIB,675.0,VQ,Stomach,Dead,675.0,78.0,,265.0,Yes,No,Yes,0.0,1.0,675.0,675.0,IIIB,stad
TCGA-VQ-A8PF,TCGA-VQ-A8PF-01A-01-TS1.pkl,Stage IIIB,76.0,VQ,Stomach,Dead,76.0,76.0,,,No,No,No,0.0,1.0,76.0,76.0,IIIB,stad
TCGA-VQ-A8PH,TCGA-VQ-A8PH-01A-01-TS1.pkl,Stage IIIB,389.0,VQ,Stomach,Dead,389.0,62.0,,377.0,Yes,No,Yes,0.0,1.0,389.0,389.0,IIIB,stad
TCGA-VQ-A8PJ,TCGA-VQ-A8PJ-01A-01-TS1.pkl,Stage IV,82.0,VQ,Stomach,Dead,82.0,53.0,,,No,No,No,0.0,1.0,82.0,82.0,IV,stad
TCGA-VQ-A8PK,TCGA-VQ-A8PK-01A-01-TS1.pkl,Stage IIIB,543.0,VQ,Stomach,Dead,543.0,58.0,263.0,263.0,Yes,Yes,Yes,0.0,0.0,543.0,263.0,IIIB,stad
TCGA-VQ-A8PM,TCGA-VQ-A8PM-01A-02-TS2.pkl,Stage IV,57.0,VQ,Stomach,Dead,57.0,56.0,,,No,No,No,0.0,1.0,57.0,57.0,IV,stad
TCGA-VQ-A8PO,TCGA-VQ-A8PO-01A-01-TS1.pkl,Stage IIB,282.0,VQ,Stomach,Dead,282.0,74.0,,256.0,Yes,No,Yes,0.0,1.0,282.0,282.0,IIB,stad
TCGA-VQ-A8PP,TCGA-VQ-A8PP-01A-02-TS2.pkl,Stage IV,712.0,VQ,Stomach,Dead,712.0,76.0,,502.0,Yes,No,Yes,0.0,1.0,712.0,712.0,IV,stad
TCGA-VQ-A8PQ,TCGA-VQ-A8PQ-01A-01-TS1.pkl,Stage IV,476.0,VQ,Stomach,Dead,476.0,50.0,,91.0,Yes,No,Yes,0.0,1.0,476.0,476.0,IV,stad
TCGA-VQ-A8PS,TCGA-VQ-A8PS-01A-01-TS1.pkl,Stage IIIA,406.0,VQ,Stomach,Dead,406.0,76.0,131.0,,Yes,Yes,No,0.0,0.0,406.0,131.0,IIIA,stad
TCGA-VQ-A8PT,TCGA-VQ-A8PT-01A-01-TS1.pkl,Stage IIIB,900.0,VQ,Stomach,Alive,,65.0,,,No,No,No,1.0,1.0,900.0,900.0,IIIB,stad
TCGA-VQ-A8PU,TCGA-VQ-A8PU-01A-01-TS1.pkl,Stage IIIA,832.0,VQ,Stomach,Dead,832.0,72.0,,,No,No,No,0.0,1.0,832.0,832.0,IIIA,stad
TCGA-VQ-A8PX,TCGA-VQ-A8PX-01A-01-TS1.pkl,Stage IA,1964.0,VQ,Stomach,Alive,,51.0,,,No,No,No,1.0,1.0,1964.0,1964.0,IA,stad
TCGA-VQ-A8PY,TCGA-VQ-A8PY-01A-01-TS1.pkl,Stage IIIB,436.0,VQ,Stomach,Dead,436.0,47.0,,,No,No,No,0.0,1.0,436.0,436.0,IIIB,stad
TCGA-VQ-A8PZ,TCGA-VQ-A8PZ-01A-01-TS1.pkl,Stage II,2233.0,VQ,Stomach,Alive,,56.0,,,No,No,No,1.0,1.0,2233.0,2233.0,II,stad
TCGA-VQ-A91A,TCGA-VQ-A91A-01A-01-TS1.pkl,Stage IIIB,1200.0,VQ,Stomach,Alive,,67.0,,,No,No,No,1.0,1.0,1200.0,1200.0,IIIB,stad
TCGA-VQ-A91D,TCGA-VQ-A91D-01A-01-TS1.pkl,Stage IIIC,356.0,VQ,Stomach,Dead,356.0,70.0,,351.0,Yes,No,Yes,0.0,1.0,356.0,356.0,IIIC,stad
TCGA-VQ-A91E,TCGA-VQ-A91E-01A-03-TS3.pkl,Stage IIIB,664.0,VQ,Stomach,Alive,,67.0,,,No,No,No,1.0,1.0,664.0,664.0,IIIB,stad
TCGA-VQ-A91K,TCGA-VQ-A91K-01A-01-TS1.pkl,Stage IIIA,1862.0,VQ,Stomach,Alive,,69.0,,,No,No,No,1.0,1.0,1862.0,1862.0,IIIA,stad
TCGA-VQ-A91N,TCGA-VQ-A91N-01A-01-TS1.pkl,Stage IV,570.0,VQ,Stomach,Dead,570.0,59.0,,438.0,Yes,No,Yes,0.0,1.0,570.0,570.0,IV,stad
TCGA-VQ-A91Q,TCGA-VQ-A91Q-01A-01-TS1.pkl,Stage IV,633.0,VQ,Stomach,Dead,633.0,61.0,,551.0,Yes,No,Yes,0.0,1.0,633.0,633.0,IV,stad
TCGA-VQ-A91S,TCGA-VQ-A91S-01A-01-TS1.pkl,Stage IIIB,1000.0,VQ,Stomach,Alive,,63.0,,,No,No,No,1.0,1.0,1000.0,1000.0,IIIB,stad
TCGA-VQ-A91U,TCGA-VQ-A91U-01A-01-TS1.pkl,Stage IIIA,52.0,VQ,Stomach,Dead,52.0,78.0,,,No,No,No,0.0,1.0,52.0,52.0,IIIA,stad
TCGA-VQ-A91V,TCGA-VQ-A91V-01A-01-TS1.pkl,Stage IIIA,1297.0,VQ,Stomach,Alive,,58.0,504.0,,Yes,Yes,No,1.0,0.0,1297.0,504.0,IIIA,stad
TCGA-VQ-A91W,TCGA-VQ-A91W-01A-01-TS1.pkl,Stage IIIA,1851.0,VQ,Stomach,Alive,,30.0,,,No,No,No,1.0,1.0,1851.0,1851.0,IIIA,stad
TCGA-VQ-A91X,TCGA-VQ-A91X-01A-01-TS1.pkl,Stage IIIB,289.0,VQ,Stomach,Dead,289.0,74.0,,,No,No,No,0.0,1.0,289.0,289.0,IIIB,stad
TCGA-VQ-A91Y,TCGA-VQ-A91Y-01A-01-TS1.pkl,Stage IIIC,296.0,VQ,Stomach,Dead,296.0,67.0,258.0,,Yes,Yes,No,0.0,0.0,296.0,258.0,IIIC,stad
TCGA-VQ-A91Z,TCGA-VQ-A91Z-01A-01-TS1.pkl,Stage IIIA,1690.0,VQ,Stomach,Alive,,67.0,,1310.0,Yes,No,Yes,1.0,1.0,1690.0,1690.0,IIIA,stad
TCGA-VQ-A922,TCGA-VQ-A922-01A-01-TS1.pkl,Stage IV,275.0,VQ,Stomach,Dead,275.0,70.0,252.0,,Yes,Yes,No,0.0,0.0,275.0,252.0,IV,stad
TCGA-VQ-A923,TCGA-VQ-A923-01A-01-TS1.pkl,Stage IIIA,0.0,VQ,Stomach,Dead,0.0,89.0,,,No,No,No,0.0,1.0,0.0,0.0,IIIA,stad
TCGA-VQ-A925,TCGA-VQ-A925-01A-01-TS1.pkl,Stage IIIA,138.0,VQ,Stomach,Dead,138.0,66.0,,,No,No,No,0.0,1.0,138.0,138.0,IIIA,stad
TCGA-VQ-A927,TCGA-VQ-A927-01A-01-TS1.pkl,Stage IIIB,200.0,VQ,Stomach,Dead,200.0,81.0,,,No,No,No,0.0,1.0,200.0,200.0,IIIB,stad
TCGA-VQ-A928,TCGA-VQ-A928-01A-01-TS1.pkl,Stage IV,174.0,VQ,Stomach,Dead,174.0,49.0,148.0,,Yes,Yes,No,0.0,0.0,174.0,148.0,IV,stad
TCGA-VQ-A92D,TCGA-VQ-A92D-01A-01-TS1.pkl,Stage IB,2032.0,VQ,Stomach,Alive,,67.0,,,No,No,No,1.0,1.0,2032.0,2032.0,IB,stad
TCGA-VQ-A94O,TCGA-VQ-A94O-01A-01-TS1.pkl,Stage IIIC,640.0,VQ,Stomach,Dead,640.0,74.0,185.0,,Yes,Yes,No,0.0,0.0,640.0,185.0,IIIC,stad
TCGA-VQ-A94T,TCGA-VQ-A94T-01A-01-TS1.pkl,Stage IIIB,342.0,VQ,Stomach,Dead,342.0,73.0,,296.0,Yes,No,Yes,0.0,1.0,342.0,342.0,IIIB,stad
TCGA-VQ-A94U,TCGA-VQ-A94U-01A-01-TS1.pkl,Stage IIB,819.0,VQ,Stomach,Alive,,70.0,,,No,No,No,1.0,1.0,819.0,819.0,IIB,stad
TCGA-VQ-AA64,TCGA-VQ-AA64-01A-01-TS1.pkl,Stage IIIB,560.0,VQ,Stomach,Dead,560.0,68.0,,,No,No,No,0.0,1.0,560.0,560.0,IIIB,stad
TCGA-VQ-AA68,TCGA-VQ-AA68-01A-01-TS1.pkl,Stage IIIC,1328.0,VQ,Stomach,Alive,,52.0,,,No,No,No,1.0,1.0,1328.0,1328.0,IIIC,stad
TCGA-VQ-AA69,TCGA-VQ-AA69-01A-01-TS1.pkl,Stage IIIA,864.0,VQ,Stomach,Alive,,35.0,,,No,No,No,1.0,1.0,864.0,864.0,IIIA,stad
TCGA-VQ-AA6A,TCGA-VQ-AA6A-01A-01-TS1.pkl,Stage IIIC,1184.0,VQ,Stomach,Alive,,56.0,,,No,No,No,1.0,1.0,1184.0,1184.0,IIIC,stad
TCGA-VQ-AA6B,TCGA-VQ-AA6B-01A-01-TS1.pkl,Stage IIIB,1002.0,VQ,Stomach,Alive,,48.0,,,No,No,No,1.0,1.0,1002.0,1002.0,IIIB,stad
TCGA-VQ-AA6D,TCGA-VQ-AA6D-01A-01-TS1.pkl,Stage IIIA,521.0,VQ,Stomach,Alive,,52.0,,,No,No,No,1.0,1.0,521.0,521.0,IIIA,stad
TCGA-VQ-AA6F,TCGA-VQ-AA6F-01A-03-TS3.pkl,Stage IIB,1646.0,VQ,Stomach,Alive,,57.0,,546.0,Yes,No,Yes,1.0,1.0,1646.0,1646.0,IIB,stad
TCGA-VQ-AA6G,TCGA-VQ-AA6G-01A-01-TS1.pkl,Stage IIA,792.0,VQ,Stomach,Dead,792.0,68.0,469.0,,Yes,Yes,No,0.0,0.0,792.0,469.0,IIA,stad
TCGA-VQ-AA6I,TCGA-VQ-AA6I-01A-01-TS1.pkl,Stage IIIB,491.0,VQ,Stomach,Dead,491.0,68.0,,475.0,Yes,No,Yes,0.0,1.0,491.0,491.0,IIIB,stad
TCGA-VQ-AA6J,TCGA-VQ-AA6J-01A-01-TS1.pkl,Stage IIIB,838.0,VQ,Stomach,Alive,,75.0,,,No,No,No,1.0,1.0,838.0,838.0,IIIB,stad
TCGA-VQ-AA6K,TCGA-VQ-AA6K-01A-01-TS1.pkl,Stage IIIC,378.0,VQ,Stomach,Dead,378.0,59.0,,332.0,Yes,No,Yes,0.0,1.0,378.0,378.0,IIIC,stad
TCGA-ZA-A8F6,TCGA-ZA-A8F6-01A-02-TS2.pkl,Stage IB,525.0,ZA,Stomach,Alive,,71.0,,,No,No,No,1.0,1.0,525.0,525.0,IB,stad
TCGA-ZQ-A9CR,TCGA-ZQ-A9CR-01A-01-TS1.pkl,Stage IIIC,24.0,ZQ,Stomach,Dead,24.0,79.0,,,No,No,No,0.0,1.0,24.0,24.0,IIIC,stad
TCGA-3L-AA1B,TCGA-3L-AA1B-01A-01-TS1.pkl,Stage I,475.0,3L,Colon,Alive,,61.0,,,No,No,No,1.0,1.0,475.0,475.0,I,coad
TCGA-4N-A93T,TCGA-4N-A93T-01A-01-TS1.pkl,Stage IIIB,146.0,4N,Colon,Alive,,67.0,,,No,No,No,1.0,1.0,146.0,146.0,IIIB,coad
TCGA-4T-AA8H,TCGA-4T-AA8H-01A-01-TSA.pkl,Stage IIA,385.0,4T,Colon,Alive,,42.0,,,No,No,No,1.0,1.0,385.0,385.0,IIA,coad
TCGA-5M-AAT4,TCGA-5M-AAT4-01A-01-TS1.pkl,Stage IV,49.0,5M,Colon,Dead,49.0,74.0,,,No,No,No,0.0,1.0,49.0,49.0,IV,coad
TCGA-5M-AAT6,TCGA-5M-AAT6-01A-01-TS1.pkl,Stage IV,290.0,5M,Colon,Dead,290.0,40.0,,219.0,Yes,No,Yes,0.0,1.0,290.0,290.0,IV,coad
TCGA-5M-AATE,TCGA-5M-AATE-01A-01-TS1.pkl,Stage IIA,1200.0,5M,Colon,Alive,,76.0,,810.0,Yes,No,Yes,1.0,1.0,1200.0,1200.0,IIA,coad
TCGA-A6-2671,TCGA-A6-2671-01A-01-TS1.pkl,Stage IV,1331.0,A6,Colon,Dead,1331.0,85.0,,535.0,Yes,No,Yes,0.0,1.0,1331.0,1331.0,IV,coad
TCGA-A6-2672,TCGA-A6-2672-01A-01-BS1.pkl,Stage IIIB,1419.0,A6,Colon,Alive,,82.0,,,No,No,No,1.0,1.0,1419.0,1419.0,IIIB,coad
TCGA-A6-2674,TCGA-A6-2674-01A-02-BS2.pkl,Stage IV,1331.0,A6,Colon,Alive,,71.0,,735.0,Yes,No,Yes,1.0,1.0,1331.0,1331.0,IV,coad
TCGA-A6-2675,TCGA-A6-2675-01A-02-BS2.pkl,Stage IIA,1321.0,A6,Colon,Alive,,78.0,,,No,No,No,1.0,1.0,1321.0,1321.0,IIA,coad
TCGA-A6-2676,TCGA-A6-2676-01A-01-BS1.pkl,Stage IIB,1305.0,A6,Colon,Dead,1305.0,75.0,,,No,No,No,0.0,1.0,1305.0,1305.0,IIB,coad
TCGA-A6-2677,TCGA-A6-2677-01B-02-BS2.pkl,Stage IIIC,740.0,A6,Colon,Dead,740.0,68.0,,,No,No,No,0.0,1.0,740.0,740.0,IIIC,coad
TCGA-A6-2678,TCGA-A6-2678-01A-01-BS1.pkl,Stage IIIB,1286.0,A6,Colon,Alive,,43.0,,,No,No,No,1.0,1.0,1286.0,1286.0,IIIB,coad
TCGA-A6-2679,TCGA-A6-2679-01A-02-BS2.pkl,Stage IIB,1366.0,A6,Colon,Alive,,73.0,,,No,No,No,1.0,1.0,1366.0,1366.0,IIB,coad
TCGA-A6-2680,TCGA-A6-2680-01A-01-BS1.pkl,Stage II,1068.0,A6,Colon,Alive,,72.0,,,No,No,No,1.0,1.0,1068.0,1068.0,II,coad
TCGA-A6-2681,TCGA-A6-2681-01A-01-TS1.pkl,Stage IIA,1387.0,A6,Colon,Alive,,73.0,,1150.0,Yes,No,Yes,1.0,1.0,1387.0,1387.0,IIA,coad
TCGA-A6-2682,TCGA-A6-2682-01A-01-TS1.pkl,Stage IV,424.0,A6,Colon,Dead,424.0,70.0,,381.0,Yes,No,Yes,0.0,1.0,424.0,424.0,IV,coad
TCGA-A6-2683,TCGA-A6-2683-01A-01-TS1.pkl,Stage IV,504.0,A6,Colon,Dead,504.0,57.0,,300.0,Yes,No,Yes,0.0,1.0,504.0,504.0,IV,coad
TCGA-A6-2684,TCGA-A6-2684-01C-07-BS7.pkl,Stage I,1127.0,A6,Colon,Alive,,75.0,,976.0,Yes,No,Yes,1.0,1.0,1127.0,1127.0,I,coad
TCGA-A6-2685,TCGA-A6-2685-01A-01-BS1.pkl,Stage IIA,1133.0,A6,Colon,Alive,,48.0,,948.0,Yes,No,Yes,1.0,1.0,1133.0,1133.0,IIA,coad
TCGA-A6-2686,TCGA-A6-2686-01A-01-BS1.pkl,Stage IIA,1126.0,A6,Colon,Dead,1126.0,81.0,,,No,No,No,0.0,1.0,1126.0,1126.0,IIA,coad
TCGA-A6-3807,TCGA-A6-3807-01A-01-TS1.pkl,Stage IIIC,1054.0,A6,Colon,Alive,,53.0,,,No,No,No,1.0,1.0,1054.0,1054.0,IIIC,coad
TCGA-A6-3808,TCGA-A6-3808-01A-01-BS1.pkl,Stage IIA,1014.0,A6,Colon,Alive,,73.0,,,No,No,No,1.0,1.0,1014.0,1014.0,IIA,coad
TCGA-A6-3809,TCGA-A6-3809-01B-04-BS4.pkl,Stage IIB,996.0,A6,Colon,Alive,,71.0,,,No,No,No,1.0,1.0,996.0,996.0,IIB,coad
TCGA-A6-3810,TCGA-A6-3810-01A-01-TS1.pkl,Stage IIA,1111.0,A6,Colon,Alive,,62.0,,,No,No,No,1.0,1.0,1111.0,1111.0,IIA,coad
TCGA-A6-4105,TCGA-A6-4105-01A-01-TS1.pkl,Stage IIA,442.0,A6,Colon,Dead,442.0,79.0,,364.0,Yes,No,Yes,0.0,1.0,442.0,442.0,IIA,coad
TCGA-A6-4107,TCGA-A6-4107-01A-01-BS1.pkl,Stage IIIB,987.0,A6,Colon,Alive,,57.0,,,No,No,No,1.0,1.0,987.0,987.0,IIIB,coad
TCGA-A6-5656,TCGA-A6-5656-01B-02-BS2.pkl,Stage I,1001.0,A6,Colon,Alive,,74.0,,,No,No,No,1.0,1.0,1001.0,1001.0,I,coad
TCGA-A6-5657,TCGA-A6-5657-01A-01-TS1.pkl,Stage IIIB,962.0,A6,Colon,Alive,,65.0,,,No,No,No,1.0,1.0,962.0,962.0,IIIB,coad
TCGA-A6-5659,TCGA-A6-5659-01A-01-TS1.pkl,Stage I,926.0,A6,Colon,Alive,,82.0,,,No,No,No,1.0,1.0,926.0,926.0,I,coad
TCGA-A6-5660,TCGA-A6-5660-01A-01-BS1.pkl,Stage IIIC,888.0,A6,Colon,Alive,,73.0,,,No,No,No,1.0,1.0,888.0,888.0,IIIC,coad
TCGA-A6-5661,TCGA-A6-5661-01A-01-BS1.pkl,Stage IIA,1020.0,A6,Colon,Alive,,80.0,,,No,No,No,1.0,1.0,1020.0,1020.0,IIA,coad
TCGA-A6-5662,TCGA-A6-5662-01A-01-BS1.pkl,Stage IVA,718.0,A6,Colon,Alive,,46.0,,661.0,Yes,No,Yes,1.0,1.0,718.0,718.0,IVA,coad
TCGA-A6-5664,TCGA-A6-5664-01A-01-BS1.pkl,Stage IIIC,672.0,A6,Colon,Alive,,80.0,,183.0,Yes,No,Yes,1.0,1.0,672.0,672.0,IIIC,coad
TCGA-A6-5665,TCGA-A6-5665-01A-01-TS1.pkl,Stage IIA,671.0,A6,Colon,Alive,,84.0,,529.0,Yes,No,Yes,1.0,1.0,671.0,671.0,IIA,coad
TCGA-A6-5666,TCGA-A6-5666-01A-01-TS1.pkl,Stage IIC,995.0,A6,Colon,Alive,,78.0,,970.0,Yes,No,Yes,1.0,1.0,995.0,995.0,IIC,coad
TCGA-A6-5667,TCGA-A6-5667-01A-01-BS1.pkl,Stage IIIB,887.0,A6,Colon,Alive,,40.0,,,No,No,No,1.0,1.0,887.0,887.0,IIIB,coad
TCGA-A6-6137,TCGA-A6-6137-01A-01-TS1.pkl,Stage IIIB,824.0,A6,Colon,Alive,,55.0,,,No,No,No,1.0,1.0,824.0,824.0,IIIB,coad
TCGA-A6-6138,TCGA-A6-6138-01A-01-TS1.pkl,Stage I,685.0,A6,Colon,Alive,,61.0,,,No,No,No,1.0,1.0,685.0,685.0,I,coad
TCGA-A6-6140,TCGA-A6-6140-01A-01-TS1.pkl,Stage IIA,734.0,A6,Colon,Alive,,62.0,,,No,No,No,1.0,1.0,734.0,734.0,IIA,coad
TCGA-A6-6141,TCGA-A6-6141-01A-01-BS1.pkl,Stage IIA,255.0,A6,Colon,Alive,,31.0,,,No,No,No,1.0,1.0,255.0,255.0,IIA,coad
TCGA-A6-6142,TCGA-A6-6142-01A-01-BS1.pkl,Stage IVA,763.0,A6,Colon,Alive,,56.0,,654.0,Yes,No,Yes,1.0,1.0,763.0,763.0,IVA,coad
TCGA-A6-6648,TCGA-A6-6648-01A-01-BS1.pkl,Stage IVA,766.0,A6,Colon,Alive,,56.0,,686.0,Yes,No,Yes,1.0,1.0,766.0,766.0,IVA,coad
TCGA-A6-6649,TCGA-A6-6649-01A-01-TS1.pkl,Stage IIIB,735.0,A6,Colon,Alive,,66.0,,,No,No,No,1.0,1.0,735.0,735.0,IIIB,coad
TCGA-A6-6650,TCGA-A6-6650-01A-01-TS1.pkl,Stage IIA,627.0,A6,Colon,Alive,,69.0,,,No,No,No,1.0,1.0,627.0,627.0,IIA,coad
TCGA-A6-6651,TCGA-A6-6651-01A-01-BS1.pkl,Stage IIIB,662.0,A6,Colon,Alive,,55.0,,,No,No,No,1.0,1.0,662.0,662.0,IIIB,coad
TCGA-A6-6652,TCGA-A6-6652-01A-01-BS1.pkl,Stage IVA,751.0,A6,Colon,Alive,,59.0,,,No,No,No,1.0,1.0,751.0,751.0,IVA,coad
TCGA-A6-6653,TCGA-A6-6653-01A-01-BS1.pkl,Stage I,742.0,A6,Colon,Alive,,82.0,,,No,No,No,1.0,1.0,742.0,742.0,I,coad
TCGA-A6-6654,TCGA-A6-6654-01A-01-BS1.pkl,Stage IIIB,726.0,A6,Colon,Alive,,65.0,,,No,No,No,1.0,1.0,726.0,726.0,IIIB,coad
TCGA-A6-6780,TCGA-A6-6780-01B-04-BS4.pkl,Stage IIA,612.0,A6,Colon,Alive,,74.0,,,No,No,No,1.0,1.0,612.0,612.0,IIA,coad
TCGA-A6-6781,TCGA-A6-6781-01B-05-BS5.pkl,Stage IIIC,598.0,A6,Colon,Alive,,43.0,,,No,No,No,1.0,1.0,598.0,598.0,IIIC,coad
TCGA-A6-6782,TCGA-A6-6782-01A-01-BS1.pkl,Stage IIB,617.0,A6,Colon,Alive,,82.0,,,No,No,No,1.0,1.0,617.0,617.0,IIB,coad
TCGA-A6-A565,TCGA-A6-A565-01A-03-TS3.pkl,Stage IIIC,494.0,A6,Colon,Dead,494.0,34.0,,301.0,Yes,No,Yes,0.0,1.0,494.0,494.0,IIIC,coad
TCGA-A6-A566,TCGA-A6-A566-01A-01-TS1.pkl,Stage IIIB,758.0,A6,Colon,Dead,758.0,55.0,,257.0,Yes,No,Yes,0.0,1.0,758.0,758.0,IIIB,coad
TCGA-A6-A567,TCGA-A6-A567-01A-03-TS3.pkl,Stage IV,1881.0,A6,Colon,Dead,1881.0,56.0,612.0,,Yes,Yes,No,0.0,0.0,1881.0,612.0,IV,coad
TCGA-A6-A56B,TCGA-A6-A56B-01A-03-TS3.pkl,Stage IIIB,1711.0,A6,Colon,Dead,1711.0,57.0,,1678.0,Yes,No,Yes,0.0,1.0,1711.0,1711.0,IIIB,coad
TCGA-A6-A5ZU,TCGA-A6-A5ZU-01A-01-TS1.pkl,Stage IIIB,293.0,A6,Colon,Alive,,59.0,,,No,No,No,1.0,1.0,293.0,293.0,IIIB,coad
TCGA-AA-3488,TCGA-AA-3488-01A-01-TS1.pkl,Stage IV,153.0,AA,Rectosigmoid junction,Dead,153.0,58.0,,,No,No,No,0.0,1.0,153.0,153.0,IV,coad
TCGA-AA-3489,TCGA-AA-3489-01A-02-BS2.pkl,Stage II,214.0,AA,Colon,Dead,214.0,75.0,,,No,No,No,0.0,1.0,214.0,214.0,II,coad
TCGA-AA-3492,TCGA-AA-3492-01A-01-TS1.pkl,Stage II,1.0,AA,Colon,Dead,1.0,89.0,,,No,No,No,0.0,1.0,1.0,1.0,II,coad
TCGA-AA-3494,TCGA-AA-3494-01A-01-BS1.pkl,Stage IV,31.0,AA,Colon,Alive,,55.0,,,No,No,No,1.0,1.0,31.0,31.0,IV,coad
TCGA-AA-3495,TCGA-AA-3495-01A-01-BS1.pkl,Stage I,1127.0,AA,Colon,Alive,,79.0,,,No,No,No,1.0,1.0,1127.0,1127.0,I,coad
TCGA-AA-3496,TCGA-AA-3496-01A-02-BS2.pkl,Stage II,31.0,AA,Colon,Alive,,83.0,,,No,No,No,1.0,1.0,31.0,31.0,II,coad
TCGA-AA-3502,TCGA-AA-3502-01A-01-TS1.pkl,Stage I,1065.0,AA,Colon,Alive,,73.0,,,No,No,No,1.0,1.0,1065.0,1065.0,I,coad
TCGA-AA-3506,TCGA-AA-3506-01A-01-TS1.pkl,Stage I,1765.0,AA,Colon,Alive,,77.0,,,No,No,No,1.0,1.0,1765.0,1765.0,I,coad
TCGA-AA-3509,TCGA-AA-3509-01A-01-TS1.pkl,Stage II,1915.0,AA,Colon,Alive,,54.0,,,No,No,No,1.0,1.0,1915.0,1915.0,II,coad
TCGA-AA-3510,TCGA-AA-3510-01A-01-TS1.pkl,Stage II,1946.0,AA,Colon,Alive,,70.0,,,No,No,No,1.0,1.0,1946.0,1946.0,II,coad
TCGA-AA-3511,TCGA-AA-3511-01A-02-BS2.pkl,Stage II,212.0,AA,Colon,Alive,,64.0,,59.0,Yes,No,Yes,1.0,1.0,212.0,212.0,II,coad
TCGA-AA-3514,TCGA-AA-3514-01A-02-BS2.pkl,Stage I,31.0,AA,Colon,Alive,,81.0,,,No,No,No,1.0,1.0,31.0,31.0,I,coad
TCGA-AA-3516,TCGA-AA-3516-01A-01-BS1.pkl,Stage III,396.0,AA,Colon,Dead,396.0,74.0,,,No,No,No,0.0,1.0,396.0,396.0,III,coad
TCGA-AA-3517,TCGA-AA-3517-01A-01-TS1.pkl,Stage IIA,1186.0,AA,Colon,Alive,,60.0,,821.0,Yes,No,Yes,1.0,1.0,1186.0,1186.0,IIA,coad
TCGA-AA-3518,TCGA-AA-3518-01A-02-BS2.pkl,Stage IIA,31.0,AA,Colon,Alive,,81.0,,,No,No,No,1.0,1.0,31.0,31.0,IIA,coad
TCGA-AA-3519,TCGA-AA-3519-01A-01-BS1.pkl,Stage III,276.0,AA,Colon,Alive,,63.0,,,No,No,No,1.0,1.0,276.0,276.0,III,coad
TCGA-AA-3520,TCGA-AA-3520-01A-01-BS1.pkl,Stage II,731.0,AA,Colon,Alive,,86.0,,,No,No,No,1.0,1.0,731.0,731.0,II,coad
TCGA-AA-3522,TCGA-AA-3522-01A-01-TS1.pkl,Stage IIA,1127.0,AA,Colon,Alive,,67.0,,,No,No,No,1.0,1.0,1127.0,1127.0,IIA,coad
TCGA-AA-3524,TCGA-AA-3524-01A-02-BS2.pkl,Stage II,1096.0,AA,Colon,Alive,,85.0,,,No,No,No,1.0,1.0,1096.0,1096.0,II,coad
TCGA-AA-3525,TCGA-AA-3525-01A-01-BS1.pkl,Stage IIIB,1.0,AA,Colon,Alive,,89.0,,,No,No,No,1.0,1.0,1.0,1.0,IIIB,coad
TCGA-AA-3526,TCGA-AA-3526-01A-01-BS1.pkl,Stage I,580.0,AA,Colon,Alive,,57.0,,,No,No,No,1.0,1.0,580.0,580.0,I,coad
TCGA-AA-3527,TCGA-AA-3527-01A-01-TS1.pkl,Stage IIA,0.0,AA,Colon,Alive,,89.0,,,No,No,No,1.0,1.0,0.0,0.0,IIA,coad
TCGA-AA-3529,TCGA-AA-3529-01A-01-BS1.pkl,Stage IIIC,0.0,AA,Colon,Dead,0.0,78.0,,,No,No,No,0.0,1.0,0.0,0.0,IIIC,coad
TCGA-AA-3530,TCGA-AA-3530-01A-01-TS1.pkl,Stage I,580.0,AA,Colon,Alive,,80.0,,,No,No,No,1.0,1.0,580.0,580.0,I,coad
TCGA-AA-3531,TCGA-AA-3531-01A-01-BS1.pkl,Stage IIA,1035.0,AA,Colon,Alive,,75.0,,,No,No,No,1.0,1.0,1035.0,1035.0,IIA,coad
TCGA-AA-3532,TCGA-AA-3532-01A-01-TS1.pkl,Stage IIA,882.0,AA,Colon,Alive,,63.0,,,No,No,No,1.0,1.0,882.0,882.0,IIA,coad
TCGA-AA-3534,TCGA-AA-3534-01A-01-BS1.pkl,Stage IIA,882.0,AA,Colon,Alive,,77.0,,,No,No,No,1.0,1.0,882.0,882.0,IIA,coad
TCGA-AA-3538,TCGA-AA-3538-01A-01-BS1.pkl,Stage I,791.0,AA,Colon,Alive,,54.0,,,No,No,No,1.0,1.0,791.0,791.0,I,coad
TCGA-AA-3542,TCGA-AA-3542-01A-02-BS2.pkl,Stage IIIC,395.0,AA,Colon,Alive,,69.0,,,No,No,No,1.0,1.0,395.0,395.0,IIIC,coad
TCGA-AA-3543,TCGA-AA-3543-01A-01-TS1.pkl,Stage I,30.0,AA,Colon,Alive,,84.0,,,No,No,No,1.0,1.0,30.0,30.0,I,coad
TCGA-AA-3544,TCGA-AA-3544-01A-01-BS1.pkl,Stage I,426.0,AA,Colon,Alive,,68.0,,,No,No,No,1.0,1.0,426.0,426.0,I,coad
TCGA-AA-3548,TCGA-AA-3548-01A-01-TS1.pkl,Stage IIIC,1034.0,AA,Colon,Alive,,71.0,,,No,No,No,1.0,1.0,1034.0,1034.0,IIIC,coad
TCGA-AA-3549,TCGA-AA-3549-01A-01-BS1.pkl,Stage I,639.0,AA,Colon,Alive,,69.0,,,No,No,No,1.0,1.0,639.0,639.0,I,coad
TCGA-AA-3552,TCGA-AA-3552-01A-01-BS1.pkl,Stage IIIC,396.0,AA,Colon,Dead,396.0,85.0,,122.0,Yes,No,Yes,0.0,1.0,396.0,396.0,IIIC,coad
TCGA-AA-3553,TCGA-AA-3553-01A-01-BS1.pkl,Stage I,730.0,AA,Colon,Alive,,61.0,,,No,No,No,1.0,1.0,730.0,730.0,I,coad
TCGA-AA-3554,TCGA-AA-3554-01A-01-BS1.pkl,Stage IIA,546.0,AA,Colon,Alive,,62.0,,,No,No,No,1.0,1.0,546.0,546.0,IIA,coad
TCGA-AA-3555,TCGA-AA-3555-01A-01-TS1.pkl,Stage IIA,911.0,AA,Colon,Alive,,81.0,,91.0,Yes,No,Yes,1.0,1.0,911.0,911.0,IIA,coad
TCGA-AA-3556,TCGA-AA-3556-01A-01-TS1.pkl,Stage I,700.0,AA,Colon,Alive,,78.0,,,No,No,No,1.0,1.0,700.0,700.0,I,coad
TCGA-AA-3558,TCGA-AA-3558-01A-01-TS1.pkl,Stage I,638.0,AA,Colon,Alive,,70.0,,92.0,Yes,No,Yes,1.0,1.0,638.0,638.0,I,coad
TCGA-AA-3560,TCGA-AA-3560-01A-01-BS1.pkl,Stage IIIC,608.0,AA,Colon,Alive,,72.0,,,No,No,No,1.0,1.0,608.0,608.0,IIIC,coad
TCGA-AA-3561,TCGA-AA-3561-01A-01-TS1.pkl,Stage IIA,424.0,AA,Colon,Alive,,72.0,,,No,No,No,1.0,1.0,424.0,424.0,IIA,coad
TCGA-AA-3562,TCGA-AA-3562-01A-02-BS2.pkl,Stage IIIC,608.0,AA,Colon,Alive,,82.0,,,No,No,No,1.0,1.0,608.0,608.0,IIIC,coad
TCGA-AA-3655,TCGA-AA-3655-01A-02-BS2.pkl,Stage II,1856.0,AA,Colon,Alive,,68.0,,,No,No,No,1.0,1.0,1856.0,1856.0,II,coad
TCGA-AA-3660,TCGA-AA-3660-01A-01-TS1.pkl,Stage II,2375.0,AA,Colon,Alive,,51.0,,,No,No,No,1.0,1.0,2375.0,2375.0,II,coad
TCGA-AA-3662,TCGA-AA-3662-01A-01-BS1.pkl,Stage IV,184.0,AA,Colon,Alive,,80.0,,,No,No,No,1.0,1.0,184.0,184.0,IV,coad
TCGA-AA-3663,TCGA-AA-3663-01A-01-TS1.pkl,Stage II,212.0,AA,Colon,Alive,,42.0,,,No,No,No,1.0,1.0,212.0,212.0,II,coad
TCGA-AA-3664,TCGA-AA-3664-01A-01-BS1.pkl,Stage II,1643.0,AA,Colon,Alive,,74.0,,,No,No,No,1.0,1.0,1643.0,1643.0,II,coad
TCGA-AA-3666,TCGA-AA-3666-01A-02-BS2.pkl,Stage III,61.0,AA,Colon,Dead,61.0,68.0,,,No,No,No,0.0,1.0,61.0,61.0,III,coad
TCGA-AA-3667,TCGA-AA-3667-01A-01-TS1.pkl,Stage I,426.0,AA,Colon,Alive,,36.0,,,No,No,No,1.0,1.0,426.0,426.0,I,coad
TCGA-AA-3672,TCGA-AA-3672-01A-01-BS1.pkl,Stage III,0.0,AA,Colon,Alive,,89.0,,,No,No,No,1.0,1.0,0.0,0.0,III,coad
TCGA-AA-3673,TCGA-AA-3673-01A-01-BS1.pkl,Stage II,1522.0,AA,Colon,Alive,,53.0,,,No,No,No,1.0,1.0,1522.0,1522.0,II,coad
TCGA-AA-3675,TCGA-AA-3675-01A-02-BS2.pkl,Stage II,1431.0,AA,Colon,Alive,,84.0,,,No,No,No,1.0,1.0,1431.0,1431.0,II,coad
TCGA-AA-3678,TCGA-AA-3678-01A-01-BS1.pkl,Stage III,1430.0,AA,Colon,Alive,,60.0,,,No,No,No,1.0,1.0,1430.0,1430.0,III,coad
TCGA-AA-3679,TCGA-AA-3679-01A-02-BS2.pkl,Stage IV,457.0,AA,Colon,Alive,,59.0,,,No,No,No,1.0,1.0,457.0,457.0,IV,coad
TCGA-AA-3680,TCGA-AA-3680-01A-01-BS1.pkl,Stage IV,335.0,AA,Colon,Dead,335.0,67.0,,,No,No,No,0.0,1.0,335.0,335.0,IV,coad
TCGA-AA-3681,TCGA-AA-3681-01A-01-BS1.pkl,Stage III,182.0,AA,Colon,Alive,,77.0,,,No,No,No,1.0,1.0,182.0,182.0,III,coad
TCGA-AA-3684,TCGA-AA-3684-01A-02-BS2.pkl,Stage IV,0.0,AA,Colon,Alive,,64.0,,,No,No,No,1.0,1.0,0.0,0.0,IV,coad
TCGA-AA-3685,TCGA-AA-3685-01A-01-BS1.pkl,Stage II,1127.0,AA,Colon,Alive,,69.0,,,No,No,No,1.0,1.0,1127.0,1127.0,II,coad
TCGA-AA-3688,TCGA-AA-3688-01A-01-TS1.pkl,Stage IV,578.0,AA,Colon,Alive,,80.0,,,No,No,No,1.0,1.0,578.0,578.0,IV,coad
TCGA-AA-3692,TCGA-AA-3692-01A-01-TS1.pkl,Stage IV,1095.0,AA,Colon,Dead,1095.0,47.0,,396.0,Yes,No,Yes,0.0,1.0,1095.0,1095.0,IV,coad
TCGA-AA-3693,TCGA-AA-3693-01A-01-BS1.pkl,Stage IV,0.0,AA,Colon,Alive,,77.0,,,No,No,No,1.0,1.0,0.0,0.0,IV,coad
TCGA-AA-3695,TCGA-AA-3695-01A-01-TS1.pkl,Stage IV,0.0,AA,Colon,Alive,,63.0,,,No,No,No,1.0,1.0,0.0,0.0,IV,coad
TCGA-AA-3696,TCGA-AA-3696-01A-01-TS1.pkl,Stage IV,153.0,AA,Colon,Dead,153.0,75.0,,,No,No,No,0.0,1.0,153.0,153.0,IV,coad
TCGA-AA-3697,TCGA-AA-3697-01A-01-BS1.pkl,Stage II,2587.0,AA,Colon,Alive,,77.0,,,No,No,No,1.0,1.0,2587.0,2587.0,II,coad
TCGA-AA-3710,TCGA-AA-3710-01A-01-TS1.pkl,Stage IIA,821.0,AA,Colon,Alive,,80.0,,,No,No,No,1.0,1.0,821.0,821.0,IIA,coad
TCGA-AA-3712,TCGA-AA-3712-01A-01-BS1.pkl,Stage III,0.0,AA,Colon,Alive,,65.0,,,No,No,No,1.0,1.0,0.0,0.0,III,coad
TCGA-AA-3713,TCGA-AA-3713-01A-02-BS2.pkl,Stage IV,579.0,AA,Colon,Alive,,68.0,,,No,No,No,1.0,1.0,579.0,579.0,IV,coad
TCGA-AA-3715,TCGA-AA-3715-01A-01-TS1.pkl,Stage II,579.0,AA,Colon,Dead,579.0,77.0,,153.0,Yes,No,Yes,0.0,1.0,579.0,579.0,II,coad
TCGA-AA-3811,TCGA-AA-3811-01A-01-BS1.pkl,Stage III,306.0,AA,Colon,Dead,306.0,84.0,,,No,No,No,0.0,1.0,306.0,306.0,III,coad
TCGA-AA-3812,TCGA-AA-3812-01A-01-BS1.pkl,Stage IIA,1066.0,AA,Colon,Alive,,82.0,,762.0,Yes,No,Yes,1.0,1.0,1066.0,1066.0,IIA,coad
TCGA-AA-3814,TCGA-AA-3814-01A-01-TS1.pkl,Stage IIA,0.0,AA,Colon,Alive,,85.0,,,No,No,No,1.0,1.0,0.0,0.0,IIA,coad
TCGA-AA-3815,TCGA-AA-3815-01A-01-BS1.pkl,Stage IIA,1005.0,AA,Colon,Alive,,65.0,,,No,No,No,1.0,1.0,1005.0,1005.0,IIA,coad
TCGA-AA-3818,TCGA-AA-3818-01A-01-TS1.pkl,Stage IIA,30.0,AA,Colon,Dead,30.0,78.0,,,No,No,No,0.0,1.0,30.0,30.0,IIA,coad
TCGA-AA-3819,TCGA-AA-3819-01A-01-TS1.pkl,Stage IIA,761.0,AA,Colon,Alive,,41.0,,,No,No,No,1.0,1.0,761.0,761.0,IIA,coad
TCGA-AA-3821,TCGA-AA-3821-01A-01-TS1.pkl,Stage I,31.0,AA,Colon,Alive,,81.0,,,No,No,No,1.0,1.0,31.0,31.0,I,coad
TCGA-AA-3831,TCGA-AA-3831-01A-01-TS1.pkl,Stage IIA,547.0,AA,Colon,Alive,,66.0,,,No,No,No,1.0,1.0,547.0,547.0,IIA,coad
TCGA-AA-3833,TCGA-AA-3833-01A-01-BS1.pkl,Stage IIA,485.0,AA,Colon,Alive,,63.0,,,No,No,No,1.0,1.0,485.0,485.0,IIA,coad
TCGA-AA-3837,TCGA-AA-3837-01A-01-BS1.pkl,Stage IIA,1186.0,AA,Colon,Alive,,67.0,,,No,No,No,1.0,1.0,1186.0,1186.0,IIA,coad
TCGA-AA-3841,TCGA-AA-3841-01A-01-BS1.pkl,Stage IIA,1124.0,AA,Colon,Alive,,66.0,,,No,No,No,1.0,1.0,1124.0,1124.0,IIA,coad
TCGA-AA-3842,TCGA-AA-3842-01A-01-BS1.pkl,Stage IIIA,1126.0,AA,Colon,Alive,,51.0,,396.0,Yes,No,Yes,1.0,1.0,1126.0,1126.0,IIIA,coad
TCGA-AA-3844,TCGA-AA-3844-01A-01-BS1.pkl,Stage IIIC,454.0,AA,Colon,Alive,,78.0,,365.0,Yes,No,Yes,1.0,1.0,454.0,454.0,IIIC,coad
TCGA-AA-3845,TCGA-AA-3845-01A-01-BS1.pkl,Stage IIA,0.0,AA,Colon,Dead,0.0,86.0,,,No,No,No,0.0,1.0,0.0,0.0,IIA,coad
TCGA-AA-3846,TCGA-AA-3846-01A-01-BS1.pkl,Stage IIA,518.0,AA,Colon,Alive,,74.0,,,No,No,No,1.0,1.0,518.0,518.0,IIA,coad
TCGA-AA-3848,TCGA-AA-3848-01A-01-BS1.pkl,Stage IIIC,306.0,AA,Colon,Dead,306.0,82.0,,,No,No,No,0.0,1.0,306.0,306.0,IIIC,coad
TCGA-AA-3850,TCGA-AA-3850-01A-01-TS1.pkl,Stage I,0.0,AA,Colon,Dead,0.0,74.0,,,No,No,No,0.0,1.0,0.0,0.0,I,coad
TCGA-AA-3851,TCGA-AA-3851-01A-01-TS1.pkl,Stage IIA,1006.0,AA,Colon,Alive,,74.0,,,No,No,No,1.0,1.0,1006.0,1006.0,IIA,coad
TCGA-AA-3852,TCGA-AA-3852-01A-01-BS1.pkl,Stage IIA,0.0,AA,Colon,Dead,0.0,88.0,,,No,No,No,0.0,1.0,0.0,0.0,IIA,coad
TCGA-AA-3854,TCGA-AA-3854-01A-01-BS1.pkl,Stage I,1096.0,AA,Colon,Alive,,71.0,,,No,No,No,1.0,1.0,1096.0,1096.0,I,coad
TCGA-AA-3855,TCGA-AA-3855-01A-01-TS1.pkl,Stage I,975.0,AA,Colon,Alive,,72.0,,,No,No,No,1.0,1.0,975.0,975.0,I,coad
TCGA-AA-3856,TCGA-AA-3856-01A-01-BS1.pkl,Stage IIA,30.0,AA,Colon,Alive,,59.0,,,No,No,No,1.0,1.0,30.0,30.0,IIA,coad
TCGA-AA-3858,TCGA-AA-3858-01A-01-TS1.pkl,Stage I,945.0,AA,Colon,Alive,,67.0,,,No,No,No,1.0,1.0,945.0,945.0,I,coad
TCGA-AA-3860,TCGA-AA-3860-01A-01-BS1.pkl,Stage IIIB,945.0,AA,Colon,Alive,,53.0,,,No,No,No,1.0,1.0,945.0,945.0,IIIB,coad
TCGA-AA-3861,TCGA-AA-3861-01A-01-BS1.pkl,Stage IIA,914.0,AA,Colon,Alive,,72.0,,,No,No,No,1.0,1.0,914.0,914.0,IIA,coad
TCGA-AA-3862,TCGA-AA-3862-01A-01-TS1.pkl,Stage IIA,914.0,AA,Colon,Alive,,82.0,,,No,No,No,1.0,1.0,914.0,914.0,IIA,coad
TCGA-AA-3864,TCGA-AA-3864-01A-01-BS1.pkl,Stage II,1612.0,AA,Colon,Alive,,71.0,,,No,No,No,1.0,1.0,1612.0,1612.0,II,coad
TCGA-AA-3866,TCGA-AA-3866-01A-01-TS1.pkl,Stage I,518.0,AA,Colon,Alive,,78.0,,,No,No,No,1.0,1.0,518.0,518.0,I,coad
TCGA-AA-3867,TCGA-AA-3867-01A-01-TS1.pkl,Stage IV,731.0,AA,Colon,Alive,,73.0,,394.0,Yes,No,Yes,1.0,1.0,731.0,731.0,IV,coad
TCGA-AA-3869,TCGA-AA-3869-01A-01-BS1.pkl,Stage IV,822.0,AA,Colon,Dead,822.0,76.0,,,No,No,No,0.0,1.0,822.0,822.0,IV,coad
TCGA-AA-3870,TCGA-AA-3870-01A-01-TS1.pkl,Stage IV,912.0,AA,Colon,Alive,,71.0,,,No,No,No,1.0,1.0,912.0,912.0,IV,coad
TCGA-AA-3872,TCGA-AA-3872-01A-01-BS1.pkl,Stage IV,0.0,AA,Colon,Alive,,45.0,,,No,No,No,1.0,1.0,0.0,0.0,IV,coad
TCGA-AA-3875,TCGA-AA-3875-01A-01-TS1.pkl,Stage I,549.0,AA,Colon,Alive,,78.0,,,No,No,No,1.0,1.0,549.0,549.0,I,coad
TCGA-AA-3877,TCGA-AA-3877-01A-01-TS1.pkl,Stage I,943.0,AA,Colon,Alive,,83.0,,,No,No,No,1.0,1.0,943.0,943.0,I,coad
TCGA-AA-3930,TCGA-AA-3930-01A-01-BS1.pkl,Stage IV,61.0,AA,Colon,Dead,61.0,66.0,,,No,No,No,0.0,1.0,61.0,61.0,IV,coad
TCGA-AA-3939,TCGA-AA-3939-01A-01-TS1.pkl,Stage IIA,395.0,AA,Colon,Alive,,83.0,,,No,No,No,1.0,1.0,395.0,395.0,IIA,coad
TCGA-AA-3941,TCGA-AA-3941-01A-01-BS1.pkl,Stage IVA,730.0,AA,Colon,Alive,,84.0,,,No,No,No,1.0,1.0,730.0,730.0,IVA,coad
TCGA-AA-3947,TCGA-AA-3947-01A-01-TS1.pkl,Stage IIB,1004.0,AA,Colon,Alive,,60.0,,,No,No,No,1.0,1.0,1004.0,1004.0,IIB,coad
TCGA-AA-3949,TCGA-AA-3949-01A-01-BS1.pkl,Stage IIIB,791.0,AA,Colon,Alive,,87.0,,,No,No,No,1.0,1.0,791.0,791.0,IIIB,coad
TCGA-AA-3950,TCGA-AA-3950-01A-02-BS2.pkl,Stage IIA,730.0,AA,Colon,Alive,,79.0,,,No,No,No,1.0,1.0,730.0,730.0,IIA,coad
TCGA-AA-3952,TCGA-AA-3952-01A-01-BS1.pkl,Stage IIIC,61.0,AA,Colon,Dead,61.0,68.0,,,No,No,No,0.0,1.0,61.0,61.0,IIIC,coad
TCGA-AA-3955,TCGA-AA-3955-01A-01-BS1.pkl,Stage IIIB,638.0,AA,Colon,Alive,,38.0,,,No,No,No,1.0,1.0,638.0,638.0,IIIB,coad
TCGA-AA-3956,TCGA-AA-3956-01A-02-BS2.pkl,Stage IIA,1035.0,AA,Colon,Alive,,65.0,,,No,No,No,1.0,1.0,1035.0,1035.0,IIA,coad
TCGA-AA-3966,TCGA-AA-3966-01A-01-BS1.pkl,Stage IIA,61.0,AA,Colon,Alive,,89.0,,,No,No,No,1.0,1.0,61.0,61.0,IIA,coad
TCGA-AA-3967,TCGA-AA-3967-01A-01-BS1.pkl,Stage IIIB,943.0,AA,Colon,Alive,,77.0,,,No,No,No,1.0,1.0,943.0,943.0,IIIB,coad
TCGA-AA-3968,TCGA-AA-3968-01A-01-BS1.pkl,Stage I,669.0,AA,Colon,Alive,,55.0,,,No,No,No,1.0,1.0,669.0,669.0,I,coad
TCGA-AA-3970,TCGA-AA-3970-01A-01-TS1.pkl,Stage IIA,1096.0,AA,Colon,Alive,,64.0,,,No,No,No,1.0,1.0,1096.0,1096.0,IIA,coad
TCGA-AA-3971,TCGA-AA-3971-01A-01-TS1.pkl,Stage III,489.0,AA,Colon,Alive,,58.0,,,No,No,No,1.0,1.0,489.0,489.0,III,coad
TCGA-AA-3972,TCGA-AA-3972-01A-01-BS1.pkl,Stage IV,1551.0,AA,Colon,Alive,,72.0,,1216.0,Yes,No,Yes,1.0,1.0,1551.0,1551.0,IV,coad
TCGA-AA-3973,TCGA-AA-3973-01A-01-TS1.pkl,Stage IV,397.0,AA,Colon,Alive,,69.0,,,No,No,No,1.0,1.0,397.0,397.0,IV,coad
TCGA-AA-3975,TCGA-AA-3975-01A-01-BS1.pkl,Stage I,1036.0,AA,Colon,Alive,,80.0,,,No,No,No,1.0,1.0,1036.0,1036.0,I,coad
TCGA-AA-3976,TCGA-AA-3976-01A-01-BS1.pkl,Stage IIIA,791.0,AA,Rectosigmoid junction,Alive,,70.0,,,No,No,No,1.0,1.0,791.0,791.0,IIIA,coad
TCGA-AA-3979,TCGA-AA-3979-01A-01-TS1.pkl,Stage IIA,730.0,AA,Colon,Alive,,84.0,,,No,No,No,1.0,1.0,730.0,730.0,IIA,coad
TCGA-AA-3980,TCGA-AA-3980-01A-01-BS1.pkl,Stage I,242.0,AA,Colon,Alive,,89.0,,,No,No,No,1.0,1.0,242.0,242.0,I,coad
TCGA-AA-3982,TCGA-AA-3982-01A-02-BS2.pkl,Stage IIIB,822.0,AA,Colon,Alive,,75.0,,,No,No,No,1.0,1.0,822.0,822.0,IIIB,coad
TCGA-AA-3984,TCGA-AA-3984-01A-01-BS1.pkl,Stage IIA,0.0,AA,Colon,Alive,,61.0,,,No,No,No,1.0,1.0,0.0,0.0,IIA,coad
TCGA-AA-3986,TCGA-AA-3986-01A-02-BS2.pkl,Stage I,580.0,AA,Colon,Alive,,73.0,,,No,No,No,1.0,1.0,580.0,580.0,I,coad
TCGA-AA-3989,TCGA-AA-3989-01A-01-BS1.pkl,Stage IV,242.0,AA,Colon,Dead,242.0,84.0,,,No,No,No,0.0,1.0,242.0,242.0,IV,coad
TCGA-AA-3994,TCGA-AA-3994-01A-01-BS1.pkl,Stage IIIB,822.0,AA,Colon,Alive,,69.0,,,No,No,No,1.0,1.0,822.0,822.0,IIIB,coad
TCGA-AA-A004,TCGA-AA-A004-01A-01-TS1.pkl,Stage IIA,424.0,AA,Colon,Alive,,76.0,,,No,No,No,1.0,1.0,424.0,424.0,IIA,coad
TCGA-AA-A00A,TCGA-AA-A00A-01A-01-TS1.pkl,Stage IIA,1157.0,AA,Colon,Alive,,80.0,,,No,No,No,1.0,1.0,1157.0,1157.0,IIA,coad
TCGA-AA-A00D,TCGA-AA-A00D-01A-01-BS1.pkl,Stage I,578.0,AA,Colon,Alive,,70.0,,,No,No,No,1.0,1.0,578.0,578.0,I,coad
TCGA-AA-A00E,TCGA-AA-A00E-01A-01-BS1.pkl,Stage IIA,913.0,AA,Colon,Alive,,64.0,,,No,No,No,1.0,1.0,913.0,913.0,IIA,coad
TCGA-AA-A00F,TCGA-AA-A00F-01A-01-TS1.pkl,Stage IIIC,1035.0,AA,Colon,Alive,,66.0,,,No,No,No,1.0,1.0,1035.0,1035.0,IIIC,coad
TCGA-AA-A00J,TCGA-AA-A00J-01A-03-BS3.pkl,Stage IIIB,549.0,AA,Colon,Alive,,80.0,,,No,No,No,1.0,1.0,549.0,549.0,IIIB,coad
TCGA-AA-A00K,TCGA-AA-A00K-01A-01-BS1.pkl,Stage IIA,549.0,AA,Colon,Alive,,79.0,,,No,No,No,1.0,1.0,549.0,549.0,IIA,coad
TCGA-AA-A00L,TCGA-AA-A00L-01A-01-BS1.pkl,Stage IIA,1157.0,AA,Colon,Alive,,66.0,,,No,No,No,1.0,1.0,1157.0,1157.0,IIA,coad
TCGA-AA-A00N,TCGA-AA-A00N-01A-02-BS2.pkl,Stage IIB,122.0,AA,Colon,Dead,122.0,75.0,,,No,No,No,0.0,1.0,122.0,122.0,IIB,coad
TCGA-AA-A00O,TCGA-AA-A00O-01A-01-MS1.pkl,Stage IIIC,822.0,AA,Colon,Alive,,83.0,,,No,No,No,1.0,1.0,822.0,822.0,IIIC,coad
TCGA-AA-A00Q,TCGA-AA-A00Q-01A-03-TS3.pkl,Stage IIIB,1278.0,AA,Colon,Alive,,66.0,,,No,No,No,1.0,1.0,1278.0,1278.0,IIIB,coad
TCGA-AA-A00R,TCGA-AA-A00R-01A-01-TS1.pkl,Stage I,30.0,AA,Colon,Alive,,64.0,,,No,No,No,1.0,1.0,30.0,30.0,I,coad
TCGA-AA-A00U,TCGA-AA-A00U-01A-01-TS1.pkl,Stage IIIB,518.0,AA,Colon,Alive,,50.0,,,No,No,No,1.0,1.0,518.0,518.0,IIIB,coad
TCGA-AA-A00W,TCGA-AA-A00W-01A-02-BS2.pkl,Stage I,456.0,AA,Colon,Alive,,80.0,,,No,No,No,1.0,1.0,456.0,456.0,I,coad
TCGA-AA-A00Z,TCGA-AA-A00Z-01A-01-BS1.pkl,Stage IIA,669.0,AA,Colon,Alive,,70.0,,,No,No,No,1.0,1.0,669.0,669.0,IIA,coad
TCGA-AA-A010,TCGA-AA-A010-01A-05-BS5.pkl,Stage IIB,1064.0,AA,Colon,Alive,,46.0,,,No,No,No,1.0,1.0,1064.0,1064.0,IIB,coad
TCGA-AA-A017,TCGA-AA-A017-01A-01-MS1.pkl,Stage IIA,457.0,AA,Colon,Alive,,57.0,,,No,No,No,1.0,1.0,457.0,457.0,IIA,coad
TCGA-AA-A01C,TCGA-AA-A01C-01A-01-MS1.pkl,Stage IIIA,457.0,AA,Colon,Alive,,75.0,,,No,No,No,1.0,1.0,457.0,457.0,IIIA,coad
TCGA-AA-A01D,TCGA-AA-A01D-01A-01-BS1.pkl,Stage IIIC,334.0,AA,Rectosigmoid junction,Dead,334.0,47.0,,183.0,Yes,No,Yes,0.0,1.0,334.0,334.0,IIIC,coad
TCGA-AA-A01F,TCGA-AA-A01F-01A-01-TS1.pkl,Stage IIIB,974.0,AA,Colon,Alive,,72.0,,,No,No,No,1.0,1.0,974.0,974.0,IIIB,coad
TCGA-AA-A01G,TCGA-AA-A01G-01A-01-BS1.pkl,Stage IIA,365.0,AA,Colon,Alive,,63.0,,,No,No,No,1.0,1.0,365.0,365.0,IIA,coad
TCGA-AA-A01I,TCGA-AA-A01I-01A-02-BS2.pkl,Stage I,943.0,AA,Colon,Alive,,76.0,,,No,No,No,1.0,1.0,943.0,943.0,I,coad
TCGA-AA-A01K,TCGA-AA-A01K-01A-01-MS1.pkl,Stage IIIC,943.0,AA,Colon,Alive,,74.0,,,No,No,No,1.0,1.0,943.0,943.0,IIIC,coad
TCGA-AA-A01P,TCGA-AA-A01P-01A-02-BS2.pkl,Stage III,1158.0,AA,Colon,Dead,1158.0,80.0,,762.0,Yes,No,Yes,0.0,1.0,1158.0,1158.0,III,coad
TCGA-AA-A01Q,TCGA-AA-A01Q-01A-01-TS1.pkl,Stage II,31.0,AA,Colon,Alive,,48.0,,,No,No,No,1.0,1.0,31.0,31.0,II,coad
TCGA-AA-A01R,TCGA-AA-A01R-01A-02-BS2.pkl,Stage III,1065.0,AA,Colon,Alive,,47.0,,608.0,Yes,No,Yes,1.0,1.0,1065.0,1065.0,III,coad
TCGA-AA-A01S,TCGA-AA-A01S-01A-01-BS1.pkl,Stage III,31.0,AA,Colon,Alive,,47.0,,,No,No,No,1.0,1.0,31.0,31.0,III,coad
TCGA-AA-A01T,TCGA-AA-A01T-01A-02-BS2.pkl,Stage III,1005.0,AA,Colon,Alive,,63.0,,,No,No,No,1.0,1.0,1005.0,1005.0,III,coad
TCGA-AA-A01V,TCGA-AA-A01V-01A-02-BS2.pkl,Stage I,31.0,AA,Colon,Alive,,59.0,,,No,No,No,1.0,1.0,31.0,31.0,I,coad
TCGA-AA-A01X,TCGA-AA-A01X-01A-01-BS1.pkl,Stage III,791.0,AA,Colon,Alive,,80.0,,791.0,Yes,No,Yes,1.0,1.0,791.0,791.0,III,coad
TCGA-AA-A01Z,TCGA-AA-A01Z-01A-01-MS1.pkl,Stage II,1126.0,AA,Colon,Alive,,68.0,,1126.0,Yes,No,Yes,1.0,1.0,1126.0,1126.0,II,coad
TCGA-AA-A022,TCGA-AA-A022-01A-01-BS1.pkl,Stage II,0.0,AA,Colon,Alive,,88.0,,,No,No,No,1.0,1.0,0.0,0.0,II,coad
TCGA-AA-A024,TCGA-AA-A024-01A-01-MS1.pkl,Stage II,1188.0,AA,Colon,Dead,1188.0,81.0,,,No,No,No,0.0,1.0,1188.0,1188.0,II,coad
TCGA-AA-A029,TCGA-AA-A029-01A-01-TS1.pkl,Stage II,1581.0,AA,Colon,Alive,,67.0,,,No,No,No,1.0,1.0,1581.0,1581.0,II,coad
TCGA-AA-A02E,TCGA-AA-A02E-01A-01-TS1.pkl,Stage IV,90.0,AA,Colon,Dead,90.0,82.0,,,No,No,No,0.0,1.0,90.0,90.0,IV,coad
TCGA-AA-A02F,TCGA-AA-A02F-01A-02-BS2.pkl,Stage IV,1216.0,AA,Colon,Alive,,68.0,,,No,No,No,1.0,1.0,1216.0,1216.0,IV,coad
TCGA-AA-A02H,TCGA-AA-A02H-01A-03-BS3.pkl,Stage IV,61.0,AA,Colon,Dead,61.0,74.0,,,No,No,No,0.0,1.0,61.0,61.0,IV,coad
TCGA-AA-A02J,TCGA-AA-A02J-01A-02-BS2.pkl,Stage IV,153.0,AA,Colon,Dead,153.0,70.0,,,No,No,No,0.0,1.0,153.0,153.0,IV,coad
TCGA-AA-A02K,TCGA-AA-A02K-01A-02-BS2.pkl,Stage IV,426.0,AA,Colon,Dead,426.0,50.0,,306.0,Yes,No,Yes,0.0,1.0,426.0,426.0,IV,coad
TCGA-AA-A02O,TCGA-AA-A02O-01A-02-BS2.pkl,Stage II,28.0,AA,Colon,Alive,,82.0,,,No,No,No,1.0,1.0,28.0,28.0,II,coad
TCGA-AA-A02R,TCGA-AA-A02R-01A-02-BS2.pkl,Stage IIA,670.0,AA,Colon,Dead,670.0,84.0,,,No,No,No,0.0,1.0,670.0,670.0,IIA,coad
TCGA-AA-A02W,TCGA-AA-A02W-01A-01-TS1.pkl,Stage I,1247.0,AA,Colon,Alive,,73.0,,1005.0,Yes,No,Yes,1.0,1.0,1247.0,1247.0,I,coad
TCGA-AA-A02Y,TCGA-AA-A02Y-01A-04-TS4.pkl,Stage I,1216.0,AA,Colon,Alive,,73.0,,,No,No,No,1.0,1.0,1216.0,1216.0,I,coad
TCGA-AA-A03F,TCGA-AA-A03F-01A-01-MS1.pkl,Stage III,0.0,AA,Colon,Dead,0.0,89.0,,,No,No,No,0.0,1.0,0.0,0.0,III,coad
TCGA-AA-A03J,TCGA-AA-A03J-01A-02-BS2.pkl,Stage I,1246.0,AA,Colon,Alive,,65.0,,,No,No,No,1.0,1.0,1246.0,1246.0,I,coad
TCGA-AD-5900,TCGA-AD-5900-01A-01-TS1.pkl,Stage I,370.0,AD,Colon,Alive,,67.0,,,No,No,No,1.0,1.0,370.0,370.0,I,coad
TCGA-AD-6548,TCGA-AD-6548-01A-01-TS1.pkl,Stage I,650.0,AD,Colon,Alive,,81.0,,,No,No,No,1.0,1.0,650.0,650.0,I,coad
TCGA-AD-6888,TCGA-AD-6888-01A-01-TS1.pkl,Stage IIIB,472.0,AD,Colon,Dead,472.0,73.0,,343.0,Yes,No,Yes,0.0,1.0,472.0,472.0,IIIB,coad
TCGA-AD-6889,TCGA-AD-6889-01A-01-TS1.pkl,Stage IIA,2532.0,AD,Colon,Dead,2532.0,76.0,,1516.0,Yes,No,Yes,0.0,1.0,2532.0,2532.0,IIA,coad
TCGA-AD-6895,TCGA-AD-6895-01A-01-TS1.pkl,Stage IIIB,763.0,AD,Colon,Alive,,84.0,,,No,No,No,1.0,1.0,763.0,763.0,IIIB,coad
TCGA-AD-6899,TCGA-AD-6899-01A-01-TS1.pkl,Stage IIIC,176.0,AD,Colon,Dead,176.0,84.0,,,No,No,No,0.0,1.0,176.0,176.0,IIIC,coad
TCGA-AD-6965,TCGA-AD-6965-01A-01-TS1.pkl,Stage IIIC,805.0,AD,Colon,Alive,,62.0,,648.0,Yes,No,Yes,1.0,1.0,805.0,805.0,IIIC,coad
TCGA-AD-A5EJ,TCGA-AD-A5EJ-01A-01-TS1.pkl,Stage IIA,0.0,AD,Colon,Alive,,74.0,,,No,No,No,1.0,1.0,0.0,0.0,IIA,coad
TCGA-AD-A5EK,TCGA-AD-A5EK-01A-01-TS1.pkl,Stage I,500.0,AD,Colon,Alive,,51.0,,,No,No,No,1.0,1.0,500.0,500.0,I,coad
TCGA-AM-5820,TCGA-AM-5820-01A-01-BS1.pkl,Stage IVA,14.0,AM,Colon,Alive,,59.0,,,No,No,No,1.0,1.0,14.0,14.0,IVA,coad
TCGA-AM-5821,TCGA-AM-5821-01A-01-BS1.pkl,Stage IIA,28.0,AM,Colon,Alive,,68.0,,,No,No,No,1.0,1.0,28.0,28.0,IIA,coad
TCGA-AU-3779,TCGA-AU-3779-01A-01-BS1.pkl,Stage IIA,441.0,AU,Colon,Alive,,80.0,,,No,No,No,1.0,1.0,441.0,441.0,IIA,coad
TCGA-AU-6004,TCGA-AU-6004-01A-01-TS1.pkl,Stage I,824.0,AU,Colon,Alive,,69.0,,,No,No,No,1.0,1.0,824.0,824.0,I,coad
TCGA-AY-4070,TCGA-AY-4070-01A-01-BS1.pkl,Stage IIIC,496.0,AY,Colon,Dead,496.0,50.0,,186.0,Yes,No,Yes,0.0,1.0,496.0,496.0,IIIC,coad
TCGA-AY-4071,TCGA-AY-4071-01A-01-TS1.pkl,Stage I,29.0,AY,Colon,Dead,29.0,63.0,,,No,No,No,0.0,1.0,29.0,29.0,I,coad
TCGA-AY-5543,TCGA-AY-5543-01A-01-TS1.pkl,Stage IVA,1004.0,AY,Colon,Alive,,65.0,,,No,No,No,1.0,1.0,1004.0,1004.0,IVA,coad
TCGA-AY-6196,TCGA-AY-6196-01A-01-BS1.pkl,Stage IIIC,6.0,AY,Colon,Alive,,47.0,,,No,No,No,1.0,1.0,6.0,6.0,IIIC,coad
TCGA-AY-6197,TCGA-AY-6197-01A-01-BS1.pkl,Stage IIA,652.0,AY,Colon,Alive,,60.0,,,No,No,No,1.0,1.0,652.0,652.0,IIA,coad
TCGA-AY-6386,TCGA-AY-6386-01A-01-BS1.pkl,Stage IIIB,542.0,AY,Colon,Alive,,66.0,,,No,No,No,1.0,1.0,542.0,542.0,IIIB,coad
TCGA-AY-A54L,TCGA-AY-A54L-01A-01-TS1.pkl,Stage I,525.0,AY,Colon,Alive,,74.0,,396.0,Yes,No,Yes,1.0,1.0,525.0,525.0,I,coad
TCGA-AY-A69D,TCGA-AY-A69D-01A-01-TS1.pkl,Stage IIA,543.0,AY,Colon,Alive,,55.0,,,No,No,No,1.0,1.0,543.0,543.0,IIA,coad
TCGA-AY-A71X,TCGA-AY-A71X-01A-01-TS1.pkl,Stage I,588.0,AY,Colon,Alive,,54.0,,,No,No,No,1.0,1.0,588.0,588.0,I,coad
TCGA-AY-A8YK,TCGA-AY-A8YK-01A-01-TS1.pkl,Stage IVA,573.0,AY,Colon,Alive,,44.0,,,No,No,No,1.0,1.0,573.0,573.0,IVA,coad
TCGA-AZ-4308,TCGA-AZ-4308-01A-01-BS1.pkl,Stage IIIB,3324.0,AZ,Colon,Alive,,47.0,,,No,No,No,1.0,1.0,3324.0,3324.0,IIIB,coad
TCGA-AZ-4313,TCGA-AZ-4313-01A-01-TS1.pkl,Stage I,2310.0,AZ,Colon,Alive,,51.0,,,No,No,No,1.0,1.0,2310.0,2310.0,I,coad
TCGA-AZ-4315,TCGA-AZ-4315-01A-01-TS1.pkl,Stage IIA,1776.0,AZ,Colon,Alive,,61.0,,,No,No,No,1.0,1.0,1776.0,1776.0,IIA,coad
TCGA-AZ-4323,TCGA-AZ-4323-01A-02-BS2.pkl,Stage IV,43.0,AZ,Colon,Dead,43.0,37.0,,,No,No,No,0.0,1.0,43.0,43.0,IV,coad
TCGA-AZ-4614,TCGA-AZ-4614-01A-01-TS1.pkl,Stage IVA,172.0,AZ,Colon,Dead,172.0,71.0,,,No,No,No,0.0,1.0,172.0,172.0,IVA,coad
TCGA-AZ-4615,TCGA-AZ-4615-01A-01-BS1.pkl,Stage IIIB,1002.0,AZ,Colon,Alive,,84.0,,688.0,Yes,No,Yes,1.0,1.0,1002.0,1002.0,IIIB,coad
TCGA-AZ-4616,TCGA-AZ-4616-01A-01-BS1.pkl,Stage IV,156.0,AZ,Colon,Dead,156.0,82.0,,,No,No,No,0.0,1.0,156.0,156.0,IV,coad
TCGA-AZ-4681,TCGA-AZ-4681-01A-01-BS1.pkl,Stage IIA,3247.0,AZ,Colon,Alive,,79.0,,,No,No,No,1.0,1.0,3247.0,3247.0,IIA,coad
TCGA-AZ-4682,TCGA-AZ-4682-01B-01-TS1.pkl,Stage IVA,680.0,AZ,Rectosigmoid junction,Dead,680.0,61.0,,,No,No,No,0.0,1.0,680.0,680.0,IVA,coad
TCGA-AZ-4684,TCGA-AZ-4684-01A-01-BS1.pkl,Stage IVA,1977.0,AZ,Rectosigmoid junction,Alive,,49.0,,411.0,Yes,No,Yes,1.0,1.0,1977.0,1977.0,IVA,coad
TCGA-AZ-5403,TCGA-AZ-5403-01A-01-TS1.pkl,Stage II,1910.0,AZ,Colon,Dead,1910.0,43.0,,304.0,Yes,No,Yes,0.0,1.0,1910.0,1910.0,II,coad
TCGA-AZ-5407,TCGA-AZ-5407-01A-01-BS1.pkl,Stage I,2683.0,AZ,Colon,Alive,,51.0,,,No,No,No,1.0,1.0,2683.0,2683.0,I,coad
TCGA-AZ-6598,TCGA-AZ-6598-01A-01-BS1.pkl,Stage II,1503.0,AZ,Colon,Dead,1503.0,77.0,,,No,No,No,0.0,1.0,1503.0,1503.0,II,coad
TCGA-AZ-6599,TCGA-AZ-6599-01A-01-BS1.pkl,Stage I,206.0,AZ,Colon,Dead,206.0,72.0,,,No,No,No,0.0,1.0,206.0,206.0,I,coad
TCGA-AZ-6600,TCGA-AZ-6600-01A-01-TS1.pkl,Stage IV,368.0,AZ,Colon,Dead,368.0,64.0,,,No,No,No,0.0,1.0,368.0,368.0,IV,coad
TCGA-AZ-6601,TCGA-AZ-6601-01A-01-TS1.pkl,Stage II,3042.0,AZ,Colon,Dead,3042.0,68.0,,2270.0,Yes,No,Yes,0.0,1.0,3042.0,3042.0,II,coad
TCGA-AZ-6605,TCGA-AZ-6605-01A-01-TS1.pkl,Stage IIIB,159.0,AZ,Colon,Dead,159.0,77.0,,,No,No,No,0.0,1.0,159.0,159.0,IIIB,coad
TCGA-AZ-6606,TCGA-AZ-6606-01A-01-BS1.pkl,Stage IV,357.0,AZ,Colon,Dead,357.0,81.0,,,No,No,No,0.0,1.0,357.0,357.0,IV,coad
TCGA-AZ-6607,TCGA-AZ-6607-01A-01-TS1.pkl,Stage IV,97.0,AZ,Colon,Dead,97.0,69.0,,,No,No,No,0.0,1.0,97.0,97.0,IV,coad
TCGA-AZ-6608,TCGA-AZ-6608-01A-01-BS1.pkl,Stage IIIA,59.0,AZ,Colon,Dead,59.0,55.0,,,No,No,No,0.0,1.0,59.0,59.0,IIIA,coad
TCGA-CA-5254,TCGA-CA-5254-01A-02-BS2.pkl,Stage IIA,386.0,CA,Colon,Alive,,42.0,,,No,No,No,1.0,1.0,386.0,386.0,IIA,coad
TCGA-CA-5255,TCGA-CA-5255-01A-01-BS1.pkl,Stage IIA,376.0,CA,Colon,Alive,,45.0,,,No,No,No,1.0,1.0,376.0,376.0,IIA,coad
TCGA-CA-5256,TCGA-CA-5256-01A-01-TS1.pkl,Stage IIA,379.0,CA,Colon,Alive,,54.0,,,No,No,No,1.0,1.0,379.0,379.0,IIA,coad
TCGA-CA-5796,TCGA-CA-5796-01A-01-BS1.pkl,Stage IIA,377.0,CA,Colon,Alive,,52.0,,,No,No,No,1.0,1.0,377.0,377.0,IIA,coad
TCGA-CA-5797,TCGA-CA-5797-01A-01-TS1.pkl,Stage IIA,383.0,CA,Colon,Alive,,56.0,,,No,No,No,1.0,1.0,383.0,383.0,IIA,coad
TCGA-CA-6715,TCGA-CA-6715-01A-01-BS1.pkl,Stage IIIB,383.0,CA,Colon,Alive,,63.0,,,No,No,No,1.0,1.0,383.0,383.0,IIIB,coad
TCGA-CA-6716,TCGA-CA-6716-01A-01-BS1.pkl,Stage IIA,371.0,CA,Colon,Alive,,65.0,,,No,No,No,1.0,1.0,371.0,371.0,IIA,coad
TCGA-CA-6717,TCGA-CA-6717-01A-01-TS1.pkl,Stage IIA,388.0,CA,Colon,Alive,,57.0,,,No,No,No,1.0,1.0,388.0,388.0,IIA,coad
TCGA-CA-6718,TCGA-CA-6718-01A-01-TS1.pkl,Stage IIA,306.0,CA,Colon,Dead,306.0,46.0,,207.0,Yes,No,Yes,0.0,1.0,306.0,306.0,IIA,coad
TCGA-CA-6719,TCGA-CA-6719-01A-01-TS1.pkl,Stage IIA,435.0,CA,Colon,Alive,,77.0,,354.0,Yes,No,Yes,1.0,1.0,435.0,435.0,IIA,coad
TCGA-CK-4947,TCGA-CK-4947-01B-01-BS1.pkl,Stage IIIB,534.0,CK,Colon,Alive,,46.0,,21.0,Yes,No,Yes,1.0,1.0,534.0,534.0,IIIB,coad
TCGA-CK-4948,TCGA-CK-4948-01B-01-BS1.pkl,Stage III,4502.0,CK,Colon,Alive,,45.0,,,No,No,No,1.0,1.0,4502.0,4502.0,III,coad
TCGA-CK-4950,TCGA-CK-4950-01A-01-TS1.pkl,Stage IIIB,2599.0,CK,Colon,Alive,,68.0,,,No,No,No,1.0,1.0,2599.0,2599.0,IIIB,coad
TCGA-CK-4951,TCGA-CK-4951-01A-01-BS1.pkl,Stage IIA,2134.0,CK,Colon,Dead,2134.0,79.0,,480.0,Yes,No,Yes,0.0,1.0,2134.0,2134.0,IIA,coad
TCGA-CK-4952,TCGA-CK-4952-01A-01-BS1.pkl,Stage IIIC,475.0,CK,Colon,Alive,,48.0,,,No,No,No,1.0,1.0,475.0,475.0,IIIC,coad
TCGA-CK-5912,TCGA-CK-5912-01A-01-TS1.pkl,Stage I,1493.0,CK,Colon,Dead,1493.0,81.0,,,No,No,No,0.0,1.0,1493.0,1493.0,I,coad
TCGA-CK-5913,TCGA-CK-5913-01A-01-TS1.pkl,Stage IIA,1561.0,CK,Colon,Alive,,58.0,,,No,No,No,1.0,1.0,1561.0,1561.0,IIA,coad
TCGA-CK-5914,TCGA-CK-5914-01A-01-TS1.pkl,Stage IIIB,669.0,CK,Colon,Alive,,81.0,,,No,No,No,1.0,1.0,669.0,669.0,IIIB,coad
TCGA-CK-5915,TCGA-CK-5915-01A-01-TS1.pkl,Stage I,0.0,CK,Colon,Alive,,63.0,,,No,No,No,1.0,1.0,0.0,0.0,I,coad
TCGA-CK-5916,TCGA-CK-5916-01A-01-BS1.pkl,Stage I,643.0,CK,Colon,Dead,643.0,71.0,,292.0,Yes,No,Yes,0.0,1.0,643.0,643.0,I,coad
TCGA-CK-6746,TCGA-CK-6746-01A-01-TS1.pkl,Stage IIB,0.0,CK,Colon,Alive,,84.0,,,No,No,No,1.0,1.0,0.0,0.0,IIB,coad
TCGA-CK-6747,TCGA-CK-6747-01A-01-TS1.pkl,Stage IIA,820.0,CK,Colon,Alive,,87.0,,,No,No,No,1.0,1.0,820.0,820.0,IIA,coad
TCGA-CK-6748,TCGA-CK-6748-01A-01-BS1.pkl,Stage IV,61.0,CK,Colon,Alive,,45.0,,,No,No,No,1.0,1.0,61.0,61.0,IV,coad
TCGA-CK-6751,TCGA-CK-6751-01A-01-TS1.pkl,Stage I,518.0,CK,Colon,Alive,,88.0,,,No,No,No,1.0,1.0,518.0,518.0,I,coad
TCGA-CM-4743,TCGA-CM-4743-01A-01-BS1.pkl,Stage IIA,701.0,CM,Colon,Alive,,69.0,,,No,No,No,1.0,1.0,701.0,701.0,IIA,coad
TCGA-CM-4744,TCGA-CM-4744-01A-01-TS1.pkl,Stage I,609.0,CM,Colon,Alive,,69.0,,,No,No,No,1.0,1.0,609.0,609.0,I,coad
TCGA-CM-4746,TCGA-CM-4746-01A-01-BS1.pkl,Stage I,1126.0,CM,Colon,Alive,,61.0,,,No,No,No,1.0,1.0,1126.0,1126.0,I,coad
TCGA-CM-4748,TCGA-CM-4748-01A-01-BS1.pkl,Stage IIIB,792.0,CM,Colon,Alive,,53.0,,,No,No,No,1.0,1.0,792.0,792.0,IIIB,coad
TCGA-CM-4750,TCGA-CM-4750-01A-01-BS1.pkl,Stage IIIA,244.0,CM,Rectosigmoid junction,Alive,,34.0,,,No,No,No,1.0,1.0,244.0,244.0,IIIA,coad
TCGA-CM-4751,TCGA-CM-4751-01A-01-BS1.pkl,Stage IIIB,822.0,CM,Colon,Alive,,62.0,,,No,No,No,1.0,1.0,822.0,822.0,IIIB,coad
TCGA-CM-4752,TCGA-CM-4752-01A-01-TS1.pkl,Stage IIA,396.0,CM,Colon,Alive,,58.0,,,No,No,No,1.0,1.0,396.0,396.0,IIA,coad
TCGA-CM-5341,TCGA-CM-5341-01A-01-TS1.pkl,Stage IIIA,884.0,CM,Colon,Alive,,82.0,,,No,No,No,1.0,1.0,884.0,884.0,IIIA,coad
TCGA-CM-5344,TCGA-CM-5344-01A-02-BS2.pkl,Stage IIIB,670.0,CM,Colon,Alive,,39.0,,,No,No,No,1.0,1.0,670.0,670.0,IIIB,coad
TCGA-CM-5348,TCGA-CM-5348-01A-02-BS2.pkl,Stage IIIB,699.0,CM,Colon,Alive,,72.0,,,No,No,No,1.0,1.0,699.0,699.0,IIIB,coad
TCGA-CM-5349,TCGA-CM-5349-01A-01-BS1.pkl,Stage IIA,915.0,CM,Colon,Alive,,68.0,,,No,No,No,1.0,1.0,915.0,915.0,IIA,coad
TCGA-CM-5860,TCGA-CM-5860-01A-01-BS1.pkl,Stage IIA,974.0,CM,Colon,Alive,,44.0,,,No,No,No,1.0,1.0,974.0,974.0,IIA,coad
TCGA-CM-5861,TCGA-CM-5861-01A-01-TS1.pkl,Stage IIA,457.0,CM,Colon,Alive,,63.0,,335.0,Yes,No,Yes,1.0,1.0,457.0,457.0,IIA,coad
TCGA-CM-5862,TCGA-CM-5862-01A-01-TS1.pkl,Stage IVA,153.0,CM,Colon,Dead,153.0,80.0,,31.0,Yes,No,Yes,0.0,1.0,153.0,153.0,IVA,coad
TCGA-CM-5863,TCGA-CM-5863-01A-01-BS1.pkl,Stage IIIB,457.0,CM,Colon,Alive,,60.0,,,No,No,No,1.0,1.0,457.0,457.0,IIIB,coad
TCGA-CM-5864,TCGA-CM-5864-01A-01-TS1.pkl,Stage I,457.0,CM,Colon,Alive,,60.0,,,No,No,No,1.0,1.0,457.0,457.0,I,coad
TCGA-CM-5868,TCGA-CM-5868-01A-01-TS1.pkl,Stage IVA,518.0,CM,Colon,Alive,,59.0,,,No,No,No,1.0,1.0,518.0,518.0,IVA,coad
TCGA-CM-6161,TCGA-CM-6161-01A-01-TS1.pkl,Stage I,457.0,CM,Colon,Alive,,36.0,,,No,No,No,1.0,1.0,457.0,457.0,I,coad
TCGA-CM-6162,TCGA-CM-6162-01A-01-TS1.pkl,Stage IIIB,365.0,CM,Colon,Alive,,48.0,,,No,No,No,1.0,1.0,365.0,365.0,IIIB,coad
TCGA-CM-6163,TCGA-CM-6163-01A-01-TS1.pkl,Stage I,427.0,CM,Colon,Alive,,74.0,,,No,No,No,1.0,1.0,427.0,427.0,I,coad
TCGA-CM-6164,TCGA-CM-6164-01A-01-TS1.pkl,Stage IIA,883.0,CM,Colon,Alive,,46.0,,,No,No,No,1.0,1.0,883.0,883.0,IIA,coad
TCGA-CM-6165,TCGA-CM-6165-01A-01-BS1.pkl,Stage IIA,488.0,CM,Colon,Alive,,74.0,,,No,No,No,1.0,1.0,488.0,488.0,IIA,coad
TCGA-CM-6166,TCGA-CM-6166-01A-01-BS1.pkl,Stage I,669.0,CM,Colon,Alive,,48.0,,,No,No,No,1.0,1.0,669.0,669.0,I,coad
TCGA-CM-6167,TCGA-CM-6167-01A-01-TS1.pkl,Stage IIIC,456.0,CM,Colon,Alive,,57.0,,,No,No,No,1.0,1.0,456.0,456.0,IIIC,coad
TCGA-CM-6168,TCGA-CM-6168-01A-01-BS1.pkl,Stage IIA,395.0,CM,Colon,Alive,,84.0,,,No,No,No,1.0,1.0,395.0,395.0,IIA,coad
TCGA-CM-6169,TCGA-CM-6169-01A-01-TS1.pkl,Stage IIA,396.0,CM,Colon,Alive,,67.0,,,No,No,No,1.0,1.0,396.0,396.0,IIA,coad
TCGA-CM-6170,TCGA-CM-6170-01A-01-TS1.pkl,Stage I,457.0,CM,Colon,Alive,,72.0,,,No,No,No,1.0,1.0,457.0,457.0,I,coad
TCGA-CM-6171,TCGA-CM-6171-01A-01-BS1.pkl,Stage I,427.0,CM,Colon,Alive,,77.0,,,No,No,No,1.0,1.0,427.0,427.0,I,coad
TCGA-CM-6172,TCGA-CM-6172-01A-01-BS1.pkl,Stage IIIB,335.0,CM,Colon,Alive,,70.0,,,No,No,No,1.0,1.0,335.0,335.0,IIIB,coad
TCGA-CM-6674,TCGA-CM-6674-01A-01-BS1.pkl,Stage IIA,394.0,CM,Colon,Alive,,39.0,,,No,No,No,1.0,1.0,394.0,394.0,IIA,coad
TCGA-CM-6675,TCGA-CM-6675-01A-01-BS1.pkl,Stage IVB,397.0,CM,Colon,Alive,,35.0,,337.0,Yes,No,Yes,1.0,1.0,397.0,397.0,IVB,coad
TCGA-CM-6676,TCGA-CM-6676-01A-01-BS1.pkl,Stage I,337.0,CM,Colon,Alive,,82.0,,,No,No,No,1.0,1.0,337.0,337.0,I,coad
TCGA-CM-6677,TCGA-CM-6677-01A-01-TS1.pkl,Stage IIA,337.0,CM,Colon,Alive,,75.0,,,No,No,No,1.0,1.0,337.0,337.0,IIA,coad
TCGA-CM-6678,TCGA-CM-6678-01A-01-BS1.pkl,Stage IVA,335.0,CM,Colon,Alive,,63.0,0.0,,Yes,Yes,No,1.0,0.0,335.0,0.0,IVA,coad
TCGA-CM-6679,TCGA-CM-6679-01A-01-BS1.pkl,Stage IIA,306.0,CM,Colon,Alive,,58.0,,,No,No,No,1.0,1.0,306.0,306.0,IIA,coad
TCGA-CM-6680,TCGA-CM-6680-01A-01-BS1.pkl,Stage IIIB,366.0,CM,Colon,Alive,,78.0,,,No,No,No,1.0,1.0,366.0,366.0,IIIB,coad
TCGA-D5-5538,TCGA-D5-5538-01A-01-TS1.pkl,Stage IIIB,1661.0,D5,Colon,Dead,1661.0,60.0,,1007.0,Yes,No,Yes,0.0,1.0,1661.0,1661.0,IIIB,coad
TCGA-D5-5539,TCGA-D5-5539-01A-01-TS1.pkl,Stage IIIA,596.0,D5,Colon,Alive,,60.0,,579.0,Yes,No,Yes,1.0,1.0,596.0,596.0,IIIA,coad
TCGA-D5-5540,TCGA-D5-5540-01A-01-TS1.pkl,Stage IIA,1706.0,D5,Colon,Alive,,73.0,,,No,No,No,1.0,1.0,1706.0,1706.0,IIA,coad
TCGA-D5-5541,TCGA-D5-5541-01A-01-TS1.pkl,Stage IIIB,1701.0,D5,Colon,Alive,,63.0,,,No,No,No,1.0,1.0,1701.0,1701.0,IIIB,coad
TCGA-D5-6529,TCGA-D5-6529-01A-01-BS1.pkl,Stage IIA,614.0,D5,Colon,Alive,,69.0,,386.0,Yes,No,Yes,1.0,1.0,614.0,614.0,IIA,coad
TCGA-D5-6530,TCGA-D5-6530-01A-01-BS1.pkl,Stage I,621.0,D5,Colon,Alive,,53.0,,,No,No,No,1.0,1.0,621.0,621.0,I,coad
TCGA-D5-6531,TCGA-D5-6531-01A-01-BS1.pkl,Stage IIA,540.0,D5,Colon,Alive,,75.0,,,No,No,No,1.0,1.0,540.0,540.0,IIA,coad
TCGA-D5-6532,TCGA-D5-6532-01A-01-BS1.pkl,Stage IIA,555.0,D5,Colon,Alive,,61.0,,,No,No,No,1.0,1.0,555.0,555.0,IIA,coad
TCGA-D5-6534,TCGA-D5-6534-01A-01-BS1.pkl,Stage IIA,1316.0,D5,Colon,Alive,,62.0,,,No,No,No,1.0,1.0,1316.0,1316.0,IIA,coad
TCGA-D5-6535,TCGA-D5-6535-01A-01-BS1.pkl,Stage IIIB,460.0,D5,Colon,Alive,,80.0,,,No,No,No,1.0,1.0,460.0,460.0,IIIB,coad
TCGA-D5-6536,TCGA-D5-6536-01A-01-TS1.pkl,Stage IIA,543.0,D5,Colon,Alive,,73.0,493.0,493.0,Yes,Yes,Yes,1.0,0.0,543.0,493.0,IIA,coad
TCGA-D5-6537,TCGA-D5-6537-01A-01-BS1.pkl,Stage IIIB,146.0,D5,Colon,Dead,146.0,64.0,,123.0,Yes,No,Yes,0.0,1.0,146.0,146.0,IIIB,coad
TCGA-D5-6538,TCGA-D5-6538-01A-01-TS1.pkl,Stage IIIB,521.0,D5,Colon,Alive,,79.0,,,No,No,No,1.0,1.0,521.0,521.0,IIIB,coad
TCGA-D5-6540,TCGA-D5-6540-01A-01-BS1.pkl,Stage I,491.0,D5,Colon,Alive,,66.0,,,No,No,No,1.0,1.0,491.0,491.0,I,coad
TCGA-D5-6541,TCGA-D5-6541-01A-01-TS1.pkl,Stage IIA,474.0,D5,Colon,Alive,,49.0,,,No,No,No,1.0,1.0,474.0,474.0,IIA,coad
TCGA-D5-6898,TCGA-D5-6898-01A-01-TS1.pkl,Stage I,229.0,D5,Colon,Alive,,51.0,,,No,No,No,1.0,1.0,229.0,229.0,I,coad
TCGA-D5-6920,TCGA-D5-6920-01A-01-BS1.pkl,Stage IIA,377.0,D5,Colon,Alive,,76.0,,,No,No,No,1.0,1.0,377.0,377.0,IIA,coad
TCGA-D5-6922,TCGA-D5-6922-01A-01-BS1.pkl,Stage IIIA,308.0,D5,Colon,Alive,,76.0,,,No,No,No,1.0,1.0,308.0,308.0,IIIA,coad
TCGA-D5-6923,TCGA-D5-6923-01A-01-TS1.pkl,Stage I,378.0,D5,Colon,Alive,,57.0,,,No,No,No,1.0,1.0,378.0,378.0,I,coad
TCGA-D5-6924,TCGA-D5-6924-01A-01-TS1.pkl,Stage IIA,435.0,D5,Colon,Alive,,68.0,,,No,No,No,1.0,1.0,435.0,435.0,IIA,coad
TCGA-D5-6926,TCGA-D5-6926-01A-01-BS1.pkl,Stage IIIB,275.0,D5,Colon,Alive,,65.0,,,No,No,No,1.0,1.0,275.0,275.0,IIIB,coad
TCGA-D5-6927,TCGA-D5-6927-01A-01-BS1.pkl,Stage IIA,287.0,D5,Colon,Alive,,34.0,,,No,No,No,1.0,1.0,287.0,287.0,IIA,coad
TCGA-D5-6928,TCGA-D5-6928-01A-01-TS1.pkl,Stage IIA,354.0,D5,Colon,Alive,,80.0,,,No,No,No,1.0,1.0,354.0,354.0,IIA,coad
TCGA-D5-6929,TCGA-D5-6929-01A-03-BS3.pkl,Stage IV,408.0,D5,Colon,Alive,,49.0,,,No,No,No,1.0,1.0,408.0,408.0,IV,coad
TCGA-D5-6930,TCGA-D5-6930-01A-01-BS1.pkl,Stage IIA,406.0,D5,Colon,Alive,,67.0,,,No,No,No,1.0,1.0,406.0,406.0,IIA,coad
TCGA-D5-6931,TCGA-D5-6931-01A-01-TS1.pkl,Stage IIIC,365.0,D5,Colon,Alive,,77.0,,,No,No,No,1.0,1.0,365.0,365.0,IIIC,coad
TCGA-D5-6932,TCGA-D5-6932-01A-01-TS1.pkl,Stage IIA,346.0,D5,Colon,Alive,,69.0,,,No,No,No,1.0,1.0,346.0,346.0,IIA,coad
TCGA-D5-7000,TCGA-D5-7000-01A-01-BS1.pkl,Stage I,312.0,D5,Colon,Alive,,79.0,,,No,No,No,1.0,1.0,312.0,312.0,I,coad
TCGA-DM-A0X9,TCGA-DM-A0X9-01A-01-BS1.pkl,Stage IIA,3641.0,DM,Colon,Alive,,71.0,,,No,No,No,1.0,1.0,3641.0,3641.0,IIA,coad
TCGA-DM-A0XD,TCGA-DM-A0XD-01A-01-MS1.pkl,Stage IIA,743.0,DM,Colon,Dead,743.0,65.0,,484.0,Yes,No,Yes,0.0,1.0,743.0,743.0,IIA,coad
TCGA-DM-A0XF,TCGA-DM-A0XF-01A-01-TSA.pkl,Stage IIIC,1162.0,DM,Colon,Dead,1162.0,68.0,,,No,No,No,0.0,1.0,1162.0,1162.0,IIIC,coad
TCGA-DM-A1D0,TCGA-DM-A1D0-01A-01-TSA.pkl,Stage IIA,3974.0,DM,Colon,Alive,,79.0,,,No,No,No,1.0,1.0,3974.0,3974.0,IIA,coad
TCGA-DM-A1D4,TCGA-DM-A1D4-01A-02-TSB.pkl,Stage IIA,2821.0,DM,Colon,Dead,2821.0,80.0,,1920.0,Yes,No,Yes,0.0,1.0,2821.0,2821.0,IIA,coad
TCGA-DM-A1D6,TCGA-DM-A1D6-01A-02-TSB.pkl,Stage IIA,570.0,DM,Colon,Dead,570.0,88.0,,,No,No,No,0.0,1.0,570.0,570.0,IIA,coad
TCGA-DM-A1D7,TCGA-DM-A1D7-01A-01-TSA.pkl,Stage IIA,405.0,DM,Colon,Dead,405.0,82.0,,154.0,Yes,No,Yes,0.0,1.0,405.0,405.0,IIA,coad
TCGA-DM-A1D9,TCGA-DM-A1D9-01A-01-TSA.pkl,Stage IIA,4270.0,DM,Colon,Alive,,67.0,,,No,No,No,1.0,1.0,4270.0,4270.0,IIA,coad
TCGA-DM-A1DA,TCGA-DM-A1DA-01A-01-TSA.pkl,Stage IIIC,228.0,DM,Colon,Dead,228.0,71.0,,,No,No,No,0.0,1.0,228.0,228.0,IIIC,coad
TCGA-DM-A1DB,TCGA-DM-A1DB-01A-01-TSA.pkl,Stage IIA,1348.0,DM,Colon,Dead,1348.0,68.0,,,No,No,No,0.0,1.0,1348.0,1348.0,IIA,coad
TCGA-DM-A1HA,TCGA-DM-A1HA-01A-01-TSA.pkl,Stage IIIC,2600.0,DM,Colon,Alive,,82.0,,,No,No,No,1.0,1.0,2600.0,2600.0,IIIC,coad
TCGA-DM-A1HB,TCGA-DM-A1HB-01A-02-TSB.pkl,Stage IIIB,4126.0,DM,Colon,Alive,,75.0,,,No,No,No,1.0,1.0,4126.0,4126.0,IIIB,coad
TCGA-DM-A280,TCGA-DM-A280-01A-01-TSA.pkl,Stage IIA,236.0,DM,Colon,Dead,236.0,70.0,,,No,No,No,0.0,1.0,236.0,236.0,IIA,coad
TCGA-DM-A282,TCGA-DM-A282-01A-01-TSA.pkl,Stage IIA,4233.0,DM,Colon,Alive,,60.0,,,No,No,No,1.0,1.0,4233.0,4233.0,IIA,coad
TCGA-DM-A285,TCGA-DM-A285-01A-01-TS1.pkl,Stage IV,179.0,DM,Colon,Dead,179.0,71.0,,,No,No,No,0.0,1.0,179.0,179.0,IV,coad
TCGA-DM-A288,TCGA-DM-A288-01A-01-TSA.pkl,Stage IIIC,427.0,DM,Colon,Dead,427.0,68.0,,320.0,Yes,No,Yes,0.0,1.0,427.0,427.0,IIIC,coad
TCGA-DM-A28A,TCGA-DM-A28A-01A-02-TSB.pkl,Stage IIIC,805.0,DM,Colon,Dead,805.0,78.0,,,No,No,No,0.0,1.0,805.0,805.0,IIIC,coad
TCGA-DM-A28C,TCGA-DM-A28C-01A-01-TSA.pkl,Stage IIA,2475.0,DM,Colon,Dead,2475.0,74.0,,1929.0,Yes,No,Yes,0.0,1.0,2475.0,2475.0,IIA,coad
TCGA-DM-A28E,TCGA-DM-A28E-01A-01-TSA.pkl,Stage IIA,3648.0,DM,Colon,Alive,,72.0,,,No,No,No,1.0,1.0,3648.0,3648.0,IIA,coad
TCGA-DM-A28F,TCGA-DM-A28F-01A-01-TSA.pkl,Stage IIIB,1094.0,DM,Colon,Dead,1094.0,73.0,,,No,No,No,0.0,1.0,1094.0,1094.0,IIIB,coad
TCGA-DM-A28G,TCGA-DM-A28G-01A-01-TSA.pkl,Stage IIA,1849.0,DM,Colon,Dead,1849.0,75.0,,,No,No,No,0.0,1.0,1849.0,1849.0,IIA,coad
TCGA-DM-A28H,TCGA-DM-A28H-01A-01-TS1.pkl,Stage IIIC,3561.0,DM,Colon,Alive,,50.0,,484.0,Yes,No,Yes,1.0,1.0,3561.0,3561.0,IIIC,coad
TCGA-DM-A28K,TCGA-DM-A28K-01A-02-TSB.pkl,Stage IIA,2988.0,DM,Colon,Alive,,75.0,,,No,No,No,1.0,1.0,2988.0,2988.0,IIA,coad
TCGA-DM-A28M,TCGA-DM-A28M-01A-01-TS1.pkl,Stage IIA,2895.0,DM,Colon,Alive,,63.0,,,No,No,No,1.0,1.0,2895.0,2895.0,IIA,coad
TCGA-F4-6459,TCGA-F4-6459-01A-01-BS1.pkl,Stage IIIB,262.0,F4,Colon,Dead,262.0,61.0,,,No,No,No,0.0,1.0,262.0,262.0,IIIB,coad
TCGA-F4-6460,TCGA-F4-6460-01A-01-TS1.pkl,Stage IIIB,972.0,F4,Colon,Dead,972.0,51.0,,313.0,Yes,No,Yes,0.0,1.0,972.0,972.0,IIIB,coad
TCGA-F4-6461,TCGA-F4-6461-01A-01-TS1.pkl,Stage IIIC,338.0,F4,Colon,Dead,338.0,41.0,,288.0,Yes,No,Yes,0.0,1.0,338.0,338.0,IIIC,coad
TCGA-F4-6463,TCGA-F4-6463-01A-01-BS1.pkl,Stage IIA,1087.0,F4,Colon,Alive,,51.0,,,No,No,No,1.0,1.0,1087.0,1087.0,IIA,coad
TCGA-F4-6569,TCGA-F4-6569-01A-01-BS1.pkl,Stage I,1087.0,F4,Colon,Alive,,60.0,,,No,No,No,1.0,1.0,1087.0,1087.0,I,coad
TCGA-F4-6570,TCGA-F4-6570-01A-01-TS1.pkl,Stage IIA,188.0,F4,Colon,Dead,188.0,78.0,,,No,No,No,0.0,1.0,188.0,188.0,IIA,coad
TCGA-F4-6703,TCGA-F4-6703-01A-01-TS1.pkl,Stage IIA,1456.0,F4,Colon,Alive,,64.0,,,No,No,No,1.0,1.0,1456.0,1456.0,IIA,coad
TCGA-F4-6704,TCGA-F4-6704-01A-01-TS1.pkl,Stage IIIC,47.0,F4,Colon,Alive,,60.0,,,No,No,No,1.0,1.0,47.0,47.0,IIIC,coad
TCGA-F4-6805,TCGA-F4-6805-01A-01-TS1.pkl,Stage IIA,1047.0,F4,Colon,Alive,,58.0,,,No,No,No,1.0,1.0,1047.0,1047.0,IIA,coad
TCGA-F4-6806,TCGA-F4-6806-01A-01-BS1.pkl,Stage I,1260.0,F4,Colon,Alive,,59.0,336.0,1132.0,Yes,Yes,Yes,1.0,0.0,1260.0,336.0,I,coad
TCGA-F4-6807,TCGA-F4-6807-01A-01-BS1.pkl,Stage IIIC,1309.0,F4,Colon,Alive,,51.0,,,No,No,No,1.0,1.0,1309.0,1309.0,IIIC,coad
TCGA-F4-6808,TCGA-F4-6808-01A-01-TS1.pkl,Stage I,1024.0,F4,Colon,Alive,,54.0,,,No,No,No,1.0,1.0,1024.0,1024.0,I,coad
TCGA-F4-6809,TCGA-F4-6809-01A-01-BS1.pkl,Stage IVA,403.0,F4,Colon,Dead,403.0,52.0,,,No,No,No,0.0,1.0,403.0,403.0,IVA,coad
TCGA-F4-6854,TCGA-F4-6854-01A-01-TS1.pkl,Stage IIA,16.0,F4,Colon,Alive,,77.0,,,No,No,No,1.0,1.0,16.0,16.0,IIA,coad
TCGA-F4-6855,TCGA-F4-6855-01A-01-TS1.pkl,Stage IIA,1442.0,F4,Colon,Alive,,70.0,,,No,No,No,1.0,1.0,1442.0,1442.0,IIA,coad
TCGA-F4-6856,TCGA-F4-6856-01A-01-BS1.pkl,Stage I,1074.0,F4,Colon,Alive,,45.0,,,No,No,No,1.0,1.0,1074.0,1074.0,I,coad
TCGA-G4-6293,TCGA-G4-6293-01A-01-TS1.pkl,Stage III,4051.0,G4,Colon,Alive,,49.0,,,No,No,No,1.0,1.0,4051.0,4051.0,III,coad
TCGA-G4-6294,TCGA-G4-6294-01A-01-TS1.pkl,Stage IV,858.0,G4,Colon,Dead,858.0,75.0,,517.0,Yes,No,Yes,0.0,1.0,858.0,858.0,IV,coad
TCGA-G4-6295,TCGA-G4-6295-01A-01-TS1.pkl,Stage II,254.0,G4,Colon,Alive,,70.0,,,No,No,No,1.0,1.0,254.0,254.0,II,coad
TCGA-G4-6297,TCGA-G4-6297-01A-01-BS1.pkl,Stage IV,2506.0,G4,Colon,Alive,,55.0,2394.0,1013.0,Yes,Yes,Yes,1.0,0.0,2506.0,2394.0,IV,coad
TCGA-G4-6298,TCGA-G4-6298-01A-01-TS1.pkl,Stage IIIB,0.0,G4,Colon,Dead,0.0,89.0,,0.0,Yes,No,Yes,0.0,1.0,0.0,0.0,IIIB,coad
TCGA-G4-6299,TCGA-G4-6299-01A-01-BS1.pkl,Stage IIIC,2268.0,G4,Colon,Alive,,69.0,,,No,No,No,1.0,1.0,2268.0,2268.0,IIIC,coad
TCGA-G4-6302,TCGA-G4-6302-01A-01-BS1.pkl,Stage IIA,0.0,G4,Colon,Dead,0.0,89.0,,,No,No,No,0.0,1.0,0.0,0.0,IIA,coad
TCGA-G4-6303,TCGA-G4-6303-01A-01-BS1.pkl,Stage IV,2003.0,G4,Colon,Dead,2003.0,54.0,,872.0,Yes,No,Yes,0.0,1.0,2003.0,2003.0,IV,coad
TCGA-G4-6304,TCGA-G4-6304-01A-01-TS1.pkl,Stage IIB,1631.0,G4,Colon,Alive,,66.0,,859.0,Yes,No,Yes,1.0,1.0,1631.0,1631.0,IIB,coad
TCGA-G4-6307,TCGA-G4-6307-01A-01-BS1.pkl,Stage IIIB,1674.0,G4,Colon,Alive,,37.0,,,No,No,No,1.0,1.0,1674.0,1674.0,IIIB,coad
TCGA-G4-6309,TCGA-G4-6309-01A-01-BS1.pkl,Stage IIIB,2600.0,G4,Colon,Alive,,40.0,,2176.0,Yes,No,Yes,1.0,1.0,2600.0,2600.0,IIIB,coad
TCGA-G4-6310,TCGA-G4-6310-01A-01-TS1.pkl,Stage IIIB,1935.0,G4,Colon,Alive,,69.0,,,No,No,No,1.0,1.0,1935.0,1935.0,IIIB,coad
TCGA-G4-6311,TCGA-G4-6311-01A-01-BS1.pkl,Stage III,1199.0,G4,Colon,Alive,,80.0,,,No,No,No,1.0,1.0,1199.0,1199.0,III,coad
TCGA-G4-6314,TCGA-G4-6314-01A-01-BS1.pkl,Stage IV,1093.0,G4,Colon,Alive,,76.0,,38.0,Yes,No,Yes,1.0,1.0,1093.0,1093.0,IV,coad
TCGA-G4-6315,TCGA-G4-6315-01A-01-TS1.pkl,Stage IV,1883.0,G4,Colon,Alive,,66.0,,,No,No,No,1.0,1.0,1883.0,1883.0,IV,coad
TCGA-G4-6317,TCGA-G4-6317-01A-01-TS1.pkl,Stage IIIC,1095.0,G4,Colon,Alive,,51.0,592.0,,Yes,Yes,No,1.0,0.0,1095.0,592.0,IIIC,coad
TCGA-G4-6320,TCGA-G4-6320-01A-01-BS1.pkl,Stage III,804.0,G4,Colon,Alive,,73.0,,,No,No,No,1.0,1.0,804.0,804.0,III,coad
TCGA-G4-6321,TCGA-G4-6321-01A-01-BS1.pkl,Stage III,672.0,G4,Colon,Alive,,60.0,,,No,No,No,1.0,1.0,672.0,672.0,III,coad
TCGA-G4-6322,TCGA-G4-6322-01A-01-TS1.pkl,Stage IIIB,792.0,G4,Colon,Alive,,65.0,,789.0,Yes,No,Yes,1.0,1.0,792.0,792.0,IIIB,coad
TCGA-G4-6323,TCGA-G4-6323-01A-01-BS1.pkl,Stage IA,419.0,G4,Colon,Alive,,50.0,,,No,No,No,1.0,1.0,419.0,419.0,IA,coad
TCGA-G4-6586,TCGA-G4-6586-01A-01-TS1.pkl,Stage IIA,1089.0,G4,Colon,Alive,,73.0,,,No,No,No,1.0,1.0,1089.0,1089.0,IIA,coad
TCGA-G4-6588,TCGA-G4-6588-01A-01-TS1.pkl,Stage IIA,796.0,G4,Colon,Alive,,58.0,,,No,No,No,1.0,1.0,796.0,796.0,IIA,coad
TCGA-G4-6625,TCGA-G4-6625-01A-01-BS1.pkl,Stage IIA,2792.0,G4,Colon,Alive,,77.0,,2564.0,Yes,No,Yes,1.0,1.0,2792.0,2792.0,IIA,coad
TCGA-G4-6626,TCGA-G4-6626-01A-01-TS1.pkl,Stage IIA,1.0,G4,Colon,Dead,1.0,89.0,,,No,No,No,0.0,1.0,1.0,1.0,IIA,coad
TCGA-G4-6627,TCGA-G4-6627-01A-01-BS1.pkl,Stage IIA,2175.0,G4,Colon,Alive,,84.0,,1003.0,Yes,No,Yes,1.0,1.0,2175.0,2175.0,IIA,coad
TCGA-G4-6628,TCGA-G4-6628-01A-01-TS1.pkl,Stage I,2424.0,G4,Colon,Alive,,78.0,,,No,No,No,1.0,1.0,2424.0,2424.0,I,coad
TCGA-NH-A50T,TCGA-NH-A50T-01A-01-TS1.pkl,Stage IIA,553.0,NH,Colon,Alive,,68.0,,,No,No,No,1.0,1.0,553.0,553.0,IIA,coad
TCGA-NH-A50U,TCGA-NH-A50U-01A-03-TS3.pkl,Stage IVA,334.0,NH,Colon,Dead,334.0,42.0,,276.0,Yes,No,Yes,0.0,1.0,334.0,334.0,IVA,coad
TCGA-NH-A50V,TCGA-NH-A50V-01A-01-TS1.pkl,Stage IIIB,588.0,NH,Colon,Alive,,69.0,,,No,No,No,1.0,1.0,588.0,588.0,IIIB,coad
TCGA-NH-A5IV,TCGA-NH-A5IV-01A-04-TS4.pkl,Stage IIA,0.0,NH,Colon,Alive,,89.0,,,No,No,No,1.0,1.0,0.0,0.0,IIA,coad
TCGA-NH-A6GA,TCGA-NH-A6GA-01A-01-TS1.pkl,Stage IIIC,302.0,NH,Colon,Dead,302.0,58.0,,106.0,Yes,No,Yes,0.0,1.0,302.0,302.0,IIIC,coad
TCGA-NH-A6GB,TCGA-NH-A6GB-01A-01-TS1.pkl,Stage IIIC,476.0,NH,Colon,Alive,,71.0,,,No,No,No,1.0,1.0,476.0,476.0,IIIC,coad
TCGA-NH-A6GC,TCGA-NH-A6GC-01A-01-TS1.pkl,Stage IVB,389.0,NH,Colon,Alive,,66.0,,,No,No,No,1.0,1.0,389.0,389.0,IVB,coad
TCGA-NH-A8F7,TCGA-NH-A8F7-01A-01-TS1.pkl,Stage IIA,543.0,NH,Colon,Alive,,53.0,,,No,No,No,1.0,1.0,543.0,543.0,IIA,coad
TCGA-NH-A8F8,TCGA-NH-A8F8-01A-07-TS7.pkl,Stage IV,511.0,NH,Colon,Dead,511.0,79.0,,,No,No,No,0.0,1.0,511.0,511.0,IV,coad
TCGA-QG-A5YV,TCGA-QG-A5YV-01A-01-TSA.pkl,Stage IIIC,1301.0,QG,Colon,Alive,,64.0,,,No,No,No,1.0,1.0,1301.0,1301.0,IIIC,coad
TCGA-QG-A5YW,TCGA-QG-A5YW-01A-01-TS1.pkl,Stage IIIC,896.0,QG,Colon,Alive,,55.0,,,No,No,No,1.0,1.0,896.0,896.0,IIIC,coad
TCGA-QG-A5YX,TCGA-QG-A5YX-01A-01-TSA.pkl,Stage IIA,1003.0,QG,Colon,Alive,,61.0,,,No,No,No,1.0,1.0,1003.0,1003.0,IIA,coad
TCGA-QG-A5Z1,TCGA-QG-A5Z1-01A-01-TS1.pkl,Stage IIIB,256.0,QG,Rectosigmoid junction,Dead,256.0,71.0,,,No,No,No,0.0,1.0,256.0,256.0,IIIB,coad
TCGA-QG-A5Z2,TCGA-QG-A5Z2-01A-01-TS1.pkl,Stage I,952.0,QG,Colon,Alive,,61.0,,,No,No,No,1.0,1.0,952.0,952.0,I,coad
TCGA-QL-A97D,TCGA-QL-A97D-01A-01-TSA.pkl,Stage I,666.0,QL,Colon,Alive,,84.0,,,No,No,No,1.0,1.0,666.0,666.0,I,coad
TCGA-RU-A8FL,TCGA-RU-A8FL-01A-01-TSA.pkl,Stage IIIB,1177.0,RU,Colon,Alive,,51.0,256.0,,Yes,Yes,No,1.0,0.0,1177.0,256.0,IIIB,coad
TCGA-SS-A7HO,TCGA-SS-A7HO-01A-02-TS2.pkl,Stage IIB,1829.0,SS,Colon,Alive,,44.0,,506.0,Yes,No,Yes,1.0,1.0,1829.0,1829.0,IIB,coad
TCGA-T9-A92H,TCGA-T9-A92H-01A-01-TS1.pkl,Stage IIA,362.0,T9,Colon,Alive,,82.0,,81.0,Yes,No,Yes,1.0,1.0,362.0,362.0,IIA,coad
TCGA-WS-AB45,TCGA-WS-AB45-01A-01-TS1.pkl,Stage IIA,2130.0,WS,Colon,Alive,,52.0,,,No,No,No,1.0,1.0,2130.0,2130.0,IIA,coad
TCGA-4P-AA8J,TCGA-4P-AA8J-01A-01-TS1.pkl,Stage IVA,102.0,4P,Other and unspecified parts of tongue,Alive,,66.0,,,No,No,No,1.0,1.0,102.0,102.0,IVA,hnsc
TCGA-BA-4074,TCGA-BA-4074-01A-01-TS1.pkl,Stage IVA,462.0,BA,Other and unspecified parts of tongue,Dead,462.0,69.0,396.0,,Yes,Yes,No,0.0,0.0,462.0,396.0,IVA,hnsc
TCGA-BA-4075,TCGA-BA-4075-01A-01-TS1.pkl,Stage III,283.0,BA,Other and unspecified parts of tongue,Dead,283.0,49.0,,236.0,Yes,No,Yes,0.0,1.0,283.0,283.0,III,hnsc
TCGA-BA-4077,TCGA-BA-4077-01B-01-BS1.pkl,Stage IVA,1134.0,BA,Other and unspecified parts of tongue,Dead,1134.0,45.0,,,No,No,No,0.0,1.0,1134.0,1134.0,IVA,hnsc
TCGA-BA-5149,TCGA-BA-5149-01A-01-TS1.pkl,Stage IVA,806.0,BA,Floor of mouth,Dead,806.0,47.0,389.0,389.0,Yes,Yes,Yes,0.0,0.0,806.0,389.0,IVA,hnsc
TCGA-BA-5152,TCGA-BA-5152-01A-02-BS2.pkl,Stage IVA,1288.0,BA,"Other and ill-defined sites in lip, oral cavity and pharynx",Alive,,56.0,,,No,No,No,1.0,1.0,1288.0,1288.0,IVA,hnsc
TCGA-BA-5555,TCGA-BA-5555-01A-01-BS1.pkl,Stage IVA,520.0,BA,Larynx,Alive,,54.0,,248.0,Yes,No,Yes,1.0,1.0,520.0,520.0,IVA,hnsc
TCGA-BA-5556,TCGA-BA-5556-01A-01-TS1.pkl,Stage II,725.0,BA,Floor of mouth,Alive,,58.0,,,No,No,No,1.0,1.0,725.0,725.0,II,hnsc
TCGA-BA-5557,TCGA-BA-5557-01A-01-TS1.pkl,Stage III,623.0,BA,"Other and ill-defined sites in lip, oral cavity and pharynx",Alive,,41.0,,,No,No,No,1.0,1.0,623.0,623.0,III,hnsc
TCGA-BA-6869,TCGA-BA-6869-01A-01-TS1.pkl,Stage III,644.0,BA,Larynx,Alive,,62.0,,,No,No,No,1.0,1.0,644.0,644.0,III,hnsc
TCGA-BA-6873,TCGA-BA-6873-01A-01-TS1.pkl,Stage IVA,122.0,BA,Other and unspecified parts of tongue,Alive,,28.0,,66.0,Yes,No,Yes,1.0,1.0,122.0,122.0,IVA,hnsc
TCGA-BA-7269,TCGA-BA-7269-01A-01-TS1.pkl,Stage III,1273.0,BA,Other and unspecified parts of tongue,Alive,,61.0,,,No,No,No,1.0,1.0,1273.0,1273.0,III,hnsc
TCGA-BA-A4II,TCGA-BA-A4II-01A-01-TS1.pkl,Stage II,918.0,BA,Oropharynx,Alive,,46.0,,918.0,Yes,No,Yes,1.0,1.0,918.0,918.0,II,hnsc
TCGA-BA-A6D8,TCGA-BA-A6D8-01A-03-TSC.pkl,Stage IVA,850.0,BA,Floor of mouth,Alive,,59.0,849.0,,Yes,Yes,No,1.0,0.0,850.0,849.0,IVA,hnsc
TCGA-BA-A6DA,TCGA-BA-A6DA-01A-03-TS3.pkl,Stage IVA,351.0,BA,Larynx,Alive,,41.0,,,No,No,No,1.0,1.0,351.0,351.0,IVA,hnsc
TCGA-BA-A6DB,TCGA-BA-A6DB-01A-01-TS1.pkl,Stage I,216.0,BA,Other and unspecified parts of tongue,Alive,,24.0,,208.0,Yes,No,Yes,1.0,1.0,216.0,216.0,I,hnsc
TCGA-BA-A6DD,TCGA-BA-A6DD-01A-01-TS1.pkl,Stage IVA,173.0,BA,Floor of mouth,Dead,173.0,44.0,,96.0,Yes,No,Yes,0.0,1.0,173.0,173.0,IVA,hnsc
TCGA-BA-A6DE,TCGA-BA-A6DE-01A-02-TS2.pkl,Stage II,440.0,BA,Other and unspecified parts of tongue,Alive,,70.0,,,No,No,No,1.0,1.0,440.0,440.0,II,hnsc
TCGA-BA-A6DF,TCGA-BA-A6DF-01A-01-TS1.pkl,Stage IVA,238.0,BA,Floor of mouth,Dead,238.0,80.0,,,No,No,No,0.0,1.0,238.0,238.0,IVA,hnsc
TCGA-BA-A6DJ,TCGA-BA-A6DJ-01A-01-TS1.pkl,Stage IVA,407.0,BA,Gum,Dead,407.0,62.0,240.0,,Yes,Yes,No,0.0,0.0,407.0,240.0,IVA,hnsc
TCGA-BA-A8YP,TCGA-BA-A8YP-01A-01-TS1.pkl,Stage IVB,499.0,BA,Oropharynx,Alive,,50.0,,,No,No,No,1.0,1.0,499.0,499.0,IVB,hnsc
TCGA-BB-4217,TCGA-BB-4217-01A-01-TS1.pkl,Stage IVA,187.0,BB,Larynx,Alive,,68.0,,,No,No,No,1.0,1.0,187.0,187.0,IVA,hnsc
TCGA-BB-4223,TCGA-BB-4223-01A-01-TS1.pkl,Stage IVA,3221.0,BB,Tonsil,Alive,,48.0,,,No,No,No,1.0,1.0,3221.0,3221.0,IVA,hnsc
TCGA-BB-4224,TCGA-BB-4224-01A-01-TS1.pkl,Stage IVA,278.0,BB,Other and unspecified parts of tongue,Alive,,52.0,,175.0,Yes,No,Yes,1.0,1.0,278.0,278.0,IVA,hnsc
TCGA-BB-4227,TCGA-BB-4227-01A-01-TS1.pkl,Stage IVA,134.0,BB,Hypopharynx,Alive,,66.0,,85.0,Yes,No,Yes,1.0,1.0,134.0,134.0,IVA,hnsc
TCGA-BB-4228,TCGA-BB-4228-01A-01-BS1.pkl,Stage III,559.0,BB,Base of tongue,Alive,,50.0,,,No,No,No,1.0,1.0,559.0,559.0,III,hnsc
TCGA-BB-7861,TCGA-BB-7861-01A-01-BS1.pkl,Stage III,682.0,BB,Base of tongue,Alive,,56.0,,,No,No,No,1.0,1.0,682.0,682.0,III,hnsc
TCGA-BB-7862,TCGA-BB-7862-01A-01-BS1.pkl,Stage IVA,1117.0,BB,Larynx,Alive,,67.0,,,No,No,No,1.0,1.0,1117.0,1117.0,IVA,hnsc
TCGA-BB-7863,TCGA-BB-7863-01A-01-TS1.pkl,Stage III,1025.0,BB,Other and unspecified parts of tongue,Alive,,43.0,,,No,No,No,1.0,1.0,1025.0,1025.0,III,hnsc
TCGA-BB-7864,TCGA-BB-7864-01A-01-TS1.pkl,Stage IVA,1527.0,BB,Larynx,Alive,,61.0,,,No,No,No,1.0,1.0,1527.0,1527.0,IVA,hnsc
TCGA-BB-7870,TCGA-BB-7870-01A-01-TS1.pkl,Stage IVA,2016.0,BB,Larynx,Alive,,58.0,,,No,No,No,1.0,1.0,2016.0,2016.0,IVA,hnsc
TCGA-BB-7871,TCGA-BB-7871-01A-01-TS1.pkl,Stage IVA,750.0,BB,Base of tongue,Alive,,64.0,428.0,,Yes,Yes,No,1.0,0.0,750.0,428.0,IVA,hnsc
TCGA-BB-7872,TCGA-BB-7872-01A-01-TS1.pkl,Stage I,1168.0,BB,Other and unspecified parts of mouth,Alive,,63.0,,,No,No,No,1.0,1.0,1168.0,1168.0,I,hnsc
TCGA-BB-8596,TCGA-BB-8596-01A-01-TS1.pkl,Stage IVA,2161.0,BB,Hypopharynx,Alive,,69.0,,,No,No,No,1.0,1.0,2161.0,2161.0,IVA,hnsc
TCGA-BB-8601,TCGA-BB-8601-01A-01-TS1.pkl,Stage III,624.0,BB,Floor of mouth,Alive,,84.0,,440.0,Yes,No,Yes,1.0,1.0,624.0,624.0,III,hnsc
TCGA-BB-A5HU,TCGA-BB-A5HU-01A-01-TS1.pkl,Stage IVA,782.0,BB,Other and unspecified parts of mouth,Alive,,47.0,,,No,No,No,1.0,1.0,782.0,782.0,IVA,hnsc
TCGA-BB-A5HY,TCGA-BB-A5HY-01A-01-TS1.pkl,Stage IVA,321.0,BB,Hypopharynx,Dead,321.0,64.0,230.0,,Yes,Yes,No,0.0,0.0,321.0,230.0,IVA,hnsc
TCGA-BB-A5HZ,TCGA-BB-A5HZ-01A-02-TSB.pkl,Stage IVA,827.0,BB,Other and unspecified parts of mouth,Alive,,65.0,438.0,,Yes,Yes,No,1.0,0.0,827.0,438.0,IVA,hnsc
TCGA-BB-A6UM,TCGA-BB-A6UM-01A-01-TS1.pkl,Stage III,393.0,BB,Tonsil,Alive,,52.0,,,No,No,No,1.0,1.0,393.0,393.0,III,hnsc
TCGA-BB-A6UO,TCGA-BB-A6UO-01A-01-TS1.pkl,Stage IVA,268.0,BB,Other and unspecified parts of tongue,Dead,268.0,61.0,212.0,,Yes,Yes,No,0.0,0.0,268.0,212.0,IVA,hnsc
TCGA-C9-A47Z,TCGA-C9-A47Z-01A-01-TSA.pkl,Stage III,191.0,C9,Other and unspecified parts of tongue,Dead,191.0,72.0,,,No,No,No,0.0,1.0,191.0,191.0,III,hnsc
TCGA-C9-A480,TCGA-C9-A480-01A-01-TSA.pkl,Stage III,386.0,C9,Other and unspecified parts of tongue,Alive,,45.0,,,No,No,No,1.0,1.0,386.0,386.0,III,hnsc
TCGA-CN-4722,TCGA-CN-4722-01A-01-BS1.pkl,Stage II,1483.0,CN,Larynx,Alive,,61.0,,,No,No,No,1.0,1.0,1483.0,1483.0,II,hnsc
TCGA-CN-4723,TCGA-CN-4723-01A-01-BS1.pkl,Stage IVA,1699.0,CN,Larynx,Alive,,67.0,,,No,No,No,1.0,1.0,1699.0,1699.0,IVA,hnsc
TCGA-CN-4725,TCGA-CN-4725-01A-01-TS1.pkl,Stage II,1157.0,CN,Other and unspecified parts of tongue,Alive,,60.0,,,No,No,No,1.0,1.0,1157.0,1157.0,II,hnsc
TCGA-CN-4726,TCGA-CN-4726-01A-01-BS1.pkl,Stage IVA,142.0,CN,Other and unspecified parts of mouth,Dead,142.0,68.0,79.0,,Yes,Yes,No,0.0,0.0,142.0,79.0,IVA,hnsc
TCGA-CN-4727,TCGA-CN-4727-01A-01-BS1.pkl,Stage IVA,1560.0,CN,Larynx,Alive,,56.0,,,No,No,No,1.0,1.0,1560.0,1560.0,IVA,hnsc
TCGA-CN-4728,TCGA-CN-4728-01A-01-TS1.pkl,Stage IVA,1724.0,CN,"Other and ill-defined sites in lip, oral cavity and pharynx",Alive,,56.0,,,No,No,No,1.0,1.0,1724.0,1724.0,IVA,hnsc
TCGA-CN-4729,TCGA-CN-4729-01A-01-BS1.pkl,Stage III,392.0,CN,"Other and ill-defined sites in lip, oral cavity and pharynx",Alive,,73.0,,,No,No,No,1.0,1.0,392.0,392.0,III,hnsc
TCGA-CN-4730,TCGA-CN-4730-01A-01-BS1.pkl,Stage IVA,817.0,CN,"Other and ill-defined sites in lip, oral cavity and pharynx",Alive,,62.0,,,No,No,No,1.0,1.0,817.0,817.0,IVA,hnsc
TCGA-CN-4733,TCGA-CN-4733-01A-02-BS2.pkl,Stage III,1586.0,CN,Other and unspecified parts of tongue,Alive,,61.0,,,No,No,No,1.0,1.0,1586.0,1586.0,III,hnsc
TCGA-CN-4734,TCGA-CN-4734-01A-01-TS1.pkl,Stage II,1690.0,CN,Other and unspecified parts of mouth,Alive,,70.0,,,No,No,No,1.0,1.0,1690.0,1690.0,II,hnsc
TCGA-CN-4735,TCGA-CN-4735-01A-01-BS1.pkl,Stage IVA,1737.0,CN,Larynx,Alive,,52.0,,,No,No,No,1.0,1.0,1737.0,1737.0,IVA,hnsc
TCGA-CN-4737,TCGA-CN-4737-01A-01-BS1.pkl,Stage IVA,625.0,CN,Other and unspecified parts of tongue,Alive,,19.0,,,No,No,No,1.0,1.0,625.0,625.0,IVA,hnsc
TCGA-CN-4738,TCGA-CN-4738-01A-02-BS2.pkl,Stage IVA,436.0,CN,Larynx,Dead,436.0,53.0,,,No,No,No,0.0,1.0,436.0,436.0,IVA,hnsc
TCGA-CN-4739,TCGA-CN-4739-01A-02-BS2.pkl,Stage IVA,1394.0,CN,Larynx,Dead,1394.0,71.0,,1302.0,Yes,No,Yes,0.0,1.0,1394.0,1394.0,IVA,hnsc
TCGA-CN-4740,TCGA-CN-4740-01A-01-BS1.pkl,Stage IVA,839.0,CN,Other and unspecified parts of mouth,Dead,839.0,79.0,,720.0,Yes,No,Yes,0.0,1.0,839.0,839.0,IVA,hnsc
TCGA-CN-4741,TCGA-CN-4741-01A-01-BS1.pkl,Stage IVA,2239.0,CN,Gum,Alive,,75.0,2168.0,,Yes,Yes,No,1.0,0.0,2239.0,2168.0,IVA,hnsc
TCGA-CN-4742,TCGA-CN-4742-01A-02-BS2.pkl,Stage IVA,397.0,CN,Other and unspecified parts of tongue,Dead,397.0,48.0,,,No,No,No,0.0,1.0,397.0,397.0,IVA,hnsc
TCGA-CN-5355,TCGA-CN-5355-01A-01-TS1.pkl,Stage IVA,1278.0,CN,Larynx,Alive,,64.0,,,No,No,No,1.0,1.0,1278.0,1278.0,IVA,hnsc
TCGA-CN-5356,TCGA-CN-5356-01A-01-TS1.pkl,Stage III,1409.0,CN,Larynx,Alive,,56.0,,,No,No,No,1.0,1.0,1409.0,1409.0,III,hnsc
TCGA-CN-5358,TCGA-CN-5358-01A-01-TS1.pkl,Stage II,261.0,CN,Floor of mouth,Dead,261.0,60.0,,145.0,Yes,No,Yes,0.0,1.0,261.0,261.0,II,hnsc
TCGA-CN-5359,TCGA-CN-5359-01A-01-BS1.pkl,Stage IVA,377.0,CN,Floor of mouth,Dead,377.0,59.0,356.0,356.0,Yes,Yes,Yes,0.0,0.0,377.0,356.0,IVA,hnsc
TCGA-CN-5360,TCGA-CN-5360-01A-01-BS1.pkl,Stage IVA,2169.0,CN,Larynx,Alive,,68.0,,,No,No,No,1.0,1.0,2169.0,2169.0,IVA,hnsc
TCGA-CN-5361,TCGA-CN-5361-01A-01-BS1.pkl,Stage IVA,2120.0,CN,Larynx,Dead,2120.0,80.0,,,No,No,No,0.0,1.0,2120.0,2120.0,IVA,hnsc
TCGA-CN-5363,TCGA-CN-5363-01A-01-BS1.pkl,Stage IVB,253.0,CN,Larynx,Dead,253.0,48.0,53.0,53.0,Yes,Yes,Yes,0.0,0.0,253.0,53.0,IVB,hnsc
TCGA-CN-5364,TCGA-CN-5364-01A-01-BS1.pkl,Stage IVA,493.0,CN,Floor of mouth,Dead,493.0,55.0,,,No,No,No,0.0,1.0,493.0,493.0,IVA,hnsc
TCGA-CN-5365,TCGA-CN-5365-01A-01-TS1.pkl,Stage IVB,351.0,CN,Tonsil,Dead,351.0,38.0,,,No,No,No,0.0,1.0,351.0,351.0,IVB,hnsc
TCGA-CN-5366,TCGA-CN-5366-01A-01-TS1.pkl,Stage IVA,360.0,CN,Larynx,Dead,360.0,51.0,,276.0,Yes,No,Yes,0.0,1.0,360.0,360.0,IVA,hnsc
TCGA-CN-5367,TCGA-CN-5367-01A-01-TS1.pkl,Stage IVA,352.0,CN,Other and unspecified parts of tongue,Dead,352.0,60.0,,,No,No,No,0.0,1.0,352.0,352.0,IVA,hnsc
TCGA-CN-5369,TCGA-CN-5369-01A-01-TS1.pkl,Stage IVA,1.0,CN,Palate,Dead,1.0,89.0,,,No,No,No,0.0,1.0,1.0,1.0,IVA,hnsc
TCGA-CN-5370,TCGA-CN-5370-01A-01-TS1.pkl,Stage III,259.0,CN,Other and unspecified parts of tongue,Dead,259.0,78.0,,123.0,Yes,No,Yes,0.0,1.0,259.0,259.0,III,hnsc
TCGA-CN-5373,TCGA-CN-5373-01A-01-BS1.pkl,Stage I,1584.0,CN,Floor of mouth,Alive,,55.0,,,No,No,No,1.0,1.0,1584.0,1584.0,I,hnsc
TCGA-CN-5374,TCGA-CN-5374-01A-01-BS1.pkl,Stage IVA,1732.0,CN,Tonsil,Dead,1732.0,56.0,1369.0,1369.0,Yes,Yes,Yes,0.0,0.0,1732.0,1369.0,IVA,hnsc
TCGA-CN-6010,TCGA-CN-6010-01A-01-TS1.pkl,Stage IVA,1523.0,CN,Larynx,Alive,,53.0,,,No,No,No,1.0,1.0,1523.0,1523.0,IVA,hnsc
TCGA-CN-6011,TCGA-CN-6011-01A-01-TS1.pkl,Stage IVA,933.0,CN,Gum,Alive,,57.0,,,No,No,No,1.0,1.0,933.0,933.0,IVA,hnsc
TCGA-CN-6012,TCGA-CN-6012-01A-01-TS1.pkl,Stage IVA,1460.0,CN,Larynx,Alive,,66.0,,,No,No,No,1.0,1.0,1460.0,1460.0,IVA,hnsc
TCGA-CN-6013,TCGA-CN-6013-01A-01-BS1.pkl,Stage IVA,727.0,CN,Gum,Dead,727.0,56.0,323.0,,Yes,Yes,No,0.0,0.0,727.0,323.0,IVA,hnsc
TCGA-CN-6016,TCGA-CN-6016-01A-01-TS1.pkl,Stage IVA,1443.0,CN,Other and unspecified parts of tongue,Alive,,64.0,,,No,No,No,1.0,1.0,1443.0,1443.0,IVA,hnsc
TCGA-CN-6017,TCGA-CN-6017-01A-01-TS1.pkl,Stage IVA,853.0,CN,Other and unspecified parts of tongue,Dead,853.0,55.0,,,No,No,No,0.0,1.0,853.0,853.0,IVA,hnsc
TCGA-CN-6018,TCGA-CN-6018-01A-01-TS1.pkl,Stage IVA,580.0,CN,"Other and ill-defined sites in lip, oral cavity and pharynx",Dead,580.0,85.0,,,No,No,No,0.0,1.0,580.0,580.0,IVA,hnsc
TCGA-CN-6019,TCGA-CN-6019-01A-01-TS1.pkl,Stage IVA,1038.0,CN,Other and unspecified parts of tongue,Alive,,61.0,,,No,No,No,1.0,1.0,1038.0,1038.0,IVA,hnsc
TCGA-CN-6020,TCGA-CN-6020-01A-01-BS1.pkl,Stage III,205.0,CN,Floor of mouth,Dead,205.0,58.0,,,No,No,No,0.0,1.0,205.0,205.0,III,hnsc
TCGA-CN-6022,TCGA-CN-6022-01A-01-BS1.pkl,Stage IVA,281.0,CN,Larynx,Dead,281.0,49.0,,101.0,Yes,No,Yes,0.0,1.0,281.0,281.0,IVA,hnsc
TCGA-CN-6023,TCGA-CN-6023-01A-01-BS1.pkl,Stage IVA,1584.0,CN,Larynx,Alive,,73.0,,,No,No,No,1.0,1.0,1584.0,1584.0,IVA,hnsc
TCGA-CN-6024,TCGA-CN-6024-01A-01-TS1.pkl,Stage IVA,337.0,CN,Other and unspecified parts of tongue,Dead,337.0,66.0,,156.0,Yes,No,Yes,0.0,1.0,337.0,337.0,IVA,hnsc
TCGA-CN-6988,TCGA-CN-6988-01A-01-TS1.pkl,Stage IVA,318.0,CN,Larynx,Alive,,47.0,,,No,No,No,1.0,1.0,318.0,318.0,IVA,hnsc
TCGA-CN-6989,TCGA-CN-6989-01A-01-BS1.pkl,Stage IVA,980.0,CN,Larynx,Dead,980.0,64.0,576.0,,Yes,Yes,No,0.0,0.0,980.0,576.0,IVA,hnsc
TCGA-CN-6992,TCGA-CN-6992-01A-01-TS1.pkl,Stage IVA,1066.0,CN,Larynx,Alive,,61.0,,,No,No,No,1.0,1.0,1066.0,1066.0,IVA,hnsc
TCGA-CN-6994,TCGA-CN-6994-01A-01-TS1.pkl,Stage IVA,1183.0,CN,"Other and ill-defined sites in lip, oral cavity and pharynx",Alive,,67.0,,,No,No,No,1.0,1.0,1183.0,1183.0,IVA,hnsc
TCGA-CN-6995,TCGA-CN-6995-01A-02-BS2.pkl,Stage IVA,112.0,CN,Floor of mouth,Dead,112.0,78.0,,,No,No,No,0.0,1.0,112.0,112.0,IVA,hnsc
TCGA-CN-6996,TCGA-CN-6996-01A-01-TS1.pkl,Stage IVA,530.0,CN,Other and unspecified parts of tongue,Dead,530.0,58.0,,447.0,Yes,No,Yes,0.0,1.0,530.0,530.0,IVA,hnsc
TCGA-CN-6997,TCGA-CN-6997-01A-01-TS1.pkl,Stage IVA,988.0,CN,Larynx,Dead,988.0,66.0,279.0,,Yes,Yes,No,0.0,0.0,988.0,279.0,IVA,hnsc
TCGA-CN-6998,TCGA-CN-6998-01A-01-BS1.pkl,Stage IVA,357.0,CN,Other and unspecified parts of tongue,Dead,357.0,53.0,,244.0,Yes,No,Yes,0.0,1.0,357.0,357.0,IVA,hnsc
TCGA-CN-A497,TCGA-CN-A497-01A-01-TSA.pkl,Stage III,1065.0,CN,Larynx,Alive,,63.0,,,No,No,No,1.0,1.0,1065.0,1065.0,III,hnsc
TCGA-CN-A498,TCGA-CN-A498-01A-01-TS1.pkl,Stage III,773.0,CN,Other and unspecified parts of tongue,Dead,773.0,61.0,,186.0,Yes,No,Yes,0.0,1.0,773.0,773.0,III,hnsc
TCGA-CN-A499,TCGA-CN-A499-01A-01-TS1.pkl,Stage II,717.0,CN,Tonsil,Alive,,60.0,,,No,No,No,1.0,1.0,717.0,717.0,II,hnsc
TCGA-CN-A49A,TCGA-CN-A49A-01A-01-TSA.pkl,Stage IVB,526.0,CN,Palate,Dead,526.0,60.0,344.0,,Yes,Yes,No,0.0,0.0,526.0,344.0,IVB,hnsc
TCGA-CN-A49B,TCGA-CN-A49B-01A-03-TS3.pkl,Stage III,904.0,CN,Larynx,Alive,,71.0,,,No,No,No,1.0,1.0,904.0,904.0,III,hnsc
TCGA-CN-A63T,TCGA-CN-A63T-01A-01-TS1.pkl,Stage IVA,225.0,CN,Larynx,Alive,,60.0,,,No,No,No,1.0,1.0,225.0,225.0,IVA,hnsc
TCGA-CN-A63U,TCGA-CN-A63U-01A-01-TS1.pkl,Stage IVA,964.0,CN,Larynx,Alive,,50.0,,,No,No,No,1.0,1.0,964.0,964.0,IVA,hnsc
TCGA-CN-A63V,TCGA-CN-A63V-01A-01-TS1.pkl,Stage IVA,679.0,CN,Other and unspecified parts of mouth,Alive,,59.0,,,No,No,No,1.0,1.0,679.0,679.0,IVA,hnsc
TCGA-CN-A63W,TCGA-CN-A63W-01A-01-TS1.pkl,Stage IVA,377.0,CN,Larynx,Dead,377.0,48.0,,,No,No,No,0.0,1.0,377.0,377.0,IVA,hnsc
TCGA-CN-A63Y,TCGA-CN-A63Y-01A-01-TS1.pkl,Stage II,504.0,CN,Tonsil,Alive,,46.0,,,No,No,No,1.0,1.0,504.0,504.0,II,hnsc
TCGA-CN-A640,TCGA-CN-A640-01A-02-TS2.pkl,Stage IVA,134.0,CN,Other and unspecified parts of tongue,Dead,134.0,40.0,,,No,No,No,0.0,1.0,134.0,134.0,IVA,hnsc
TCGA-CN-A641,TCGA-CN-A641-01A-01-TS1.pkl,Stage IVA,367.0,CN,Larynx,Alive,,47.0,,,No,No,No,1.0,1.0,367.0,367.0,IVA,hnsc
TCGA-CN-A642,TCGA-CN-A642-01A-01-TS1.pkl,Stage IVB,82.0,CN,Other and unspecified parts of tongue,Dead,82.0,57.0,,,No,No,No,0.0,1.0,82.0,82.0,IVB,hnsc
TCGA-CN-A6UY,TCGA-CN-A6UY-01A-01-TS1.pkl,Stage IVA,713.0,CN,Base of tongue,Alive,,57.0,,,No,No,No,1.0,1.0,713.0,713.0,IVA,hnsc
TCGA-CN-A6V1,TCGA-CN-A6V1-01A-01-TS1.pkl,Stage IVA,603.0,CN,Tonsil,Alive,,59.0,,,No,No,No,1.0,1.0,603.0,603.0,IVA,hnsc
TCGA-CN-A6V3,TCGA-CN-A6V3-01A-01-TS1.pkl,Stage IVA,742.0,CN,Larynx,Alive,,61.0,,,No,No,No,1.0,1.0,742.0,742.0,IVA,hnsc
TCGA-CN-A6V6,TCGA-CN-A6V6-01A-01-TS1.pkl,Stage IVA,635.0,CN,Base of tongue,Alive,,59.0,,,No,No,No,1.0,1.0,635.0,635.0,IVA,hnsc
TCGA-CN-A6V7,TCGA-CN-A6V7-01A-01-TS1.pkl,Stage IVA,594.0,CN,Tonsil,Alive,,40.0,,,No,No,No,1.0,1.0,594.0,594.0,IVA,hnsc
TCGA-CQ-5323,TCGA-CQ-5323-01A-01-BS1.pkl,Stage I,1466.0,CQ,"Other and ill-defined sites in lip, oral cavity and pharynx",Alive,,82.0,,,No,No,No,1.0,1.0,1466.0,1466.0,I,hnsc
TCGA-CQ-5324,TCGA-CQ-5324-01A-01-TS1.pkl,Stage III,1593.0,CQ,"Other and ill-defined sites in lip, oral cavity and pharynx",Alive,,59.0,,,No,No,No,1.0,1.0,1593.0,1593.0,III,hnsc
TCGA-CQ-5325,TCGA-CQ-5325-01A-01-TS1.pkl,Stage I,654.0,CQ,Other and unspecified parts of tongue,Dead,654.0,65.0,589.0,589.0,Yes,Yes,Yes,0.0,0.0,654.0,589.0,I,hnsc
TCGA-CQ-5326,TCGA-CQ-5326-01A-01-BS1.pkl,Stage IVA,89.0,CQ,"Other and ill-defined sites in lip, oral cavity and pharynx",Dead,89.0,67.0,,,No,No,No,0.0,1.0,89.0,89.0,IVA,hnsc
TCGA-CQ-5327,TCGA-CQ-5327-01A-01-BS1.pkl,Stage IVA,1660.0,CQ,Other and unspecified parts of tongue,Alive,,61.0,,,No,No,No,1.0,1.0,1660.0,1660.0,IVA,hnsc
TCGA-CQ-5329,TCGA-CQ-5329-01A-01-BS1.pkl,Stage II,2143.0,CQ,Other and unspecified parts of tongue,Alive,,46.0,,,No,No,No,1.0,1.0,2143.0,2143.0,II,hnsc
TCGA-CQ-5330,TCGA-CQ-5330-01A-01-TS1.pkl,Stage IVA,1897.0,CQ,Other and unspecified parts of tongue,Alive,,69.0,,,No,No,No,1.0,1.0,1897.0,1897.0,IVA,hnsc
TCGA-CQ-5332,TCGA-CQ-5332-01A-01-TS1.pkl,Stage III,317.0,CQ,"Other and ill-defined sites in lip, oral cavity and pharynx",Dead,317.0,87.0,,,No,No,No,0.0,1.0,317.0,317.0,III,hnsc
TCGA-CQ-5333,TCGA-CQ-5333-01A-01-TS1.pkl,Stage II,341.0,CQ,Other and unspecified parts of tongue,Dead,341.0,74.0,,176.0,Yes,No,Yes,0.0,1.0,341.0,341.0,II,hnsc
TCGA-CQ-5334,TCGA-CQ-5334-01A-01-BS1.pkl,Stage IVA,129.0,CQ,Other and unspecified parts of mouth,Dead,129.0,87.0,,50.0,Yes,No,Yes,0.0,1.0,129.0,129.0,IVA,hnsc
TCGA-CQ-6218,TCGA-CQ-6218-01A-01-TS1.pkl,Stage IVA,1253.0,CQ,Other and unspecified parts of tongue,Alive,,52.0,,,No,No,No,1.0,1.0,1253.0,1253.0,IVA,hnsc
TCGA-CQ-6219,TCGA-CQ-6219-01A-01-TS1.pkl,Stage IVA,479.0,CQ,Other and unspecified parts of tongue,Dead,479.0,50.0,,195.0,Yes,No,Yes,0.0,1.0,479.0,479.0,IVA,hnsc
TCGA-CQ-6220,TCGA-CQ-6220-01A-01-TS1.pkl,Stage III,985.0,CQ,"Other and ill-defined sites in lip, oral cavity and pharynx",Dead,985.0,69.0,,,No,No,No,0.0,1.0,985.0,985.0,III,hnsc
TCGA-CQ-6222,TCGA-CQ-6222-01A-01-TS1.pkl,Stage IVA,2016.0,CQ,Other and unspecified parts of tongue,Alive,,63.0,,,No,No,No,1.0,1.0,2016.0,2016.0,IVA,hnsc
TCGA-CQ-6223,TCGA-CQ-6223-01A-01-TS1.pkl,Stage II,1428.0,CQ,"Other and ill-defined sites in lip, oral cavity and pharynx",Alive,,69.0,,,No,No,No,1.0,1.0,1428.0,1428.0,II,hnsc
TCGA-CQ-6224,TCGA-CQ-6224-01A-01-BS1.pkl,Stage IVA,1721.0,CQ,Other and unspecified parts of tongue,Alive,,52.0,,,No,No,No,1.0,1.0,1721.0,1721.0,IVA,hnsc
TCGA-CQ-6225,TCGA-CQ-6225-01A-01-TS1.pkl,Stage III,403.0,CQ,"Other and ill-defined sites in lip, oral cavity and pharynx",Dead,403.0,65.0,,180.0,Yes,No,Yes,0.0,1.0,403.0,403.0,III,hnsc
TCGA-CQ-6227,TCGA-CQ-6227-01A-01-BS1.pkl,Stage IVA,129.0,CQ,"Other and ill-defined sites in lip, oral cavity and pharynx",Dead,129.0,77.0,,,No,No,No,0.0,1.0,129.0,129.0,IVA,hnsc
TCGA-CQ-6228,TCGA-CQ-6228-01A-01-TS1.pkl,Stage IVA,456.0,CQ,"Other and ill-defined sites in lip, oral cavity and pharynx",Dead,456.0,71.0,273.0,273.0,Yes,Yes,Yes,0.0,0.0,456.0,273.0,IVA,hnsc
TCGA-CQ-6229,TCGA-CQ-6229-01A-01-TS1.pkl,Stage II,1179.0,CQ,Other and unspecified parts of tongue,Alive,,61.0,,,No,No,No,1.0,1.0,1179.0,1179.0,II,hnsc
TCGA-CQ-7063,TCGA-CQ-7063-01A-01-TS1.pkl,Stage I,2133.0,CQ,Other and unspecified parts of mouth,Alive,,59.0,,1160.0,Yes,No,Yes,1.0,1.0,2133.0,2133.0,I,hnsc
TCGA-CQ-7064,TCGA-CQ-7064-01A-01-BS1.pkl,Stage III,1973.0,CQ,Other and unspecified parts of mouth,Alive,,83.0,,,No,No,No,1.0,1.0,1973.0,1973.0,III,hnsc
TCGA-CQ-7065,TCGA-CQ-7065-01A-01-TS1.pkl,Stage II,1628.0,CQ,Other and unspecified parts of tongue,Alive,,40.0,,230.0,Yes,No,Yes,1.0,1.0,1628.0,1628.0,II,hnsc
TCGA-CQ-7067,TCGA-CQ-7067-01A-01-TS1.pkl,Stage I,509.0,CQ,Other and unspecified parts of mouth,Alive,,75.0,,,No,No,No,1.0,1.0,509.0,509.0,I,hnsc
TCGA-CQ-7068,TCGA-CQ-7068-01A-01-TS1.pkl,Stage II,1309.0,CQ,"Other and ill-defined sites in lip, oral cavity and pharynx",Alive,,80.0,,,No,No,No,1.0,1.0,1309.0,1309.0,II,hnsc
TCGA-CQ-7069,TCGA-CQ-7069-01A-01-TS1.pkl,Stage II,1274.0,CQ,Other and unspecified parts of mouth,Alive,,77.0,,,No,No,No,1.0,1.0,1274.0,1274.0,II,hnsc
TCGA-CQ-7071,TCGA-CQ-7071-01A-01-TS1.pkl,Stage III,1311.0,CQ,Other and unspecified parts of mouth,Alive,,76.0,,,No,No,No,1.0,1.0,1311.0,1311.0,III,hnsc
TCGA-CQ-7072,TCGA-CQ-7072-01A-01-BS1.pkl,Stage II,2359.0,CQ,Other and unspecified parts of tongue,Alive,,51.0,,,No,No,No,1.0,1.0,2359.0,2359.0,II,hnsc
TCGA-CQ-A4C6,TCGA-CQ-A4C6-01A-01-TS1.pkl,Stage II,1353.0,CQ,Other and unspecified parts of mouth,Alive,,63.0,,,No,No,No,1.0,1.0,1353.0,1353.0,II,hnsc
TCGA-CQ-A4C7,TCGA-CQ-A4C7-01A-01-TS1.pkl,Stage III,353.0,CQ,Floor of mouth,Dead,353.0,88.0,,207.0,Yes,No,Yes,0.0,1.0,353.0,353.0,III,hnsc
TCGA-CQ-A4C9,TCGA-CQ-A4C9-01A-01-TS1.pkl,Stage III,707.0,CQ,Floor of mouth,Alive,,56.0,,287.0,Yes,No,Yes,1.0,1.0,707.0,707.0,III,hnsc
TCGA-CQ-A4CB,TCGA-CQ-A4CB-01A-01-TSA.pkl,Stage III,893.0,CQ,Floor of mouth,Alive,,59.0,,,No,No,No,1.0,1.0,893.0,893.0,III,hnsc
TCGA-CQ-A4CD,TCGA-CQ-A4CD-01A-02-TS2.pkl,Stage IVA,1022.0,CQ,"Bones, joints and articular cartilage of other and unspecified sites",Alive,,69.0,,,No,No,No,1.0,1.0,1022.0,1022.0,IVA,hnsc
TCGA-CQ-A4CE,TCGA-CQ-A4CE-01A-01-TSA.pkl,Stage II,897.0,CQ,Other and unspecified parts of tongue,Alive,,76.0,,,No,No,No,1.0,1.0,897.0,897.0,II,hnsc
TCGA-CQ-A4CG,TCGA-CQ-A4CG-01A-01-TS1.pkl,Stage III,430.0,CQ,Other and unspecified parts of mouth,Dead,430.0,78.0,350.0,,Yes,Yes,No,0.0,0.0,430.0,350.0,III,hnsc
TCGA-CQ-A4CH,TCGA-CQ-A4CH-01A-01-TSA.pkl,Stage II,379.0,CQ,Other and unspecified parts of tongue,Dead,379.0,58.0,354.0,210.0,Yes,Yes,Yes,0.0,0.0,379.0,354.0,II,hnsc
TCGA-CQ-A4CI,TCGA-CQ-A4CI-01A-01-TS1.pkl,Stage III,950.0,CQ,Other and unspecified parts of mouth,Alive,,73.0,517.0,,Yes,Yes,No,1.0,0.0,950.0,517.0,III,hnsc
TCGA-CR-6467,TCGA-CR-6467-01A-01-TS1.pkl,Stage III,1777.0,CR,Tonsil,Alive,,59.0,,,No,No,No,1.0,1.0,1777.0,1777.0,III,hnsc
TCGA-CR-6470,TCGA-CR-6470-01A-01-TS1.pkl,Stage II,1521.0,CR,Tonsil,Alive,,38.0,,,No,No,No,1.0,1.0,1521.0,1521.0,II,hnsc
TCGA-CR-6471,TCGA-CR-6471-01A-01-TS1.pkl,Stage IVA,1202.0,CR,"Other and ill-defined sites in lip, oral cavity and pharynx",Dead,1202.0,58.0,1017.0,783.0,Yes,Yes,Yes,0.0,0.0,1202.0,1017.0,IVA,hnsc
TCGA-CR-6474,TCGA-CR-6474-01A-01-TS1.pkl,Stage IVA,564.0,CR,Larynx,Dead,564.0,51.0,,220.0,Yes,No,Yes,0.0,1.0,564.0,564.0,IVA,hnsc
TCGA-CR-6484,TCGA-CR-6484-01A-01-TS1.pkl,Stage IVA,354.0,CR,"Other and ill-defined sites in lip, oral cavity and pharynx",Alive,,67.0,,,No,No,No,1.0,1.0,354.0,354.0,IVA,hnsc
TCGA-CR-6487,TCGA-CR-6487-01A-01-TS1.pkl,Stage I,234.0,CR,Tonsil,Alive,,50.0,,,No,No,No,1.0,1.0,234.0,234.0,I,hnsc
TCGA-CR-6488,TCGA-CR-6488-01A-01-TS1.pkl,Stage II,379.0,CR,Other and unspecified parts of tongue,Alive,,68.0,,,No,No,No,1.0,1.0,379.0,379.0,II,hnsc
TCGA-CR-6491,TCGA-CR-6491-01A-01-TS1.pkl,Stage IVA,693.0,CR,Floor of mouth,Alive,,60.0,,,No,No,No,1.0,1.0,693.0,693.0,IVA,hnsc
TCGA-CR-6492,TCGA-CR-6492-01A-01-TS1.pkl,Stage III,479.0,CR,Palate,Alive,,78.0,,,No,No,No,1.0,1.0,479.0,479.0,III,hnsc
TCGA-CR-6493,TCGA-CR-6493-01A-01-TS1.pkl,Stage IVA,282.0,CR,Other and unspecified parts of tongue,Dead,282.0,69.0,,247.0,Yes,No,Yes,0.0,1.0,282.0,282.0,IVA,hnsc
TCGA-CR-7364,TCGA-CR-7364-01A-01-TS1.pkl,Stage III,1435.0,CR,Larynx,Alive,,66.0,,,No,No,No,1.0,1.0,1435.0,1435.0,III,hnsc
TCGA-CR-7365,TCGA-CR-7365-01A-01-TS1.pkl,Stage IVA,1191.0,CR,"Other and ill-defined sites in lip, oral cavity and pharynx",Alive,,60.0,,,No,No,No,1.0,1.0,1191.0,1191.0,IVA,hnsc
TCGA-CR-7367,TCGA-CR-7367-01A-01-TS1.pkl,Stage IVA,1440.0,CR,"Other and ill-defined sites in lip, oral cavity and pharynx",Alive,,52.0,,,No,No,No,1.0,1.0,1440.0,1440.0,IVA,hnsc
TCGA-CR-7368,TCGA-CR-7368-01A-01-TS1.pkl,Stage IVA,1245.0,CR,"Other and ill-defined sites in lip, oral cavity and pharynx",Alive,,54.0,,,No,No,No,1.0,1.0,1245.0,1245.0,IVA,hnsc
TCGA-CR-7369,TCGA-CR-7369-01A-01-TS1.pkl,Stage IVA,1090.0,CR,"Other and ill-defined sites in lip, oral cavity and pharynx",Dead,1090.0,59.0,,,No,No,No,0.0,1.0,1090.0,1090.0,IVA,hnsc
TCGA-CR-7371,TCGA-CR-7371-01A-01-TS1.pkl,Stage III,94.0,CR,Larynx,Dead,94.0,45.0,,,No,No,No,0.0,1.0,94.0,94.0,III,hnsc
TCGA-CR-7372,TCGA-CR-7372-01A-01-TS1.pkl,Stage I,759.0,CR,Other and unspecified parts of tongue,Alive,,45.0,,,No,No,No,1.0,1.0,759.0,759.0,I,hnsc
TCGA-CR-7373,TCGA-CR-7373-01A-01-TS1.pkl,Stage IVA,889.0,CR,"Other and ill-defined sites in lip, oral cavity and pharynx",Alive,,66.0,,,No,No,No,1.0,1.0,889.0,889.0,IVA,hnsc
TCGA-CR-7376,TCGA-CR-7376-01A-01-TS1.pkl,Stage III,972.0,CR,"Other and ill-defined sites in lip, oral cavity and pharynx",Alive,,83.0,,,No,No,No,1.0,1.0,972.0,972.0,III,hnsc
TCGA-CR-7377,TCGA-CR-7377-01A-01-TS1.pkl,Stage IVA,279.0,CR,"Other and ill-defined sites in lip, oral cavity and pharynx",Dead,279.0,58.0,,,No,No,No,0.0,1.0,279.0,279.0,IVA,hnsc
TCGA-CR-7379,TCGA-CR-7379-01A-01-TS1.pkl,Stage IVA,1036.0,CR,"Other and ill-defined sites in lip, oral cavity and pharynx",Alive,,78.0,,,No,No,No,1.0,1.0,1036.0,1036.0,IVA,hnsc
TCGA-CR-7380,TCGA-CR-7380-01A-01-TS1.pkl,Stage IVB,606.0,CR,"Other and ill-defined sites in lip, oral cavity and pharynx",Dead,606.0,58.0,561.0,561.0,Yes,Yes,Yes,0.0,0.0,606.0,561.0,IVB,hnsc
TCGA-CR-7382,TCGA-CR-7382-01A-01-TS1.pkl,Stage IVA,796.0,CR,Other and unspecified parts of tongue,Alive,,49.0,,614.0,Yes,No,Yes,1.0,1.0,796.0,796.0,IVA,hnsc
TCGA-CR-7383,TCGA-CR-7383-01A-01-TS1.pkl,Stage I,521.0,CR,Tonsil,Dead,521.0,79.0,,454.0,Yes,No,Yes,0.0,1.0,521.0,521.0,I,hnsc
TCGA-CR-7386,TCGA-CR-7386-01A-01-TS1.pkl,Stage IVA,1430.0,CR,"Other and ill-defined sites in lip, oral cavity and pharynx",Alive,,69.0,1028.0,1028.0,Yes,Yes,Yes,1.0,0.0,1430.0,1028.0,IVA,hnsc
TCGA-CR-7390,TCGA-CR-7390-01A-01-TS1.pkl,Stage IVA,1508.0,CR,Other and unspecified parts of tongue,Alive,,67.0,,,No,No,No,1.0,1.0,1508.0,1508.0,IVA,hnsc
TCGA-CR-7391,TCGA-CR-7391-01A-01-TS1.pkl,Stage I,913.0,CR,Other and unspecified parts of tongue,Alive,,36.0,,,No,No,No,1.0,1.0,913.0,913.0,I,hnsc
TCGA-CR-7392,TCGA-CR-7392-01A-01-TS1.pkl,Stage IVA,1425.0,CR,Other and unspecified parts of tongue,Alive,,67.0,,,No,No,No,1.0,1.0,1425.0,1425.0,IVA,hnsc
TCGA-CR-7393,TCGA-CR-7393-01A-01-TS1.pkl,Stage III,993.0,CR,Other and unspecified parts of tongue,Alive,,26.0,,,No,No,No,1.0,1.0,993.0,993.0,III,hnsc
TCGA-CR-7394,TCGA-CR-7394-01A-01-TS1.pkl,Stage IVA,1346.0,CR,Other and unspecified parts of tongue,Alive,,70.0,,,No,No,No,1.0,1.0,1346.0,1346.0,IVA,hnsc
TCGA-CR-7395,TCGA-CR-7395-01A-01-TS1.pkl,Stage II,930.0,CR,"Other and ill-defined sites in lip, oral cavity and pharynx",Alive,,80.0,,,No,No,No,1.0,1.0,930.0,930.0,II,hnsc
TCGA-CR-7397,TCGA-CR-7397-01A-01-TS1.pkl,Stage IVA,754.0,CR,Other and unspecified parts of tongue,Alive,,44.0,,,No,No,No,1.0,1.0,754.0,754.0,IVA,hnsc
TCGA-CR-7398,TCGA-CR-7398-01A-01-TS1.pkl,Stage II,156.0,CR,Larynx,Alive,,53.0,,,No,No,No,1.0,1.0,156.0,156.0,II,hnsc
TCGA-CR-7399,TCGA-CR-7399-01A-01-TS1.pkl,Stage IVA,181.0,CR,Larynx,Alive,,60.0,,,No,No,No,1.0,1.0,181.0,181.0,IVA,hnsc
TCGA-CR-7401,TCGA-CR-7401-01A-01-TS1.pkl,Stage I,1077.0,CR,Other and unspecified parts of tongue,Alive,,64.0,,,No,No,No,1.0,1.0,1077.0,1077.0,I,hnsc
TCGA-CV-5430,TCGA-CV-5430-01A-02-BS2.pkl,Stage IVA,4241.0,CV,Larynx,Alive,,61.0,783.0,783.0,Yes,Yes,Yes,1.0,0.0,4241.0,783.0,IVA,hnsc
TCGA-CV-5431,TCGA-CV-5431-01A-01-BS1.pkl,Stage IVA,522.0,CV,Larynx,Dead,522.0,73.0,,,No,No,No,0.0,1.0,522.0,522.0,IVA,hnsc
TCGA-CV-5432,TCGA-CV-5432-01A-02-BS2.pkl,Stage III,3930.0,CV,Larynx,Alive,,68.0,,,No,No,No,1.0,1.0,3930.0,3930.0,III,hnsc
TCGA-CV-5434,TCGA-CV-5434-01A-01-TS1.pkl,Stage IVA,3314.0,CV,Larynx,Dead,3314.0,60.0,1859.0,1859.0,Yes,Yes,Yes,0.0,0.0,3314.0,1859.0,IVA,hnsc
TCGA-CV-5435,TCGA-CV-5435-01A-01-BS1.pkl,Stage IVA,2319.0,CV,Larynx,Dead,2319.0,57.0,284.0,284.0,Yes,Yes,Yes,0.0,0.0,2319.0,284.0,IVA,hnsc
TCGA-CV-5436,TCGA-CV-5436-01A-01-BS1.pkl,Stage IVA,584.0,CV,Floor of mouth,Dead,584.0,65.0,,,No,No,No,0.0,1.0,584.0,584.0,IVA,hnsc
TCGA-CV-5439,TCGA-CV-5439-01A-01-TS1.pkl,Stage IVA,546.0,CV,Base of tongue,Dead,546.0,62.0,,211.0,Yes,No,Yes,0.0,1.0,546.0,546.0,IVA,hnsc
TCGA-CV-5440,TCGA-CV-5440-01A-01-TS1.pkl,Stage IVA,3270.0,CV,Larynx,Alive,,52.0,,,No,No,No,1.0,1.0,3270.0,3270.0,IVA,hnsc
TCGA-CV-5441,TCGA-CV-5441-01A-01-BS1.pkl,Stage IVA,2886.0,CV,Larynx,Alive,,58.0,,,No,No,No,1.0,1.0,2886.0,2886.0,IVA,hnsc
TCGA-CV-5442,TCGA-CV-5442-01A-01-TS1.pkl,Stage IVA,2327.0,CV,Palate,Alive,,76.0,,,No,No,No,1.0,1.0,2327.0,2327.0,IVA,hnsc
TCGA-CV-5443,TCGA-CV-5443-01A-01-BS1.pkl,Stage III,2784.0,CV,Larynx,Alive,,63.0,,,No,No,No,1.0,1.0,2784.0,2784.0,III,hnsc
TCGA-CV-5444,TCGA-CV-5444-01A-01-BS1.pkl,Stage IVA,2437.0,CV,Larynx,Alive,,64.0,,,No,No,No,1.0,1.0,2437.0,2437.0,IVA,hnsc
TCGA-CV-5966,TCGA-CV-5966-01A-01-BS1.pkl,Stage IVA,545.0,CV,"Other and ill-defined sites in lip, oral cavity and pharynx",Dead,545.0,63.0,,,No,No,No,0.0,1.0,545.0,545.0,IVA,hnsc
TCGA-CV-5970,TCGA-CV-5970-01A-01-TS1.pkl,Stage IVA,406.0,CV,Other and unspecified parts of tongue,Dead,406.0,59.0,,,No,No,No,0.0,1.0,406.0,406.0,IVA,hnsc
TCGA-CV-5971,TCGA-CV-5971-01A-01-BS1.pkl,Stage IVA,701.0,CV,Other and unspecified parts of tongue,Alive,,60.0,,,No,No,No,1.0,1.0,701.0,701.0,IVA,hnsc
TCGA-CV-5973,TCGA-CV-5973-01A-01-BS1.pkl,Stage III,2641.0,CV,Other and unspecified parts of tongue,Alive,,62.0,,,No,No,No,1.0,1.0,2641.0,2641.0,III,hnsc
TCGA-CV-5976,TCGA-CV-5976-01A-01-TS1.pkl,Stage IVA,1478.0,CV,Other and unspecified parts of tongue,Alive,,50.0,,,No,No,No,1.0,1.0,1478.0,1478.0,IVA,hnsc
TCGA-CV-5977,TCGA-CV-5977-01A-01-BS1.pkl,Stage IVA,1840.0,CV,Other and unspecified parts of tongue,Alive,,66.0,,,No,No,No,1.0,1.0,1840.0,1840.0,IVA,hnsc
TCGA-CV-5978,TCGA-CV-5978-01A-01-TS1.pkl,Stage IVB,215.0,CV,Larynx,Dead,215.0,53.0,,,No,No,No,0.0,1.0,215.0,215.0,IVB,hnsc
TCGA-CV-5979,TCGA-CV-5979-01A-01-BS1.pkl,Stage IVA,1315.0,CV,Other and unspecified parts of tongue,Alive,,26.0,,,No,No,No,1.0,1.0,1315.0,1315.0,IVA,hnsc
TCGA-CV-6003,TCGA-CV-6003-01A-01-BS1.pkl,Stage III,1665.0,CV,Other and unspecified parts of tongue,Alive,,50.0,,,No,No,No,1.0,1.0,1665.0,1665.0,III,hnsc
TCGA-CV-6433,TCGA-CV-6433-01A-01-BS1.pkl,Stage II,641.0,CV,Other and unspecified parts of tongue,Alive,,57.0,,,No,No,No,1.0,1.0,641.0,641.0,II,hnsc
TCGA-CV-6436,TCGA-CV-6436-01A-01-TS1.pkl,Stage IVA,1899.0,CV,Other and unspecified parts of tongue,Alive,,62.0,,,No,No,No,1.0,1.0,1899.0,1899.0,IVA,hnsc
TCGA-CV-6441,TCGA-CV-6441-01A-01-BS1.pkl,Stage III,292.0,CV,Other and unspecified parts of tongue,Dead,292.0,60.0,,95.0,Yes,No,Yes,0.0,1.0,292.0,292.0,III,hnsc
TCGA-CV-6933,TCGA-CV-6933-01A-01-BS1.pkl,Stage III,2741.0,CV,Other and unspecified parts of tongue,Dead,2741.0,53.0,,,No,No,No,0.0,1.0,2741.0,2741.0,III,hnsc
TCGA-CV-6934,TCGA-CV-6934-01A-01-TS1.pkl,Stage IVA,65.0,CV,Other and unspecified parts of tongue,Dead,65.0,66.0,,,No,No,No,0.0,1.0,65.0,65.0,IVA,hnsc
TCGA-CV-6935,TCGA-CV-6935-01A-01-BS1.pkl,Stage IVA,295.0,CV,Larynx,Dead,295.0,67.0,,,No,No,No,0.0,1.0,295.0,295.0,IVA,hnsc
TCGA-CV-6936,TCGA-CV-6936-01A-01-TS1.pkl,Stage IVA,166.0,CV,Floor of mouth,Dead,166.0,68.0,,157.0,Yes,No,Yes,0.0,1.0,166.0,166.0,IVA,hnsc
TCGA-CV-6937,TCGA-CV-6937-01A-01-BS1.pkl,Stage II,624.0,CV,"Other and ill-defined sites in lip, oral cavity and pharynx",Dead,624.0,71.0,,,No,No,No,0.0,1.0,624.0,624.0,II,hnsc
TCGA-CV-6938,TCGA-CV-6938-01A-01-TS1.pkl,Stage II,144.0,CV,"Other and ill-defined sites in lip, oral cavity and pharynx",Dead,144.0,87.0,,,No,No,No,0.0,1.0,144.0,144.0,II,hnsc
TCGA-CV-6939,TCGA-CV-6939-01A-01-BS1.pkl,Stage IVA,666.0,CV,Other and unspecified parts of tongue,Dead,666.0,60.0,,,No,No,No,0.0,1.0,666.0,666.0,IVA,hnsc
TCGA-CV-6940,TCGA-CV-6940-01A-01-BS1.pkl,Stage III,804.0,CV,Other and unspecified parts of mouth,Dead,804.0,80.0,,,No,No,No,0.0,1.0,804.0,804.0,III,hnsc
TCGA-CV-6941,TCGA-CV-6941-01A-01-BS1.pkl,Stage III,342.0,CV,Other and unspecified parts of tongue,Dead,342.0,51.0,,,No,No,No,0.0,1.0,342.0,342.0,III,hnsc
TCGA-CV-6942,TCGA-CV-6942-01A-01-BS1.pkl,Stage II,4282.0,CV,"Other and ill-defined sites in lip, oral cavity and pharynx",Alive,,73.0,,,No,No,No,1.0,1.0,4282.0,4282.0,II,hnsc
TCGA-CV-6943,TCGA-CV-6943-01A-01-BS1.pkl,Stage III,602.0,CV,Base of tongue,Dead,602.0,74.0,,,No,No,No,0.0,1.0,602.0,602.0,III,hnsc
TCGA-CV-6945,TCGA-CV-6945-01A-01-TS1.pkl,Stage IVA,366.0,CV,Other and unspecified parts of tongue,Dead,366.0,41.0,,,No,No,No,0.0,1.0,366.0,366.0,IVA,hnsc
TCGA-CV-6948,TCGA-CV-6948-01A-01-BS1.pkl,Stage IVB,1289.0,CV,Floor of mouth,Dead,1289.0,79.0,,,No,No,No,0.0,1.0,1289.0,1289.0,IVB,hnsc
TCGA-CV-6950,TCGA-CV-6950-01A-01-TS1.pkl,Stage IVA,459.0,CV,Base of tongue,Dead,459.0,64.0,,258.0,Yes,No,Yes,0.0,1.0,459.0,459.0,IVA,hnsc
TCGA-CV-6951,TCGA-CV-6951-01A-01-BS1.pkl,Stage IVA,915.0,CV,Other and unspecified parts of tongue,Dead,915.0,57.0,,,No,No,No,0.0,1.0,915.0,915.0,IVA,hnsc
TCGA-CV-6952,TCGA-CV-6952-01A-01-BS1.pkl,Stage IVA,185.0,CV,Other and unspecified parts of tongue,Dead,185.0,65.0,,,No,No,No,0.0,1.0,185.0,185.0,IVA,hnsc
TCGA-CV-6953,TCGA-CV-6953-01A-01-BS1.pkl,Stage III,1641.0,CV,Floor of mouth,Dead,1641.0,80.0,,1521.0,Yes,No,Yes,0.0,1.0,1641.0,1641.0,III,hnsc
TCGA-CV-6954,TCGA-CV-6954-01A-01-TS1.pkl,Stage IVA,2002.0,CV,Other and unspecified parts of tongue,Dead,2002.0,59.0,,,No,No,No,0.0,1.0,2002.0,2002.0,IVA,hnsc
TCGA-CV-6955,TCGA-CV-6955-01A-01-TS1.pkl,Stage II,334.0,CV,"Other and ill-defined sites in lip, oral cavity and pharynx",Dead,334.0,74.0,,,No,No,No,0.0,1.0,334.0,334.0,II,hnsc
TCGA-CV-6956,TCGA-CV-6956-01A-01-BS1.pkl,Stage III,217.0,CV,Other and unspecified parts of tongue,Dead,217.0,67.0,,,No,No,No,0.0,1.0,217.0,217.0,III,hnsc
TCGA-CV-6959,TCGA-CV-6959-01A-01-BS1.pkl,Stage III,256.0,CV,Other and unspecified parts of tongue,Dead,256.0,48.0,,103.0,Yes,No,Yes,0.0,1.0,256.0,256.0,III,hnsc
TCGA-CV-6960,TCGA-CV-6960-01A-03-BS3.pkl,Stage III,862.0,CV,"Other and ill-defined sites in lip, oral cavity and pharynx",Dead,862.0,49.0,,,No,No,No,0.0,1.0,862.0,862.0,III,hnsc
TCGA-CV-6961,TCGA-CV-6961-01A-01-BS1.pkl,Stage II,76.0,CV,Other and unspecified parts of tongue,Dead,76.0,61.0,,,No,No,No,0.0,1.0,76.0,76.0,II,hnsc
TCGA-CV-6962,TCGA-CV-6962-01A-01-BS1.pkl,Stage IVA,126.0,CV,Larynx,Dead,126.0,65.0,,,No,No,No,0.0,1.0,126.0,126.0,IVA,hnsc
TCGA-CV-7089,TCGA-CV-7089-01A-01-BS1.pkl,Stage IVA,1972.0,CV,Larynx,Dead,1972.0,74.0,,,No,No,No,0.0,1.0,1972.0,1972.0,IVA,hnsc
TCGA-CV-7090,TCGA-CV-7090-01A-01-BS1.pkl,Stage II,5252.0,CV,"Other and ill-defined sites in lip, oral cavity and pharynx",Alive,,39.0,,,No,No,No,1.0,1.0,5252.0,5252.0,II,hnsc
TCGA-CV-7091,TCGA-CV-7091-01A-01-BS1.pkl,Stage I,3381.0,CV,"Other and ill-defined sites in lip, oral cavity and pharynx",Alive,,54.0,,,No,No,No,1.0,1.0,3381.0,3381.0,I,hnsc
TCGA-CV-7095,TCGA-CV-7095-01A-01-BS1.pkl,Stage II,572.0,CV,"Other and ill-defined sites in lip, oral cavity and pharynx",Dead,572.0,87.0,,,No,No,No,0.0,1.0,572.0,572.0,II,hnsc
TCGA-CV-7097,TCGA-CV-7097-01A-01-TS1.pkl,Stage II,385.0,CV,"Other and ill-defined sites in lip, oral cavity and pharynx",Dead,385.0,53.0,,,No,No,No,0.0,1.0,385.0,385.0,II,hnsc
TCGA-CV-7099,TCGA-CV-7099-01A-02-BS2.pkl,Stage II,243.0,CV,"Other and ill-defined sites in lip, oral cavity and pharynx",Dead,243.0,85.0,,,No,No,No,0.0,1.0,243.0,243.0,II,hnsc
TCGA-CV-7100,TCGA-CV-7100-01A-01-TS1.pkl,Stage III,274.0,CV,"Other and ill-defined sites in lip, oral cavity and pharynx",Dead,274.0,66.0,,,No,No,No,0.0,1.0,274.0,274.0,III,hnsc
TCGA-CV-7101,TCGA-CV-7101-01A-01-TS1.pkl,Stage II,160.0,CV,Larynx,Dead,160.0,80.0,,,No,No,No,0.0,1.0,160.0,160.0,II,hnsc
TCGA-CV-7102,TCGA-CV-7102-01A-01-TS1.pkl,Stage IVA,56.0,CV,Floor of mouth,Dead,56.0,76.0,,,No,No,No,0.0,1.0,56.0,56.0,IVA,hnsc
TCGA-CV-7103,TCGA-CV-7103-01A-01-BS1.pkl,Stage IVA,1591.0,CV,Other and unspecified parts of tongue,Dead,1591.0,49.0,,,No,No,No,0.0,1.0,1591.0,1591.0,IVA,hnsc
TCGA-CV-7104,TCGA-CV-7104-01A-01-TS1.pkl,Stage IVA,393.0,CV,Other and unspecified parts of tongue,Dead,393.0,61.0,,,No,No,No,0.0,1.0,393.0,393.0,IVA,hnsc
TCGA-CV-7177,TCGA-CV-7177-01A-01-TS1.pkl,Stage II,663.0,CV,Larynx,Dead,663.0,82.0,,,No,No,No,0.0,1.0,663.0,663.0,II,hnsc
TCGA-CV-7178,TCGA-CV-7178-01A-01-BS1.pkl,Stage IVA,2166.0,CV,"Other and ill-defined sites in lip, oral cavity and pharynx",Dead,2166.0,64.0,,,No,No,No,0.0,1.0,2166.0,2166.0,IVA,hnsc
TCGA-CV-7180,TCGA-CV-7180-01A-01-BS1.pkl,Stage II,327.0,CV,Other and unspecified parts of tongue,Dead,327.0,34.0,,,No,No,No,0.0,1.0,327.0,327.0,II,hnsc
TCGA-CV-7183,TCGA-CV-7183-01A-01-BS1.pkl,Stage II,3981.0,CV,"Other and ill-defined sites in lip, oral cavity and pharynx",Alive,,52.0,,,No,No,No,1.0,1.0,3981.0,3981.0,II,hnsc
TCGA-CV-7235,TCGA-CV-7235-01A-01-BS1.pkl,Stage II,2347.0,CV,Floor of mouth,Alive,,67.0,,,No,No,No,1.0,1.0,2347.0,2347.0,II,hnsc
TCGA-CV-7236,TCGA-CV-7236-01A-01-TS1.pkl,Stage IVA,144.0,CV,Other and unspecified parts of tongue,Dead,144.0,77.0,,,No,No,No,0.0,1.0,144.0,144.0,IVA,hnsc
TCGA-CV-7238,TCGA-CV-7238-01A-01-BS1.pkl,Stage II,2727.0,CV,Other and unspecified parts of tongue,Alive,,69.0,,,No,No,No,1.0,1.0,2727.0,2727.0,II,hnsc
TCGA-CV-7242,TCGA-CV-7242-01A-01-TS1.pkl,Stage II,1095.0,CV,Larynx,Alive,,60.0,,,No,No,No,1.0,1.0,1095.0,1095.0,II,hnsc
TCGA-CV-7243,TCGA-CV-7243-01A-01-TS1.pkl,Stage III,954.0,CV,Other and unspecified parts of tongue,Alive,,50.0,,,No,No,No,1.0,1.0,954.0,954.0,III,hnsc
TCGA-CV-7245,TCGA-CV-7245-01A-01-TS1.pkl,Stage IVA,797.0,CV,Larynx,Alive,,62.0,,,No,No,No,1.0,1.0,797.0,797.0,IVA,hnsc
TCGA-CV-7247,TCGA-CV-7247-01A-01-TS1.pkl,Stage III,577.0,CV,Larynx,Dead,577.0,55.0,,,No,No,No,0.0,1.0,577.0,577.0,III,hnsc
TCGA-CV-7248,TCGA-CV-7248-01A-01-TS1.pkl,Stage IVA,521.0,CV,Larynx,Dead,521.0,63.0,,,No,No,No,0.0,1.0,521.0,521.0,IVA,hnsc
TCGA-CV-7250,TCGA-CV-7250-01A-01-TS1.pkl,Stage IVA,2900.0,CV,Larynx,Dead,2900.0,64.0,111.0,,Yes,Yes,No,0.0,0.0,2900.0,111.0,IVA,hnsc
TCGA-CV-7252,TCGA-CV-7252-01A-01-TS1.pkl,Stage IVA,151.0,CV,"Other and ill-defined sites in lip, oral cavity and pharynx",Dead,151.0,62.0,,,No,No,No,0.0,1.0,151.0,151.0,IVA,hnsc
TCGA-CV-7253,TCGA-CV-7253-01A-01-TS1.pkl,Stage IVA,361.0,CV,"Other and ill-defined sites in lip, oral cavity and pharynx",Dead,361.0,58.0,,,No,No,No,0.0,1.0,361.0,361.0,IVA,hnsc
TCGA-CV-7254,TCGA-CV-7254-01A-01-BS1.pkl,Stage II,1459.0,CV,"Other and ill-defined sites in lip, oral cavity and pharynx",Dead,1459.0,55.0,,,No,No,No,0.0,1.0,1459.0,1459.0,II,hnsc
TCGA-CV-7255,TCGA-CV-7255-01A-01-BS1.pkl,Stage IVA,64.0,CV,Other and unspecified parts of tongue,Dead,64.0,32.0,,,No,No,No,0.0,1.0,64.0,64.0,IVA,hnsc
TCGA-CV-7261,TCGA-CV-7261-01A-01-BS1.pkl,Stage IVA,1512.0,CV,Larynx,Alive,,57.0,,,No,No,No,1.0,1.0,1512.0,1512.0,IVA,hnsc
TCGA-CV-7263,TCGA-CV-7263-01A-01-TS1.pkl,Stage II,560.0,CV,"Other and ill-defined sites in lip, oral cavity and pharynx",Dead,560.0,64.0,,,No,No,No,0.0,1.0,560.0,560.0,II,hnsc
TCGA-CV-7406,TCGA-CV-7406-01A-01-TS1.pkl,Stage II,1748.0,CV,Base of tongue,Dead,1748.0,49.0,,,No,No,No,0.0,1.0,1748.0,1748.0,II,hnsc
TCGA-CV-7407,TCGA-CV-7407-01A-01-BS1.pkl,Stage II,1081.0,CV,Floor of mouth,Dead,1081.0,67.0,,,No,No,No,0.0,1.0,1081.0,1081.0,II,hnsc
TCGA-CV-7409,TCGA-CV-7409-01A-02-BS2.pkl,Stage IVB,543.0,CV,"Other and ill-defined sites in lip, oral cavity and pharynx",Dead,543.0,43.0,,,No,No,No,0.0,1.0,543.0,543.0,IVB,hnsc
TCGA-CV-7410,TCGA-CV-7410-01A-01-BS1.pkl,Stage III,6417.0,CV,Larynx,Dead,6417.0,61.0,,,No,No,No,0.0,1.0,6417.0,6417.0,III,hnsc
TCGA-CV-7411,TCGA-CV-7411-01A-01-TS1.pkl,Stage IVA,2717.0,CV,"Other and ill-defined sites in lip, oral cavity and pharynx",Dead,2717.0,64.0,,,No,No,No,0.0,1.0,2717.0,2717.0,IVA,hnsc
TCGA-CV-7413,TCGA-CV-7413-01A-01-TS1.pkl,Stage II,294.0,CV,"Other and ill-defined sites in lip, oral cavity and pharynx",Dead,294.0,74.0,,,No,No,No,0.0,1.0,294.0,294.0,II,hnsc
TCGA-CV-7414,TCGA-CV-7414-01A-01-TS1.pkl,Stage IVA,14.0,CV,"Other and ill-defined sites in lip, oral cavity and pharynx",Dead,14.0,78.0,,,No,No,No,0.0,1.0,14.0,14.0,IVA,hnsc
TCGA-CV-7415,TCGA-CV-7415-01A-01-TS1.pkl,Stage IVA,695.0,CV,Larynx,Dead,695.0,60.0,,,No,No,No,0.0,1.0,695.0,695.0,IVA,hnsc
TCGA-CV-7416,TCGA-CV-7416-01A-01-TS1.pkl,Stage IVA,763.0,CV,"Other and ill-defined sites in lip, oral cavity and pharynx",Dead,763.0,29.0,,,No,No,No,0.0,1.0,763.0,763.0,IVA,hnsc
TCGA-CV-7418,TCGA-CV-7418-01A-01-TS1.pkl,Stage IVA,789.0,CV,Larynx,Dead,789.0,62.0,,494.0,Yes,No,Yes,0.0,1.0,789.0,789.0,IVA,hnsc
TCGA-CV-7421,TCGA-CV-7421-01A-01-BS1.pkl,Stage IVA,2.0,CV,Larynx,Dead,2.0,76.0,,,No,No,No,0.0,1.0,2.0,2.0,IVA,hnsc
TCGA-CV-7422,TCGA-CV-7422-01A-01-BS1.pkl,Stage IVA,1037.0,CV,Larynx,Dead,1037.0,60.0,,733.0,Yes,No,Yes,0.0,1.0,1037.0,1037.0,IVA,hnsc
TCGA-CV-7423,TCGA-CV-7423-01A-01-TS1.pkl,Stage II,3059.0,CV,"Other and ill-defined sites in lip, oral cavity and pharynx",Dead,3059.0,65.0,,,No,No,No,0.0,1.0,3059.0,3059.0,II,hnsc
TCGA-CV-7424,TCGA-CV-7424-01A-01-TS1.pkl,Stage IVA,453.0,CV,Larynx,Dead,453.0,67.0,,,No,No,No,0.0,1.0,453.0,453.0,IVA,hnsc
TCGA-CV-7425,TCGA-CV-7425-01A-01-BS1.pkl,Stage III,1718.0,CV,"Other and ill-defined sites in lip, oral cavity and pharynx",Dead,1718.0,77.0,,,No,No,No,0.0,1.0,1718.0,1718.0,III,hnsc
TCGA-CV-7427,TCGA-CV-7427-01A-01-TS1.pkl,Stage II,4760.0,CV,"Other and ill-defined sites in lip, oral cavity and pharynx",Dead,4760.0,73.0,,3282.0,Yes,No,Yes,0.0,1.0,4760.0,4760.0,II,hnsc
TCGA-CV-7428,TCGA-CV-7428-01A-01-TS1.pkl,Stage IVA,1671.0,CV,"Other and ill-defined sites in lip, oral cavity and pharynx",Dead,1671.0,47.0,,,No,No,No,0.0,1.0,1671.0,1671.0,IVA,hnsc
TCGA-CV-7429,TCGA-CV-7429-01A-01-TS1.pkl,Stage IVA,107.0,CV,"Other and ill-defined sites in lip, oral cavity and pharynx",Dead,107.0,55.0,,,No,No,No,0.0,1.0,107.0,107.0,IVA,hnsc
TCGA-CV-7430,TCGA-CV-7430-01A-01-TS1.pkl,Stage IVA,495.0,CV,Larynx,Dead,495.0,56.0,,,No,No,No,0.0,1.0,495.0,495.0,IVA,hnsc
TCGA-CV-7432,TCGA-CV-7432-01A-01-BS1.pkl,Stage II,2570.0,CV,"Other and ill-defined sites in lip, oral cavity and pharynx",Dead,2570.0,79.0,,,No,No,No,0.0,1.0,2570.0,2570.0,II,hnsc
TCGA-CV-7433,TCGA-CV-7433-01A-01-TS1.pkl,Stage IVA,601.0,CV,Larynx,Dead,601.0,49.0,445.0,,Yes,Yes,No,0.0,0.0,601.0,445.0,IVA,hnsc
TCGA-CV-7434,TCGA-CV-7434-01A-01-TS1.pkl,Stage IVA,218.0,CV,"Other and ill-defined sites in lip, oral cavity and pharynx",Dead,218.0,64.0,,,No,No,No,0.0,1.0,218.0,218.0,IVA,hnsc
TCGA-CV-7435,TCGA-CV-7435-01A-01-BS1.pkl,Stage IVA,4680.0,CV,"Other and ill-defined sites in lip, oral cavity and pharynx",Dead,4680.0,57.0,,,No,No,No,0.0,1.0,4680.0,4680.0,IVA,hnsc
TCGA-CV-7437,TCGA-CV-7437-01A-01-BS1.pkl,Stage II,506.0,CV,Larynx,Dead,506.0,77.0,,,No,No,No,0.0,1.0,506.0,506.0,II,hnsc
TCGA-CV-7438,TCGA-CV-7438-01A-01-BS1.pkl,Stage I,194.0,CV,Other and unspecified parts of tongue,Dead,194.0,87.0,,,No,No,No,0.0,1.0,194.0,194.0,I,hnsc
TCGA-CV-7440,TCGA-CV-7440-01A-01-BS1.pkl,Stage II,675.0,CV,Larynx,Dead,675.0,38.0,,,No,No,No,0.0,1.0,675.0,675.0,II,hnsc
TCGA-CV-7446,TCGA-CV-7446-01A-01-BS1.pkl,Stage IVA,1093.0,CV,Other and unspecified parts of tongue,Dead,1093.0,66.0,,,No,No,No,0.0,1.0,1093.0,1093.0,IVA,hnsc
TCGA-CV-7568,TCGA-CV-7568-01A-01-TS1.pkl,Stage IVA,927.0,CV,"Other and ill-defined sites in lip, oral cavity and pharynx",Dead,927.0,48.0,,,No,No,No,0.0,1.0,927.0,927.0,IVA,hnsc
TCGA-CV-A45P,TCGA-CV-A45P-01A-01-TS1.pkl,Stage I,639.0,CV,Other and unspecified parts of tongue,Alive,,82.0,,639.0,Yes,No,Yes,1.0,1.0,639.0,639.0,I,hnsc
TCGA-CV-A45R,TCGA-CV-A45R-01A-01-TS1.pkl,Stage III,5480.0,CV,Other and unspecified parts of tongue,Alive,,46.0,,,No,No,No,1.0,1.0,5480.0,5480.0,III,hnsc
TCGA-CV-A45U,TCGA-CV-A45U-01A-01-TS1.pkl,Stage IVA,1079.0,CV,Other and unspecified parts of mouth,Dead,1079.0,59.0,1064.0,,Yes,Yes,No,0.0,0.0,1079.0,1064.0,IVA,hnsc
TCGA-CV-A45V,TCGA-CV-A45V-01A-02-TS2.pkl,Stage IVA,32.0,CV,Other and unspecified parts of mouth,Dead,32.0,87.0,,,No,No,No,0.0,1.0,32.0,32.0,IVA,hnsc
TCGA-CV-A45W,TCGA-CV-A45W-01A-01-TS1.pkl,Stage II,1398.0,CV,Larynx,Dead,1398.0,75.0,,,No,No,No,0.0,1.0,1398.0,1398.0,II,hnsc
TCGA-CV-A45X,TCGA-CV-A45X-01A-02-TS2.pkl,Stage IVA,198.0,CV,Floor of mouth,Dead,198.0,47.0,,,No,No,No,0.0,1.0,198.0,198.0,IVA,hnsc
TCGA-CV-A45Y,TCGA-CV-A45Y-01A-01-TS1.pkl,Stage IVA,2703.0,CV,Larynx,Dead,2703.0,61.0,2318.0,,Yes,Yes,No,0.0,0.0,2703.0,2318.0,IVA,hnsc
TCGA-CV-A463,TCGA-CV-A463-01A-01-TS1.pkl,Stage IVA,23.0,CV,Floor of mouth,Dead,23.0,82.0,,,No,No,No,0.0,1.0,23.0,23.0,IVA,hnsc
TCGA-CV-A464,TCGA-CV-A464-01A-01-TSA.pkl,Stage III,1722.0,CV,Other and unspecified parts of mouth,Alive,,48.0,,28.0,Yes,No,Yes,1.0,1.0,1722.0,1722.0,III,hnsc
TCGA-CV-A465,TCGA-CV-A465-01A-01-TS1.pkl,Stage III,215.0,CV,Other and unspecified parts of tongue,Dead,215.0,24.0,,,No,No,No,0.0,1.0,215.0,215.0,III,hnsc
TCGA-CV-A468,TCGA-CV-A468-01A-01-TSA.pkl,Stage IVA,464.0,CV,Lip,Dead,464.0,42.0,,,No,No,No,0.0,1.0,464.0,464.0,IVA,hnsc
TCGA-CV-A6JO,TCGA-CV-A6JO-01B-01-TS1.pkl,Stage IVA,197.0,CV,Other and unspecified parts of tongue,Dead,197.0,69.0,,127.0,Yes,No,Yes,0.0,1.0,197.0,197.0,IVA,hnsc
TCGA-CV-A6JT,TCGA-CV-A6JT-01A-01-TS1.pkl,Stage II,852.0,CV,Other and unspecified parts of tongue,Alive,,65.0,,,No,No,No,1.0,1.0,852.0,852.0,II,hnsc
TCGA-CV-A6JU,TCGA-CV-A6JU-01A-01-TS1.pkl,Stage IVB,110.0,CV,Other and unspecified parts of tongue,Alive,,61.0,,,No,No,No,1.0,1.0,110.0,110.0,IVB,hnsc
TCGA-CV-A6JY,TCGA-CV-A6JY-01A-01-TS1.pkl,Stage IVA,646.0,CV,Other and unspecified parts of mouth,Alive,,69.0,,,No,No,No,1.0,1.0,646.0,646.0,IVA,hnsc
TCGA-CV-A6JZ,TCGA-CV-A6JZ-01A-01-TS1.pkl,Stage II,714.0,CV,Other and unspecified parts of mouth,Alive,,68.0,,393.0,Yes,No,Yes,1.0,1.0,714.0,714.0,II,hnsc
TCGA-CV-A6K0,TCGA-CV-A6K0-01B-02-TSB.pkl,Stage I,606.0,CV,Other and unspecified parts of tongue,Alive,,58.0,,146.0,Yes,No,Yes,1.0,1.0,606.0,606.0,I,hnsc
TCGA-CV-A6K1,TCGA-CV-A6K1-01A-01-TS1.pkl,Stage IVA,685.0,CV,Larynx,Alive,,65.0,,,No,No,No,1.0,1.0,685.0,685.0,IVA,hnsc
TCGA-CV-A6K2,TCGA-CV-A6K2-01A-01-TS1.pkl,Stage IVA,317.0,CV,Other and unspecified parts of mouth,Dead,317.0,79.0,,134.0,Yes,No,Yes,0.0,1.0,317.0,317.0,IVA,hnsc
TCGA-CX-7082,TCGA-CX-7082-01A-01-TS1.pkl,Stage IVA,11.0,CX,"Other and ill-defined sites in lip, oral cavity and pharynx",Dead,11.0,82.0,,,No,No,No,0.0,1.0,11.0,11.0,IVA,hnsc
TCGA-CX-7085,TCGA-CX-7085-01A-01-BS1.pkl,Stage I,321.0,CX,Other and unspecified parts of tongue,Alive,,77.0,,92.0,Yes,No,Yes,1.0,1.0,321.0,321.0,I,hnsc
TCGA-CX-7086,TCGA-CX-7086-01A-01-TS1.pkl,Stage III,573.0,CX,Floor of mouth,Alive,,53.0,,,No,No,No,1.0,1.0,573.0,573.0,III,hnsc
TCGA-CX-7219,TCGA-CX-7219-01A-01-BS1.pkl,Stage IVA,1045.0,CX,Floor of mouth,Alive,,47.0,,,No,No,No,1.0,1.0,1045.0,1045.0,IVA,hnsc
TCGA-CX-A4AQ,TCGA-CX-A4AQ-01A-01-TS1.pkl,Stage IVA,1555.0,CX,Floor of mouth,Alive,,56.0,,,No,No,No,1.0,1.0,1555.0,1555.0,IVA,hnsc
TCGA-D6-6515,TCGA-D6-6515-01A-01-BS1.pkl,Stage II,403.0,D6,Other and unspecified parts of tongue,Dead,403.0,82.0,,195.0,Yes,No,Yes,0.0,1.0,403.0,403.0,II,hnsc
TCGA-D6-6516,TCGA-D6-6516-01A-01-BS1.pkl,Stage I,773.0,D6,Lip,Alive,,69.0,,,No,No,No,1.0,1.0,773.0,773.0,I,hnsc
TCGA-D6-6517,TCGA-D6-6517-01A-01-BS1.pkl,Stage III,292.0,D6,Larynx,Alive,,59.0,161.0,161.0,Yes,Yes,Yes,1.0,0.0,292.0,161.0,III,hnsc
TCGA-D6-6823,TCGA-D6-6823-01A-01-BS1.pkl,Stage II,701.0,D6,Other and unspecified parts of tongue,Alive,,50.0,,,No,No,No,1.0,1.0,701.0,701.0,II,hnsc
TCGA-D6-6824,TCGA-D6-6824-01A-01-TS1.pkl,Stage IVA,77.0,D6,Larynx,Alive,,61.0,,,No,No,No,1.0,1.0,77.0,77.0,IVA,hnsc
TCGA-D6-6825,TCGA-D6-6825-01A-01-BS1.pkl,Stage I,491.0,D6,Other and unspecified parts of tongue,Alive,,73.0,,,No,No,No,1.0,1.0,491.0,491.0,I,hnsc
TCGA-D6-6826,TCGA-D6-6826-01A-01-TS1.pkl,Stage IVA,348.0,D6,Larynx,Dead,348.0,64.0,,,No,No,No,0.0,1.0,348.0,348.0,IVA,hnsc
TCGA-D6-6827,TCGA-D6-6827-01A-01-BS1.pkl,Stage I,568.0,D6,Lip,Alive,,55.0,,,No,No,No,1.0,1.0,568.0,568.0,I,hnsc
TCGA-D6-8568,TCGA-D6-8568-01A-01-BS1.pkl,Stage II,759.0,D6,Larynx,Alive,,62.0,,,No,No,No,1.0,1.0,759.0,759.0,II,hnsc
TCGA-D6-8569,TCGA-D6-8569-01A-01-TS1.pkl,Stage II,770.0,D6,Other and unspecified parts of tongue,Alive,,52.0,,,No,No,No,1.0,1.0,770.0,770.0,II,hnsc
TCGA-D6-A4Z9,TCGA-D6-A4Z9-01A-01-TS1.pkl,Stage IVA,539.0,D6,Other and unspecified parts of tongue,Alive,,59.0,,,No,No,No,1.0,1.0,539.0,539.0,IVA,hnsc
TCGA-D6-A4ZB,TCGA-D6-A4ZB-01A-01-TS1.pkl,Stage III,376.0,D6,Other and unspecified parts of tongue,Alive,,61.0,,,No,No,No,1.0,1.0,376.0,376.0,III,hnsc
TCGA-D6-A6EK,TCGA-D6-A6EK-01A-01-TS1.pkl,Stage III,875.0,D6,Larynx,Alive,,67.0,,,No,No,No,1.0,1.0,875.0,875.0,III,hnsc
TCGA-D6-A6EM,TCGA-D6-A6EM-01A-02-TS2.pkl,Stage III,232.0,D6,Other and unspecified parts of mouth,Alive,,65.0,,232.0,Yes,No,Yes,1.0,1.0,232.0,232.0,III,hnsc
TCGA-D6-A6EN,TCGA-D6-A6EN-01A-01-TS1.pkl,Stage III,687.0,D6,Other and unspecified parts of mouth,Alive,,71.0,,,No,No,No,1.0,1.0,687.0,687.0,III,hnsc
TCGA-D6-A6EO,TCGA-D6-A6EO-01A-01-TS1.pkl,Stage IVA,759.0,D6,Floor of mouth,Alive,,44.0,,,No,No,No,1.0,1.0,759.0,759.0,IVA,hnsc
TCGA-D6-A6EP,TCGA-D6-A6EP-01A-01-TS1.pkl,Stage III,424.0,D6,Hypopharynx,Alive,,62.0,,,No,No,No,1.0,1.0,424.0,424.0,III,hnsc
TCGA-D6-A6EQ,TCGA-D6-A6EQ-01A-01-TS1.pkl,Stage IVA,368.0,D6,Larynx,Alive,,57.0,,,No,No,No,1.0,1.0,368.0,368.0,IVA,hnsc
TCGA-D6-A6ES,TCGA-D6-A6ES-01A-01-TS1.pkl,Stage IVA,389.0,D6,Larynx,Alive,,50.0,,,No,No,No,1.0,1.0,389.0,389.0,IVA,hnsc
TCGA-D6-A74Q,TCGA-D6-A74Q-01A-01-TS1.pkl,Stage IVA,710.0,D6,Larynx,Alive,,67.0,,,No,No,No,1.0,1.0,710.0,710.0,IVA,hnsc
TCGA-F7-7848,TCGA-F7-7848-01A-01-TS1.pkl,Stage IVA,1131.0,F7,Larynx,Alive,,47.0,,,No,No,No,1.0,1.0,1131.0,1131.0,IVA,hnsc
TCGA-F7-8298,TCGA-F7-8298-01A-01-TS1.pkl,Stage I,995.0,F7,Larynx,Alive,,58.0,,,No,No,No,1.0,1.0,995.0,995.0,I,hnsc
TCGA-F7-A50G,TCGA-F7-A50G-01A-01-TSA.pkl,Stage III,616.0,F7,Other and unspecified parts of tongue,Alive,,66.0,,,No,No,No,1.0,1.0,616.0,616.0,III,hnsc
TCGA-F7-A50I,TCGA-F7-A50I-01A-01-TSA.pkl,Stage IVA,92.0,F7,Larynx,Alive,,72.0,,,No,No,No,1.0,1.0,92.0,92.0,IVA,hnsc
TCGA-F7-A50J,TCGA-F7-A50J-01A-02-TSB.pkl,Stage III,947.0,F7,Other and unspecified parts of tongue,Alive,,67.0,,,No,No,No,1.0,1.0,947.0,947.0,III,hnsc
TCGA-F7-A61S,TCGA-F7-A61S-01A-01-TSA.pkl,Stage III,576.0,F7,Other and unspecified parts of tongue,Alive,,62.0,,213.0,Yes,No,Yes,1.0,1.0,576.0,576.0,III,hnsc
TCGA-F7-A61V,TCGA-F7-A61V-01A-01-TSA.pkl,Stage II,759.0,F7,Base of tongue,Alive,,54.0,,,No,No,No,1.0,1.0,759.0,759.0,II,hnsc
TCGA-F7-A61W,TCGA-F7-A61W-01A-01-TSA.pkl,Stage IVA,14.0,F7,Other and unspecified parts of tongue,Alive,,51.0,,,No,No,No,1.0,1.0,14.0,14.0,IVA,hnsc
TCGA-F7-A620,TCGA-F7-A620-01A-01-TSA.pkl,Stage III,543.0,F7,Base of tongue,Alive,,47.0,,,No,No,No,1.0,1.0,543.0,543.0,III,hnsc
TCGA-F7-A623,TCGA-F7-A623-01A-01-TSA.pkl,Stage IVA,616.0,F7,Larynx,Alive,,70.0,,,No,No,No,1.0,1.0,616.0,616.0,IVA,hnsc
TCGA-F7-A624,TCGA-F7-A624-01A-02-TSB.pkl,Stage II,378.0,F7,Other and unspecified parts of mouth,Alive,,73.0,,,No,No,No,1.0,1.0,378.0,378.0,II,hnsc
TCGA-H7-7774,TCGA-H7-7774-01A-01-BS1.pkl,Stage IVA,407.0,H7,"Other and ill-defined sites in lip, oral cavity and pharynx",Alive,,75.0,,,No,No,No,1.0,1.0,407.0,407.0,IVA,hnsc
TCGA-H7-8501,TCGA-H7-8501-01A-01-BS1.pkl,Stage IVA,461.0,H7,Other and unspecified parts of mouth,Alive,,54.0,,,No,No,No,1.0,1.0,461.0,461.0,IVA,hnsc
TCGA-H7-8502,TCGA-H7-8502-01A-01-BS1.pkl,Stage IVA,458.0,H7,Other and unspecified parts of mouth,Alive,,50.0,,,No,No,No,1.0,1.0,458.0,458.0,IVA,hnsc
TCGA-H7-A6C5,TCGA-H7-A6C5-01A-01-TS1.pkl,Stage II,642.0,H7,Larynx,Alive,,65.0,,,No,No,No,1.0,1.0,642.0,642.0,II,hnsc
TCGA-HD-7754,TCGA-HD-7754-01A-01-BS1.pkl,Stage IVA,783.0,HD,Oropharynx,Alive,,69.0,,,No,No,No,1.0,1.0,783.0,783.0,IVA,hnsc
TCGA-HD-7831,TCGA-HD-7831-01A-01-TS1.pkl,Stage IVA,667.0,HD,Other and unspecified parts of tongue,Alive,,74.0,667.0,,Yes,Yes,No,1.0,0.0,667.0,667.0,IVA,hnsc
TCGA-HD-7832,TCGA-HD-7832-01A-01-TS1.pkl,Stage IVA,836.0,HD,Floor of mouth,Alive,,52.0,,,No,No,No,1.0,1.0,836.0,836.0,IVA,hnsc
TCGA-HD-7917,TCGA-HD-7917-01A-01-TS1.pkl,Stage II,836.0,HD,Floor of mouth,Dead,836.0,62.0,,,No,No,No,0.0,1.0,836.0,836.0,II,hnsc
TCGA-HD-8224,TCGA-HD-8224-01A-01-TS1.pkl,Stage IVA,446.0,HD,Base of tongue,Dead,446.0,63.0,171.0,,Yes,Yes,No,0.0,0.0,446.0,171.0,IVA,hnsc
TCGA-HD-8314,TCGA-HD-8314-01A-01-TS1.pkl,Stage III,670.0,HD,Base of tongue,Alive,,58.0,,,No,No,No,1.0,1.0,670.0,670.0,III,hnsc
TCGA-HD-8634,TCGA-HD-8634-01A-01-TS1.pkl,Stage I,385.0,HD,Other and unspecified parts of tongue,Dead,385.0,51.0,,,No,No,No,0.0,1.0,385.0,385.0,I,hnsc
TCGA-HD-8635,TCGA-HD-8635-01A-01-TS1.pkl,Stage III,695.0,HD,Other and unspecified parts of tongue,Alive,,61.0,,,No,No,No,1.0,1.0,695.0,695.0,III,hnsc
TCGA-HD-A4C1,TCGA-HD-A4C1-01A-01-TS1.pkl,Stage IVA,11.0,HD,Other and unspecified parts of mouth,Alive,,41.0,,,No,No,No,1.0,1.0,11.0,11.0,IVA,hnsc
TCGA-HD-A633,TCGA-HD-A633-01A-01-TS1.pkl,Stage IVA,421.0,HD,Other and unspecified parts of mouth,Alive,,74.0,,419.0,Yes,No,Yes,1.0,1.0,421.0,421.0,IVA,hnsc
TCGA-HD-A634,TCGA-HD-A634-01A-01-TSA.pkl,Stage IVA,130.0,HD,Tonsil,Dead,130.0,56.0,,,No,No,No,0.0,1.0,130.0,130.0,IVA,hnsc
TCGA-HD-A6HZ,TCGA-HD-A6HZ-01A-01-TS1.pkl,Stage III,111.0,HD,Other and unspecified parts of tongue,Alive,,79.0,,,No,No,No,1.0,1.0,111.0,111.0,III,hnsc
TCGA-HD-A6I0,TCGA-HD-A6I0-01A-01-TS1.pkl,Stage IVA,210.0,HD,Other and unspecified parts of mouth,Alive,,56.0,,,No,No,No,1.0,1.0,210.0,210.0,IVA,hnsc
TCGA-IQ-7630,TCGA-IQ-7630-01A-01-TS1.pkl,Stage II,485.0,IQ,Oropharynx,Alive,,49.0,,,No,No,No,1.0,1.0,485.0,485.0,II,hnsc
TCGA-IQ-7631,TCGA-IQ-7631-01A-01-TS1.pkl,Stage II,1172.0,IQ,Other and unspecified parts of mouth,Alive,,60.0,,,No,No,No,1.0,1.0,1172.0,1172.0,II,hnsc
TCGA-IQ-7632,TCGA-IQ-7632-01A-01-TS1.pkl,Stage IVA,441.0,IQ,"Other and ill-defined sites in lip, oral cavity and pharynx",Alive,,68.0,,,No,No,No,1.0,1.0,441.0,441.0,IVA,hnsc
TCGA-IQ-A61E,TCGA-IQ-A61E-01A-02-TS2.pkl,Stage III,1147.0,IQ,Other and unspecified parts of tongue,Alive,,55.0,,,No,No,No,1.0,1.0,1147.0,1147.0,III,hnsc
TCGA-IQ-A61G,TCGA-IQ-A61G-01A-01-TSA.pkl,Stage IVA,360.0,IQ,Floor of mouth,Alive,,57.0,,249.0,Yes,No,Yes,1.0,1.0,360.0,360.0,IVA,hnsc
TCGA-IQ-A61H,TCGA-IQ-A61H-01A-01-TS1.pkl,Stage II,1138.0,IQ,Other and unspecified parts of tongue,Alive,,76.0,,,No,No,No,1.0,1.0,1138.0,1138.0,II,hnsc
TCGA-IQ-A61I,TCGA-IQ-A61I-01A-01-TS1.pkl,Stage IVA,2.0,IQ,Tonsil,Dead,2.0,63.0,,,No,No,No,0.0,1.0,2.0,2.0,IVA,hnsc
TCGA-IQ-A61J,TCGA-IQ-A61J-01A-01-TS1.pkl,Stage IVA,1021.0,IQ,Other and unspecified parts of tongue,Alive,,54.0,,,No,No,No,1.0,1.0,1021.0,1021.0,IVA,hnsc
TCGA-IQ-A61K,TCGA-IQ-A61K-01A-01-TS1.pkl,Stage IVA,161.0,IQ,Other and unspecified parts of tongue,Dead,161.0,70.0,,,No,No,No,0.0,1.0,161.0,161.0,IVA,hnsc
TCGA-IQ-A61L,TCGA-IQ-A61L-01A-01-TSA.pkl,Stage II,416.0,IQ,Other and unspecified parts of tongue,Alive,,72.0,,156.0,Yes,No,Yes,1.0,1.0,416.0,416.0,II,hnsc
TCGA-IQ-A61O,TCGA-IQ-A61O-01A-01-TSA.pkl,Stage IVA,421.0,IQ,Base of tongue,Dead,421.0,43.0,,,No,No,No,0.0,1.0,421.0,421.0,IVA,hnsc
TCGA-IQ-A6SG,TCGA-IQ-A6SG-01A-01-TSA.pkl,Stage III,579.0,IQ,Other and unspecified parts of tongue,Alive,,61.0,,,No,No,No,1.0,1.0,579.0,579.0,III,hnsc
TCGA-IQ-A6SH,TCGA-IQ-A6SH-01A-01-TS1.pkl,Stage III,471.0,IQ,Other and unspecified parts of tongue,Alive,,55.0,,,No,No,No,1.0,1.0,471.0,471.0,III,hnsc
TCGA-KU-A66S,TCGA-KU-A66S-01A-02-TSB.pkl,Stage III,406.0,KU,Larynx,Dead,406.0,69.0,389.0,,Yes,Yes,No,0.0,0.0,406.0,389.0,III,hnsc
TCGA-KU-A66T,TCGA-KU-A66T-01A-01-TS1.pkl,Stage IVA,552.0,KU,Floor of mouth,Alive,,53.0,,552.0,Yes,No,Yes,1.0,1.0,552.0,552.0,IVA,hnsc
TCGA-KU-A6H7,TCGA-KU-A6H7-01A-01-TS1.pkl,Stage IVA,586.0,KU,Tonsil,Alive,,55.0,,,No,No,No,1.0,1.0,586.0,586.0,IVA,hnsc
TCGA-KU-A6H8,TCGA-KU-A6H8-01A-02-TSB.pkl,Stage IVA,327.0,KU,Other and unspecified parts of tongue,Dead,327.0,41.0,,110.0,Yes,No,Yes,0.0,1.0,327.0,327.0,IVA,hnsc
TCGA-MT-A51W,TCGA-MT-A51W-01A-02-TSB.pkl,Stage I,437.0,MT,Other and unspecified parts of tongue,Alive,,52.0,,,No,No,No,1.0,1.0,437.0,437.0,I,hnsc
TCGA-MT-A51X,TCGA-MT-A51X-01A-01-TSA.pkl,Stage IVA,242.0,MT,Other and unspecified parts of tongue,Alive,,30.0,,,No,No,No,1.0,1.0,242.0,242.0,IVA,hnsc
TCGA-MT-A67A,TCGA-MT-A67A-01A-01-TS1.pkl,Stage I,914.0,MT,Other and unspecified parts of tongue,Alive,,85.0,,,No,No,No,1.0,1.0,914.0,914.0,I,hnsc
TCGA-MT-A67D,TCGA-MT-A67D-01A-03-TS3.pkl,Stage II,56.0,MT,Floor of mouth,Alive,,55.0,,,No,No,No,1.0,1.0,56.0,56.0,II,hnsc
TCGA-MT-A67F,TCGA-MT-A67F-01A-01-TS1.pkl,Stage IVA,384.0,MT,Other and unspecified parts of mouth,Alive,,60.0,,,No,No,No,1.0,1.0,384.0,384.0,IVA,hnsc
TCGA-MT-A67G,TCGA-MT-A67G-01A-01-TS1.pkl,Stage IVA,190.0,MT,Tonsil,Alive,,53.0,,,No,No,No,1.0,1.0,190.0,190.0,IVA,hnsc
TCGA-MT-A7BN,TCGA-MT-A7BN-01A-01-TSA.pkl,Stage IVA,469.0,MT,Floor of mouth,Alive,,74.0,179.0,,Yes,Yes,No,1.0,0.0,469.0,179.0,IVA,hnsc
TCGA-MZ-A7D7,TCGA-MZ-A7D7-01A-02-TSB.pkl,Stage IVA,547.0,MZ,Base of tongue,Alive,,51.0,339.0,,Yes,Yes,No,1.0,0.0,547.0,339.0,IVA,hnsc
TCGA-P3-A5Q5,TCGA-P3-A5Q5-01A-01-TS1.pkl,Stage IVA,910.0,P3,Tonsil,Alive,,54.0,,,No,No,No,1.0,1.0,910.0,910.0,IVA,hnsc
TCGA-P3-A5Q6,TCGA-P3-A5Q6-01A-01-TS1.pkl,Stage IVA,480.0,P3,Tonsil,Dead,480.0,49.0,280.0,,Yes,Yes,No,0.0,0.0,480.0,280.0,IVA,hnsc
TCGA-P3-A5QA,TCGA-P3-A5QA-01A-01-TS1.pkl,Stage I,2182.0,P3,Other and unspecified parts of tongue,Alive,,41.0,,1601.0,Yes,No,Yes,1.0,1.0,2182.0,2182.0,I,hnsc
TCGA-P3-A5QE,TCGA-P3-A5QE-01A-01-TS1.pkl,Stage III,1559.0,P3,Base of tongue,Alive,,49.0,,,No,No,No,1.0,1.0,1559.0,1559.0,III,hnsc
TCGA-P3-A5QF,TCGA-P3-A5QF-01A-01-TS1.pkl,Stage IVA,330.0,P3,Gum,Dead,330.0,49.0,140.0,,Yes,Yes,No,0.0,0.0,330.0,140.0,IVA,hnsc
TCGA-P3-A6SW,TCGA-P3-A6SW-01A-01-TS1.pkl,Stage IVB,1120.0,P3,Tonsil,Alive,,50.0,,,No,No,No,1.0,1.0,1120.0,1120.0,IVB,hnsc
TCGA-P3-A6SX,TCGA-P3-A6SX-01A-01-TS1.pkl,Stage III,1430.0,P3,Tonsil,Dead,1430.0,67.0,,,No,No,No,0.0,1.0,1430.0,1430.0,III,hnsc
TCGA-P3-A6T0,TCGA-P3-A6T0-01A-01-TS1.pkl,Stage IVA,578.0,P3,Floor of mouth,Alive,,47.0,,365.0,Yes,No,Yes,1.0,1.0,578.0,578.0,IVA,hnsc
TCGA-P3-A6T2,TCGA-P3-A6T2-01A-01-TS1.pkl,Stage IVA,2298.0,P3,Other and unspecified parts of mouth,Alive,,45.0,,,No,No,No,1.0,1.0,2298.0,2298.0,IVA,hnsc
TCGA-P3-A6T3,TCGA-P3-A6T3-01A-01-TS1.pkl,Stage IVA,577.0,P3,Other and unspecified parts of mouth,Dead,577.0,49.0,242.0,,Yes,Yes,No,0.0,0.0,577.0,242.0,IVA,hnsc
TCGA-P3-A6T4,TCGA-P3-A6T4-01A-01-TS1.pkl,Stage IVA,62.0,P3,Floor of mouth,Dead,62.0,54.0,,,No,No,No,0.0,1.0,62.0,62.0,IVA,hnsc
TCGA-P3-A6T5,TCGA-P3-A6T5-01A-01-TS1.pkl,Stage IVA,882.0,P3,Gum,Dead,882.0,79.0,,577.0,Yes,No,Yes,0.0,1.0,882.0,882.0,IVA,hnsc
TCGA-P3-A6T6,TCGA-P3-A6T6-01A-01-TS1.pkl,Stage IVA,395.0,P3,Gum,Dead,395.0,53.0,273.0,273.0,Yes,Yes,Yes,0.0,0.0,395.0,273.0,IVA,hnsc
TCGA-P3-A6T7,TCGA-P3-A6T7-01A-01-TS1.pkl,Stage IVA,487.0,P3,Floor of mouth,Dead,487.0,55.0,,,No,No,No,0.0,1.0,487.0,487.0,IVA,hnsc
TCGA-P3-A6T8,TCGA-P3-A6T8-01A-01-TS1.pkl,Stage IVA,400.0,P3,Floor of mouth,Alive,,54.0,,,No,No,No,1.0,1.0,400.0,400.0,IVA,hnsc
TCGA-QK-A64Z,TCGA-QK-A64Z-01A-01-TSA.pkl,Stage IVA,641.0,QK,Floor of mouth,Dead,641.0,79.0,,553.0,Yes,No,Yes,0.0,1.0,641.0,641.0,IVA,hnsc
TCGA-QK-A652,TCGA-QK-A652-01A-01-TS1.pkl,Stage III,645.0,QK,Other and unspecified parts of tongue,Alive,,60.0,,,No,No,No,1.0,1.0,645.0,645.0,III,hnsc
TCGA-QK-A6IG,TCGA-QK-A6IG-01A-01-TSA.pkl,Stage III,222.0,QK,Other and unspecified parts of mouth,Dead,222.0,69.0,,142.0,Yes,No,Yes,0.0,1.0,222.0,222.0,III,hnsc
TCGA-QK-A6IH,TCGA-QK-A6IH-01A-01-TS1.pkl,Stage IVB,653.0,QK,Gum,Alive,,65.0,228.0,,Yes,Yes,No,1.0,0.0,653.0,228.0,IVB,hnsc
TCGA-QK-A6II,TCGA-QK-A6II-01A-01-TSA.pkl,Stage IVA,284.0,QK,Floor of mouth,Dead,284.0,52.0,,176.0,Yes,No,Yes,0.0,1.0,284.0,284.0,IVA,hnsc
TCGA-QK-A6IJ,TCGA-QK-A6IJ-01A-01-TS1.pkl,Stage III,387.0,QK,Floor of mouth,Alive,,71.0,,,No,No,No,1.0,1.0,387.0,387.0,III,hnsc
TCGA-QK-A6V9,TCGA-QK-A6V9-01A-01-TS1.pkl,Stage II,833.0,QK,Oropharynx,Alive,,56.0,,,No,No,No,1.0,1.0,833.0,833.0,II,hnsc
TCGA-QK-A6VB,TCGA-QK-A6VB-01A-01-TSA.pkl,Stage IVA,641.0,QK,Floor of mouth,Alive,,66.0,,,No,No,No,1.0,1.0,641.0,641.0,IVA,hnsc
TCGA-QK-A6VC,TCGA-QK-A6VC-01A-02-TSB.pkl,Stage IVA,600.0,QK,Hypopharynx,Alive,,62.0,,,No,No,No,1.0,1.0,600.0,600.0,IVA,hnsc
TCGA-QK-A8Z7,TCGA-QK-A8Z7-01A-01-TSA.pkl,Stage IVA,392.0,QK,Floor of mouth,Alive,,59.0,,,No,No,No,1.0,1.0,392.0,392.0,IVA,hnsc
TCGA-QK-A8Z8,TCGA-QK-A8Z8-01A-01-TS1.pkl,Stage IVC,171.0,QK,Larynx,Dead,171.0,60.0,,,No,No,No,0.0,1.0,171.0,171.0,IVC,hnsc
TCGA-QK-A8Z9,TCGA-QK-A8Z9-01B-01-TSA.pkl,Stage IVA,449.0,QK,Floor of mouth,Dead,449.0,56.0,205.0,,Yes,Yes,No,0.0,0.0,449.0,205.0,IVA,hnsc
TCGA-QK-A8ZB,TCGA-QK-A8ZB-01A-01-TSA.pkl,Stage IVA,542.0,QK,Larynx,Alive,,68.0,,,No,No,No,1.0,1.0,542.0,542.0,IVA,hnsc
TCGA-QK-AA3J,TCGA-QK-AA3J-01A-01-TS1.pkl,Stage I,466.0,QK,Larynx,Alive,,69.0,,,No,No,No,1.0,1.0,466.0,466.0,I,hnsc
TCGA-QK-AA3K,TCGA-QK-AA3K-01A-01-TS1.pkl,Stage IVA,253.0,QK,Other and unspecified parts of tongue,Alive,,60.0,,,No,No,No,1.0,1.0,253.0,253.0,IVA,hnsc
TCGA-RS-A6TO,TCGA-RS-A6TO-01A-03-TSC.pkl,Stage IVA,387.0,RS,Other and unspecified parts of mouth,Dead,387.0,82.0,,338.0,Yes,No,Yes,0.0,1.0,387.0,387.0,IVA,hnsc
TCGA-RS-A6TP,TCGA-RS-A6TP-01A-01-TSA.pkl,Stage II,516.0,RS,Tonsil,Alive,,58.0,,,No,No,No,1.0,1.0,516.0,516.0,II,hnsc
TCGA-T2-A6X2,TCGA-T2-A6X2-01A-01-TS1.pkl,Stage III,987.0,T2,Gum,Alive,,82.0,,,No,No,No,1.0,1.0,987.0,987.0,III,hnsc
TCGA-T3-A92M,TCGA-T3-A92M-01A-03-TS3.pkl,Stage IVA,417.0,T3,Larynx,Alive,,52.0,417.0,,Yes,Yes,No,1.0,0.0,417.0,417.0,IVA,hnsc
TCGA-T3-A92N,TCGA-T3-A92N-01A-01-TS1.pkl,Stage IVA,95.0,T3,Floor of mouth,Dead,95.0,79.0,46.0,,Yes,Yes,No,0.0,0.0,95.0,46.0,IVA,hnsc
TCGA-TN-A7HI,TCGA-TN-A7HI-01A-01-TS1.pkl,Stage IVA,412.0,TN,Tonsil,Alive,,56.0,,,No,No,No,1.0,1.0,412.0,412.0,IVA,hnsc
TCGA-TN-A7HJ,TCGA-TN-A7HJ-01A-01-TS1.pkl,Stage IVA,403.0,TN,Larynx,Alive,,51.0,,,No,No,No,1.0,1.0,403.0,403.0,IVA,hnsc
TCGA-TN-A7HL,TCGA-TN-A7HL-01A-01-TSA.pkl,Stage IVA,619.0,TN,Hypopharynx,Alive,,59.0,,,No,No,No,1.0,1.0,619.0,619.0,IVA,hnsc
TCGA-UF-A718,TCGA-UF-A718-01A-02-TSB.pkl,Stage IVA,1971.0,UF,Larynx,Alive,,62.0,,,No,No,No,1.0,1.0,1971.0,1971.0,IVA,hnsc
TCGA-UF-A719,TCGA-UF-A719-01A-01-TS1.pkl,Stage II,1663.0,UF,Floor of mouth,Alive,,54.0,,,No,No,No,1.0,1.0,1663.0,1663.0,II,hnsc
TCGA-UF-A71A,TCGA-UF-A71A-01A-02-TS2.pkl,Stage IVA,86.0,UF,Floor of mouth,Dead,86.0,67.0,,,No,No,No,0.0,1.0,86.0,86.0,IVA,hnsc
TCGA-UF-A71B,TCGA-UF-A71B-01A-01-TS1.pkl,Stage IVA,1506.0,UF,Gum,Alive,,50.0,,,No,No,No,1.0,1.0,1506.0,1506.0,IVA,hnsc
TCGA-UF-A71D,TCGA-UF-A71D-01A-01-TSA.pkl,Stage IVA,1461.0,UF,Larynx,Alive,,54.0,,,No,No,No,1.0,1.0,1461.0,1461.0,IVA,hnsc
TCGA-UF-A71E,TCGA-UF-A71E-01A-03-TS3.pkl,Stage IVA,1504.0,UF,Floor of mouth,Dead,1504.0,63.0,,,No,No,No,0.0,1.0,1504.0,1504.0,IVA,hnsc
TCGA-UF-A7J9,TCGA-UF-A7J9-01A-01-TS1.pkl,Stage IVA,1358.0,UF,Larynx,Alive,,75.0,,,No,No,No,1.0,1.0,1358.0,1358.0,IVA,hnsc
TCGA-UF-A7JA,TCGA-UF-A7JA-01A-01-TS1.pkl,Stage IVA,2265.0,UF,Other and unspecified parts of mouth,Alive,,66.0,,,No,No,No,1.0,1.0,2265.0,2265.0,IVA,hnsc
TCGA-UF-A7JC,TCGA-UF-A7JC-01A-02-TSB.pkl,Stage IVA,546.0,UF,Floor of mouth,Dead,546.0,42.0,,229.0,Yes,No,Yes,0.0,1.0,546.0,546.0,IVA,hnsc
TCGA-UF-A7JD,TCGA-UF-A7JD-01A-01-TS1.pkl,Stage IVA,739.0,UF,Other and unspecified parts of mouth,Dead,739.0,71.0,,,No,No,No,0.0,1.0,739.0,739.0,IVA,hnsc
TCGA-UF-A7JF,TCGA-UF-A7JF-01A-01-TS1.pkl,Stage IVA,1686.0,UF,Larynx,Alive,,80.0,,,No,No,No,1.0,1.0,1686.0,1686.0,IVA,hnsc
TCGA-UF-A7JH,TCGA-UF-A7JH-01A-02-TSB.pkl,Stage IVA,896.0,UF,Larynx,Alive,,59.0,,,No,No,No,1.0,1.0,896.0,896.0,IVA,hnsc
TCGA-UF-A7JJ,TCGA-UF-A7JJ-01A-01-TS1.pkl,Stage IVA,549.0,UF,Larynx,Alive,,68.0,,,No,No,No,1.0,1.0,549.0,549.0,IVA,hnsc
TCGA-UF-A7JK,TCGA-UF-A7JK-01A-01-TS1.pkl,Stage IVA,424.0,UF,Larynx,Dead,424.0,59.0,,341.0,Yes,No,Yes,0.0,1.0,424.0,424.0,IVA,hnsc
TCGA-UF-A7JO,TCGA-UF-A7JO-01A-01-TS1.pkl,Stage IVA,631.0,UF,Floor of mouth,Dead,631.0,79.0,,525.0,Yes,No,Yes,0.0,1.0,631.0,631.0,IVA,hnsc
TCGA-UF-A7JS,TCGA-UF-A7JS-01A-01-TSA.pkl,Stage IVA,680.0,UF,Other and unspecified parts of tongue,Dead,680.0,59.0,,519.0,Yes,No,Yes,0.0,1.0,680.0,680.0,IVA,hnsc
TCGA-UF-A7JT,TCGA-UF-A7JT-01A-01-TSA.pkl,Stage IVA,993.0,UF,Floor of mouth,Dead,993.0,72.0,718.0,,Yes,Yes,No,0.0,0.0,993.0,718.0,IVA,hnsc
TCGA-UF-A7JV,TCGA-UF-A7JV-01A-01-TS1.pkl,Stage IVA,90.0,UF,Hypopharynx,Dead,90.0,62.0,,55.0,Yes,No,Yes,0.0,1.0,90.0,90.0,IVA,hnsc
TCGA-WA-A7H4,TCGA-WA-A7H4-01A-02-TS2.pkl,Stage II,443.0,WA,Other and unspecified parts of tongue,Alive,,69.0,,,No,No,No,1.0,1.0,443.0,443.0,II,hnsc
